ts_code,trade_date,close,open,high,low,pre_close,change,pct_chg,vol,amount,name
000001.SH,20260717,3764.1547,3865.3165,3869.2148,3745.1744,3882.4126,-118.2579,-3.046,650450984.0,1246445452.8363,上证指数
000001.SH,20260716,3882.4126,3912.3812,3940.4505,3867.6012,3955.5781,-73.1655,-1.8497,535281873.0,1124208166.2138,上证指数
000001.SH,20260715,3955.5781,3963.7267,3981.6716,3943.6953,3967.1262,-11.5481,-0.2911,576209492.0,1226298269.8972,上证指数
000001.SH,20260714,3967.1262,3909.274,3967.1262,3869.3042,3913.794,53.3322,1.3627,579982052.0,1271796839.6785,上证指数
000001.SH,20260713,3913.794,3966.0234,3983.0535,3900.6676,3996.1616,-82.3676,-2.0612,590907356.0,1334871933.909,上证指数
000001.SH,20260710,3996.1616,4031.5373,4074.828,3995.8072,4036.5879,-40.4263,-1.0015,627450065.0,1563108691.5427,上证指数
000001.SH,20260709,4036.5879,3977.5473,4040.5387,3938.8775,3970.8797,65.7082,1.6548,553063980.0,1364176552.6206,上证指数
000001.SH,20260708,3970.8797,3996.8069,4016.0262,3967.9128,3990.2353,-19.3556,-0.4851,496229374.0,1192355798.2157,上证指数
000001.SH,20260707,3990.2353,4019.4942,4028.5139,3971.7126,4041.2382,-51.0029,-1.2621,514453091.0,1196371087.8944,上证指数
000001.SH,20260706,4041.2382,4059.1941,4060.0688,4005.4137,4043.6432,-2.405,-0.0595,590364903.0,1432112821.0992,上证指数
000001.SH,20260703,4043.6432,4031.3351,4073.8802,4027.2553,4028.9038,14.7394,0.3658,602009738.0,1465563104.8537,上证指数
000001.SH,20260702,4028.9038,4054.0857,4093.6777,4019.2147,4112.4453,-83.5415,-2.0314,656233612.0,1577183734.7467,上证指数
000001.SH,20260701,4112.4453,4090.7598,4143.3135,4087.5354,4094.3972,18.0481,0.4408,672331791.0,1698487572.3128,上证指数
000001.SH,20260630,4094.3972,4058.1695,4097.415,4052.17,4073.9017,20.4955,0.5031,598412203.0,1530325961.7252,上证指数
000001.SH,20260629,4073.9017,4026.6858,4075.3343,3992.5522,4027.2648,46.6369,1.158,659199936.0,1666220369.4673,上证指数
000001.SH,20260626,4027.2648,4098.6864,4099.7796,4007.8593,4120.2806,-93.0158,-2.2575,660108666.0,1621195708.6597,上证指数
000001.SH,20260625,4120.2806,4103.4817,4133.0975,4093.0087,4110.8134,9.4672,0.2303,670459917.0,1618996555.0156,上证指数
000001.SH,20260624,4110.8134,4090.1001,4117.2848,4075.4921,4106.2517,4.5617,0.1111,644527518.0,1514193285.0004,上证指数
000001.SH,20260623,4106.2517,4153.593,4175.3476,4085.5908,4163.0965,-56.8448,-1.3654,709003913.0,1594542362.3801,上证指数
000001.SH,20260622,4163.0965,4093.9546,4164.4178,4070.1723,4090.4813,72.6152,1.7752,743699355.0,1704000421.6505,上证指数
000001.SH,20260618,4090.4813,4094.2301,4117.451,4080.2938,4108.0762,-17.5949,-0.4283,658116068.0,1560473972.7154,上证指数
000001.SH,20260617,4108.0762,4074.2913,4109.9579,4073.7319,4091.8917,16.1845,0.3955,608077413.0,1403145909.875,上证指数
000001.SH,20260616,4091.8917,4094.2124,4103.9259,4077.8702,4096.4717,-4.58,-0.1118,615668296.0,1369612989.6744,上证指数
000001.SH,20260615,4096.4717,4053.5822,4097.1657,4051.0651,4031.5129,64.9588,1.6113,678907811.0,1403586231.2391,上证指数
000001.SH,20260612,4031.5129,4017.8648,4060.271,4008.1769,3987.0147,44.4982,1.1161,743131092.0,1537401519.4247,上证指数
000001.SH,20260611,3987.0147,3979.7057,3997.4777,3958.4371,3993.2258,-6.2111,-0.1555,568545244.0,1185554610.7341,上证指数
000001.SH,20260610,3993.2258,3985.1244,4006.3127,3963.4417,4010.0307,-16.8049,-0.4191,598694739.0,1227070067.0914,上证指数
000001.SH,20260609,4010.0307,3977.5394,4010.8715,3955.908,3959.3378,50.6929,1.2803,576570090.0,1173088930.4133,上证指数
000001.SH,20260608,3959.3378,3938.7093,4007.493,3927.8527,4027.7362,-68.3984,-1.6982,659293555.0,1267277235.7119,上证指数
000001.SH,20260605,4027.7362,4044.8292,4078.9317,4015.0629,4057.7811,-30.0449,-0.7404,662918577.0,1363887868.5149,上证指数
000001.SH,20260604,4057.7811,4053.6702,4080.7178,4043.4331,4083.974,-26.1929,-0.6414,621194774.0,1274652182.4071,上证指数
000001.SH,20260603,4083.974,4068.3408,4107.0458,4059.9067,4075.1016,8.8724,0.2177,668452583.0,1429755844.6078,上证指数
000001.SH,20260602,4075.1016,4061.4629,4089.5747,4032.5826,4057.74,17.3616,0.4279,642244656.0,1280966176.1609,上证指数
000001.SH,20260601,4057.74,4067.1578,4093.0405,4045.6898,4068.5691,-10.8291,-0.2662,676025806.0,1319801913.9509,上证指数
000001.SH,20260529,4068.5691,4110.5212,4112.9553,4055.8861,4098.6358,-30.0667,-0.7336,731597710.0,1532067352.9818,上证指数
000001.SH,20260528,4098.6358,4080.3044,4110.7821,4055.8275,4093.7266,4.9092,0.1199,621179950.0,1361325732.8784,上证指数
000001.SH,20260527,4093.7266,4138.8053,4153.5614,4077.616,4145.373,-51.6464,-1.2459,660467399.0,1473449050.9979,上证指数
000001.SH,20260526,4145.373,4137.3196,4150.2888,4104.4593,4152.5686,-7.1956,-0.1733,654777756.0,1461685377.7477,上证指数
000001.SH,20260525,4152.5686,4126.3376,4153.8788,4119.7996,4112.8996,39.669,0.9645,615930861.0,1445655378.3924,上证指数
000001.SH,20260522,4112.8996,4096.1723,4120.0875,4067.7471,4077.2765,35.6231,0.8737,589459644.0,1285847521.7372,上证指数
000001.SH,20260521,4077.2765,4174.3772,4199.5269,4074.2167,4162.1845,-84.908,-2.04,727218701.0,1595726694.7148,上证指数
000001.SH,20260520,4162.1845,4152.6984,4169.8468,4139.9744,4169.5378,-7.3533,-0.1764,624152035.0,1358926939.2202,上证指数
000001.SH,20260519,4169.5378,4122.9608,4170.2887,4107.9944,4131.5276,38.0102,0.92,617611067.0,1306522478.0073,上证指数
000001.SH,20260518,4131.5276,4120.1401,4145.6612,4108.6044,4135.3894,-3.8618,-0.0934,627233137.0,1315084195.4472,上证指数
000001.SH,20260515,4135.3894,4174.175,4191.8068,4114.0856,4177.9175,-42.5281,-1.0179,733162357.0,1519240026.4587,上证指数
000001.SH,20260514,4177.9175,4256.1569,4258.8631,4177.9175,4242.572,-64.6545,-1.5239,764235004.0,1498116800.6216,上证指数
000001.SH,20260513,4242.572,4192.3145,4245.0684,4192.3145,4214.4891,28.0829,0.6663,705018739.0,1447463947.6851,上证指数
000001.SH,20260512,4214.4891,4229.2833,4230.1839,4199.344,4225.0207,-10.5316,-0.2493,718984002.0,1465272590.5791,上证指数
000001.SH,20260511,4225.0207,4201.3465,4229.5795,4186.0819,4179.9524,45.0683,1.0782,762736287.0,1584366746.2392,上证指数
000001.SH,20260508,4179.9524,4163.8537,4183.0631,4154.2456,4180.0922,-0.1398,-0.0033,697019094.0,1331673066.1308,上证指数
000001.SH,20260507,4180.0922,4168.4467,4180.2099,4163.1365,4160.1737,19.9185,0.4788,685574249.0,1359099509.9785,上证指数
000001.SH,20260506,4160.1737,4135.4505,4166.1469,4129.9108,4112.1593,48.0144,1.1676,701177480.0,1465903193.4,上证指数
000001.SH,20260430,4112.1593,4107.2974,4118.7552,4100.9656,4107.5144,4.6449,0.1131,656912728.0,1276194739.0575,上证指数
000001.SH,20260429,4107.5144,4061.8221,4112.1518,4061.8221,4078.6374,28.877,0.708,614221451.0,1126615371.0646,上证指数
000001.SH,20260428,4078.6374,4076.1431,4090.2014,4062.872,4086.3442,-7.7068,-0.1886,600507498.0,1113955561.9355,上证指数
000001.SH,20260427,4086.3442,4074.8109,4092.8305,4071.0803,4079.9004,6.4438,0.1579,589950867.0,1136051921.7098,上证指数
000001.SH,20260424,4079.9004,4081.0326,4092.6131,4061.1453,4093.2501,-13.3497,-0.3261,605031798.0,1143000195.131,上证指数
000001.SH,20260423,4093.2501,4110.7883,4114.8443,4070.4598,4106.2581,-13.008,-0.3168,671166092.0,1234396207.6192,上证指数
000001.SH,20260422,4106.2581,4074.8131,4106.8441,4074.6796,4085.0766,21.1815,0.5185,582466346.0,1093625892.3736,上证指数
000001.SH,20260421,4085.0766,4075.8454,4086.6369,4062.1326,4082.1271,2.9495,0.0723,576689450.0,1033349016.2144,上证指数
000001.SH,20260420,4082.1271,4053.3745,4083.1902,4051.685,4051.4254,30.7017,0.7578,589841379.0,1084578006.427,上证指数
000001.SH,20260417,4051.4254,4043.3813,4058.6041,4038.4287,4055.5468,-4.1214,-0.1016,548791406.0,1013520660.2311,上证指数
000001.SH,20260416,4055.5468,4030.1378,4057.8314,4028.9086,4027.2095,28.3373,0.7036,545876967.0,976565489.6545,上证指数
000001.SH,20260415,4027.2095,4039.4711,4050.6208,4020.9039,4026.6256,0.5839,0.0145,569458589.0,1028851871.4524,上证指数
000001.SH,20260414,4026.6256,4006.7267,4026.6256,3992.4071,3988.558,38.0676,0.9544,570259003.0,998435132.0197,上证指数
000001.SH,20260413,3988.558,3971.1985,3991.2622,3966.1981,3986.2247,2.3333,0.0585,545781768.0,919436481.788,上证指数
000001.SH,20260410,3986.2247,3985.464,4011.0243,3979.814,3966.1712,20.0535,0.5056,546415541.0,955664107.2136,上证指数
000001.SH,20260409,3966.1712,3967.6296,3979.1271,3955.2458,3994.9975,-28.8263,-0.7216,541569801.0,902481840.1008,上证指数
000001.SH,20260408,3994.9975,3930.2507,3994.9975,3926.2489,3890.1645,104.833,2.6948,644135352.0,1074211701.2704,上证指数
000001.SH,20260407,3890.1645,3884.1505,3902.6065,3875.6843,3880.0967,10.0678,0.2595,473615076.0,723905837.2612,上证指数
000001.SH,20260403,3880.0967,3927.5923,3929.5285,3871.3004,3919.2852,-39.1885,-0.9999,492699082.0,713830332.0601,上证指数
000001.SH,20260402,3919.2852,3940.7989,3952.5761,3900.1164,3948.5521,-29.2669,-0.7412,544212835.0,811896566.9717,上证指数
000001.SH,20260401,3948.5521,3939.5658,3955.943,3929.9213,3891.8605,56.6916,1.4567,564611598.0,897278213.909,上证指数
000001.SH,20260331,3891.8605,3924.067,3948.8107,3891.8605,3923.2869,-31.4264,-0.801,606704983.0,891945339.5537,上证指数
000001.SH,20260330,3923.2869,3884.2769,3924.2893,3872.7756,3913.7238,9.5631,0.2443,595589479.0,839822434.6653,上证指数
000001.SH,20260327,3913.7238,3852.0936,3924.1075,3852.0936,3889.0835,24.6403,0.6336,561342963.0,799696430.8856,上证指数
000001.SH,20260326,3889.0835,3924.9621,3937.1041,3880.5729,3931.8375,-42.754,-1.0874,615973981.0,848361335.0723,上证指数
000001.SH,20260325,3931.8375,3892.269,3933.0613,3891.8159,3881.2797,50.5578,1.3026,688343626.0,967854261.2445,上证指数
000001.SH,20260324,3881.2797,3849.6312,3881.4236,3807.9937,3813.2829,67.9968,1.7832,680622039.0,931418842.7114,上证指数
000001.SH,20260323,3813.2829,3904.9513,3906.622,3794.6844,3957.0527,-143.7698,-3.6333,804738850.0,1086248286.0136,上证指数
000001.SH,20260320,3957.0527,4004.5732,4022.7033,3955.7113,4006.5523,-49.4996,-1.2355,666798387.0,964863108.6287,上证指数
000001.SH,20260319,4006.5523,4028.542,4042.0221,3994.1651,4062.9844,-56.4321,-1.3889,667255422.0,935264956.1067,上证指数
000001.SH,20260318,4062.9844,4053.3052,4065.3734,4023.0295,4049.9073,13.0771,0.3229,623873102.0,876327491.3596,上证指数
000001.SH,20260317,4049.9073,4086.2953,4108.4,4049.5801,4084.7858,-34.8785,-0.8539,678771224.0,951228129.2607,上证指数
000001.SH,20260316,4084.7858,4092.2491,4096.1333,4048.0866,4095.4485,-10.6627,-0.2604,732227098.0,1037223833.9626,上证指数
000001.SH,20260313,4095.4485,4117.5738,4134.0794,4086.8469,4129.1026,-33.6541,-0.815,792054764.0,1063918169.3964,上证指数
000001.SH,20260312,4129.1026,4133.1996,4141.6488,4103.1636,4133.4331,-4.3305,-0.1048,786151182.0,1078215329.7731,上证指数
000001.SH,20260311,4133.4331,4123.6663,4135.8392,4112.7998,4123.138,10.2951,0.2497,707727169.0,1063600874.3943,上证指数
000001.SH,20260310,4123.138,4098.5869,4123.9578,4098.5869,4096.6023,26.5357,0.6477,674922194.0,1036427205.2934,上证指数
000001.SH,20260309,4096.6023,4098.6987,4106.5336,4052.5454,4124.194,-27.5917,-0.669,797803556.0,1194106193.2084,上证指数
000001.SH,20260306,4124.194,4085.8954,4129.4647,4085.8954,4108.567,15.627,0.3804,646765760.0,978805927.0539,上证指数
000001.SH,20260305,4108.567,4109.777,4125.6166,4090.6213,4082.474,26.093,0.6391,689746535.0,1068043734.805,上证指数
000001.SH,20260304,4082.474,4087.632,4106.0397,4055.4125,4122.676,-40.202,-0.9751,765169531.0,1113081986.0775,上证指数
000001.SH,20260303,4122.676,4189.4079,4197.228,4116.011,4182.5909,-59.9149,-1.4325,921139170.0,1425790202.3362,上证指数
000001.SH,20260302,4182.5909,4151.8011,4188.7702,4131.3676,4162.8815,19.7094,0.4735,861579218.0,1345892469.3952,上证指数
000001.SH,20260227,4162.8815,4128.8974,4166.2344,4128.36,4146.6311,16.2504,0.3919,682047646.0,1072367831.6098,上证指数
000001.SH,20260226,4146.6311,4151.068,4152.1926,4127.1531,4147.2305,-0.5994,-0.0145,651702826.0,1067198717.4341,上证指数
000001.SH,20260225,4147.2305,4123.7808,4167.8438,4122.6987,4117.4089,29.8216,0.7243,724787214.0,1085969561.1741,上证指数
000001.SH,20260224,4117.4089,4129.1338,4131.5499,4105.9369,4082.0726,35.3363,0.8656,566322249.0,938611375.9998,上证指数
000001.SH,20260213,4082.0726,4115.9243,4123.8443,4079.7702,4134.0178,-51.9452,-1.2565,500799472.0,846808337.4621,上证指数
000001.SH,20260212,4134.0178,4136.99,4140.5931,4124.1308,4131.985,2.0328,0.0492,529370116.0,897955034.8388,上证指数
000001.SH,20260211,4131.985,4124.4277,4142.5612,4122.4283,4128.3731,3.6119,0.0875,500685278.0,822607547.2508,上证指数
000001.SH,20260210,4128.3731,4127.7658,4134.3382,4117.5635,4123.0897,5.2834,0.1281,524620969.0,882201747.0438,上证指数
000001.SH,20260209,4123.0897,4103.5396,4123.1587,4093.0561,4065.5834,57.5063,1.4145,572632582.0,949726335.9658,上证指数
000001.SH,20260206,4065.5834,4040.2992,4095.0303,4029.9731,4075.9167,-10.3333,-0.2535,556709801.0,898655032.959,上证指数
000001.SH,20260205,4075.9167,4075.0254,4088.9041,4048.939,4102.202,-26.2853,-0.6408,596722236.0,946988891.2706,上证指数
000001.SH,20260204,4102.202,4064.6772,4104.6207,4062.6825,4067.7379,34.4641,0.8473,674254244.0,1063544769.9283,上证指数
000001.SH,20260203,4067.7379,4043.9061,4069.4179,4002.782,4015.7464,51.9915,1.2947,637684249.0,1110720213.0163,上证指数
000001.SH,20260202,4015.7464,4079.7075,4103.4073,4013.6557,4117.9476,-102.2012,-2.4818,732953698.0,1163532654.1618,上证指数
000001.SH,20260130,4117.9476,4131.9929,4152.8501,4064.7769,4157.9845,-40.0369,-0.9629,804342746.0,1269855689.0279,上证指数
000001.SH,20260129,4157.9845,4155.9185,4170.2138,4138.2992,4151.2378,6.7467,0.1625,905908371.0,1485795395.4162,上证指数
000001.SH,20260128,4151.2378,4150.2152,4170.1468,4138.0188,4139.9041,11.3337,0.2738,823026748.0,1365526057.112,上证指数
000001.SH,20260127,4139.9041,4125.2155,4158.8019,4101.8299,4132.6052,7.2989,0.1766,754990869.0,1289432378.9454,上证指数
000001.SH,20260126,4132.6052,4144.7782,4160.9852,4124.7004,4136.1642,-3.559,-0.086,887439731.0,1451859840.0273,上证指数
000001.SH,20260123,4136.1642,4130.1076,4143.7498,4120.204,4122.576,13.5882,0.3296,782115454.0,1336857054.8376,上证指数
000001.SH,20260122,4122.576,4126.0717,4140.8378,4109.9232,4116.94,5.636,0.1369,709695409.0,1201764210.2374,上证指数
000001.SH,20260121,4116.94,4103.5291,4135.9585,4103.5291,4113.649,3.291,0.08,666989507.0,1180184557.0062,上证指数
000001.SH,20260120,4113.649,4116.3659,4128.9304,4080.2938,4114.0001,-0.3511,-0.0085,734362496.0,1221485626.2085,上证指数
000001.SH,20260119,4114.0001,4090.7185,4126.5175,4090.0567,4101.9127,12.0874,0.2947,688905870.0,1190137813.599,上证指数
000001.SH,20260116,4101.9127,4127.0632,4140.2251,4091.8106,4112.6012,-10.6885,-0.2599,763588465.0,1338017280.024,上证指数
000001.SH,20260115,4112.6012,4106.2241,4133.0726,4096.8496,4126.0932,-13.492,-0.327,680250791.0,1175915097.3961,上证指数
000001.SH,20260114,4126.0932,4138.6454,4190.8663,4103.6205,4138.7585,-12.6653,-0.306,952551289.0,1607041237.7679,上证指数
000001.SH,20260113,4138.7585,4169.7041,4179.702,4126.2343,4165.287,-26.5285,-0.6369,868382717.0,1481574218.6134,上证指数
000001.SH,20260112,4165.287,4134.893,4168.3569,4119.8793,4120.426,44.861,1.0887,839456089.0,1446230122.0053,上证指数
000001.SH,20260109,4120.426,4086.7624,4121.7226,4083.6155,4082.9788,37.4472,0.9172,729837985.0,1289205972.2632,上证指数
000001.SH,20260108,4082.9788,4077.715,4093.8718,4067.1216,4085.7723,-2.7935,-0.0684,666131337.0,1183188755.9514,上证指数
000001.SH,20260107,4085.7723,4083.843,4098.7771,4069.4358,4083.6672,2.1051,0.0515,683384352.0,1197422798.2767,上证指数
000001.SH,20260106,4083.6672,4026.0158,4083.6672,4025.088,4023.4167,60.2505,1.4975,702472270.0,1175768705.035,上证指数
000001.SH,20260105,4023.4167,3986.9721,4025.2632,3983.5759,3968.8401,54.5766,1.3751,596950455.0,1067334169.2015,上证指数
000001.SH,20251231,3968.8401,3968.7256,3977.5358,3955.4871,3965.1159,3.7242,0.0939,490751490.0,829511897.4949,上证指数
000001.SH,20251230,3965.1159,3947.8707,3979.9901,3947.4187,3965.2796,-0.1637,-0.0041,525932588.0,887533318.5884,上证指数
399001.SZ,20260717,13706.8841,14348.2151,14350.4678,13586.4888,14488.6541,-781.77,-5.3957,296374862.41,874338468.4,深证成指
399001.SZ,20260716,14488.6541,14497.429,14780.4599,14386.414,14779.3965,-290.7424,-1.9672,258370677.87,793796663.76892,深证成指
399001.SZ,20260715,14779.3965,14970.7702,15041.3297,14741.8006,14924.8678,-145.4713,-0.9747,275049564.89,838836913.5888,深证成指
399001.SZ,20260714,14924.8678,14532.3647,14924.8678,14338.357,14522.8547,402.0131,2.7681,280027607.75,920252976.47781,深证成指
399001.SZ,20260713,14522.8547,14908.9846,14997.0721,14437.0714,15046.6695,-523.8148,-3.4813,293238342.77,904460144.99279,深证成指
399001.SZ,20260710,15046.6695,15480.4066,15581.9435,15046.6695,15398.7281,-352.0586,-2.2863,344817856.68,1144121455.10205,深证成指
399001.SZ,20260709,15398.7281,15038.4698,15419.1162,14781.2431,14939.7268,459.0013,3.0724,303196424.6,985620317.67891,深证成指
399001.SZ,20260708,14939.7268,15269.8211,15292.1224,14907.6245,15225.1136,-285.3868,-1.8744,275370811.27,843990144.12678,深证成指
399001.SZ,20260707,15225.1136,15345.393,15461.3666,15081.9231,15416.804,-191.6904,-1.2434,278538746.78,827937999.36613,深证成指
399001.SZ,20260706,15416.804,15677.933,15749.356,15288.4931,15597.5116,-180.7076,-1.1586,313119495.91,978797752.86466,深证成指
399001.SZ,20260703,15597.5116,15480.1174,15823.0538,15432.8927,15498.8101,98.7015,0.6368,318409357.8,1022040583.09437,深证成指
399001.SZ,20260702,15498.8101,15729.9232,15886.6985,15453.5201,16119.1683,-620.3582,-3.8486,368394781.23,1124131693.35263,深证成指
399001.SZ,20260701,16119.1683,16226.9742,16332.4801,15988.4171,16205.5565,-86.3882,-0.5331,368250001.08,1177741166.14525,深证成指
399001.SZ,20260630,16205.5565,15811.6684,16232.2326,15809.651,15812.8707,392.6858,2.4833,317272721.7,1063169860.10347,深证成指
399001.SZ,20260629,15812.8707,15781.7861,15938.2318,15487.9244,15782.2229,30.6478,0.1942,338026072.53,1129478308.0288,深证成指
399001.SZ,20260626,15782.2229,16211.4062,16215.4486,15728.8391,16344.0829,-561.86,-3.4377,365644475.55,1193276496.06139,深证成指
399001.SZ,20260625,16344.0829,16099.7627,16359.6203,16058.8501,16051.3193,292.7636,1.8239,349452355.15,1210442161.80501,深证成指
399001.SZ,20260624,16051.3193,15782.3995,16068.4067,15730.1633,15854.1963,197.123,1.2433,319618332.54,1052612988.2318,深证成指
399001.SZ,20260623,15854.1963,16324.2424,16355.9517,15756.411,16372.4987,-518.3024,-3.1657,325766520.87,1103867403.65039,深证成指
399001.SZ,20260622,16372.4987,16095.6286,16374.0199,15914.0516,16030.7024,341.7963,2.1321,367668659.04,1231455418.04261,深证成指
399001.SZ,20260618,16030.7024,15826.7944,16104.7674,15825.3165,15880.9507,149.7517,0.943,325175628.83,1053324632.76243,深证成指
399001.SZ,20260617,15880.9507,15569.9231,15885.4916,15569.9231,15675.2457,205.705,1.3123,281815788.89,982466989.78074,深证成指
399001.SZ,20260616,15675.2457,15584.3702,15761.0035,15537.5027,15531.1095,144.1362,0.928,295210505.06,1003044963.03641,深证成指
399001.SZ,20260615,15531.1095,15153.1824,15531.1095,15055.9492,14963.4073,567.7022,3.7939,315250073.21,974939172.40398,深证成指
399001.SZ,20260612,14963.4073,15149.5195,15171.2236,14943.4331,14851.9751,111.4322,0.7503,320014647.52,947154317.9898,深证成指
399001.SZ,20260611,14851.9751,14889.5674,15062.7476,14706.0861,14954.1008,-102.1257,-0.6829,256206861.24,742593102.15977,深证成指
399001.SZ,20260610,14954.1008,15062.5077,15149.3693,14817.1113,15268.7147,-314.6139,-2.0605,266202968.05,747548472.18923,深证成指
399001.SZ,20260609,15268.7147,14992.5473,15274.7164,14846.5535,14821.1861,447.5286,3.0195,274126203.31,804352030.56789,深证成指
399001.SZ,20260608,14821.1861,14835.3692,15137.7523,14681.642,15314.7002,-493.5141,-3.2225,305282710.86,832755571.94421,深证成指
399001.SZ,20260605,15314.7002,15595.6953,15710.1435,15243.5062,15661.574,-346.8738,-2.2148,319370825.09,947599856.07925,深证成指
399001.SZ,20260604,15661.574,15540.0634,15745.1873,15517.935,15704.7108,-43.1368,-0.2747,280788311.35,825166010.82847,深证成指
399001.SZ,20260603,15704.7108,15646.685,15962.3649,15542.6561,15591.1282,113.5826,0.7285,316955405.72,969401019.6015,深证成指
399001.SZ,20260602,15591.1282,15410.7046,15664.3878,15203.7967,15340.3562,250.772,1.6347,276107452.22,840274550.11042,深证成指
399001.SZ,20260601,15340.3562,15601.03,15717.4546,15316.0221,15575.1338,-234.7776,-1.5074,297417676.24,877135600.25659,深证成指
399001.SZ,20260529,15575.1338,15957.1152,15981.93,15492.8435,15861.891,-286.7572,-1.8078,332219228.88,994563919.85227,深证成指
399001.SZ,20260528,15861.891,15691.1621,15889.8319,15504.7867,15736.4688,125.4222,0.797,291530393.84,891054337.30265,深证成指
399001.SZ,20260527,15736.4688,15868.902,16047.4067,15656.6511,15876.1628,-139.694,-0.8799,331195294.6,1016579292.2486,深证成指
399001.SZ,20260526,15876.1628,15786.8178,15894.5462,15662.1602,15856.6102,19.5526,0.1233,325397241.66,994889197.34701,深证成指
399001.SZ,20260525,15856.6102,15716.3889,15857.0813,15547.159,15597.2969,259.3133,1.6626,298504515.79,951765933.24617,深证成指
399001.SZ,20260522,15597.2969,15382.2934,15624.9708,15295.5662,15247.2702,350.0267,2.2957,307956818.95,872884698.39427,深证成指
399001.SZ,20260521,15247.2702,15707.9553,15894.3033,15232.5963,15569.979,-322.7088,-2.0726,318745844.48,998662995.02491,深证成指
399001.SZ,20260520,15569.979,15487.4267,15622.2137,15426.3775,15569.9072,0.0718,0.0005,245674906.38,818069378.74204,深证成指
399001.SZ,20260519,15569.9072,15469.3597,15585.0358,15221.3497,15530.2295,39.6777,0.2555,257299360.1,816462941.51675,深证成指
399001.SZ,20260518,15530.2295,15465.3016,15658.1113,15419.038,15561.372,-31.1425,-0.2001,254575048.52,818078354.07848,深证成指
399001.SZ,20260515,15561.372,15753.192,15855.5536,15447.4004,15745.736,-184.364,-1.1709,299148939.72,976307044.56782,深证成指
399001.SZ,20260514,15745.736,16202.2151,16207.7519,15745.736,16089.7491,-344.0131,-2.1381,300440514.75,982390053.70875,深证成指
399001.SZ,20260513,16089.7491,15713.5418,16100.456,15713.5418,15824.9211,264.828,1.6735,280524370.53,929578156.16553,深证成指
399001.SZ,20260512,15824.9211,15952.7913,15952.7913,15711.2706,15899.302,-74.3809,-0.4678,288646744.7,922504824.16562,深证成指
399001.SZ,20260511,15899.302,15697.4401,15921.6522,15622.332,15563.7971,335.5049,2.1557,320659262.36,1031537879.68131,深证成指
399001.SZ,20260508,15563.7971,15520.3808,15639.3878,15466.8377,15641.8855,-78.0884,-0.4992,281110534.36,871641982.78168,深证成指
399001.SZ,20260507,15641.8855,15541.2962,15652.582,15439.4844,15459.6166,182.2689,1.179,291709239.78,935878306.83091,深证成指
399001.SZ,20260506,15459.6166,15323.1925,15534.6661,15254.9875,15107.5532,352.0634,2.3304,296238899.5,948092287.67323,深证成指
399001.SZ,20260430,15107.5532,15157.0678,15186.12,15044.8554,15120.9227,-13.3695,-0.0884,266766107.98,781687705.67136,深证成指
399001.SZ,20260429,15120.9227,14751.4182,15139.7114,14751.4182,14830.4552,290.4675,1.9586,259770447.36,778947820.4957,深证成指
399001.SZ,20260428,14830.4552,14925.2171,14943.355,14772.4644,14995.7483,-165.2931,-1.1023,239113325.03,738147411.21169,深证成指
399001.SZ,20260427,14995.7483,14960.024,15054.4595,14919.216,14940.3003,55.448,0.3711,236735350.02,778699190.13233,深证成指
399001.SZ,20260424,14940.3003,14951.7408,15033.671,14795.2208,15043.4494,-103.1491,-0.6857,237387575.69,814520089.65409,深证成指
399001.SZ,20260423,15043.4494,15234.2164,15248.4311,14934.6762,15177.2862,-133.8368,-0.8818,254054688.54,819802009.74596,深证成指
399001.SZ,20260422,15177.2862,14897.9633,15182.8216,14897.9633,14982.1397,195.1465,1.3025,236137180.53,758953704.0825,深证成指
399001.SZ,20260421,14982.1397,14920.3838,15017.7505,14774.0764,14966.7468,15.3929,0.1028,229945966.78,686202588.93452,深证成指
399001.SZ,20260420,14966.7468,14870.8999,15006.9171,14845.9701,14885.4159,81.3309,0.5464,252020001.25,777601790.10708,深证成指
399001.SZ,20260417,14885.4159,14806.2803,14916.3921,14787.8697,14796.3345,89.0814,0.6021,224484193.32,727285103.73645,深证成指
399001.SZ,20260416,14796.3345,14546.3529,14807.1617,14522.8604,14498.4546,297.8799,2.0546,225160173.66,692826991.59871,深证成指
399001.SZ,20260415,14498.4546,14736.009,14738.5332,14440.2092,14639.9522,-141.4976,-0.9665,232031960.41,716463751.41524,深证成指
399001.SZ,20260414,14639.9522,14514.6879,14640.7688,14463.93,14407.8639,232.0883,1.6108,236780759.73,740367143.75469,深证成指
399001.SZ,20260413,14407.8639,14233.1117,14440.2644,14233.1117,14309.4718,98.3921,0.6876,215252682.89,662334384.20004,深证成指
399001.SZ,20260410,14309.4718,14098.0161,14382.6103,14095.8821,13996.2652,313.2066,2.2378,236141056.2,744166904.27525,深证成指
399001.SZ,20260409,13996.2652,13928.4277,14058.0524,13891.4783,14042.4964,-46.2312,-0.3292,208903268.48,616937236.15764,深证成指
399001.SZ,20260408,14042.4964,13717.2209,14042.4964,13694.9102,13400.412,642.0844,4.7915,255636876.93,699450503.9835,深证成指
399001.SZ,20260407,13400.412,13392.9421,13476.0788,13305.5071,13352.9043,47.5077,0.3558,156956160.94,413414393.60709,深证成指
399001.SZ,20260403,13352.9043,13553.6533,13558.9095,13345.6104,13486.9362,-134.0319,-0.9938,165133337.54,434505876.86265,深证成指
399001.SZ,20260402,13486.9362,13658.2548,13680.6305,13418.4985,13706.5199,-219.5837,-1.602,186820502.44,476276648.65505,深证成指
399001.SZ,20260401,13706.5199,13731.3871,13740.9745,13603.7852,13478.0554,228.4645,1.6951,202439853.52,535907141.5477,深证成指
399001.SZ,20260331,13478.0554,13683.6809,13783.9673,13478.0554,13726.1905,-248.1351,-1.8077,208067244.76,531382191.93973,深证成指
399001.SZ,20260330,13726.1905,13618.7935,13748.2073,13536.5611,13760.369,-34.1785,-0.2484,210132073.79,528180775.67247,深证成指
399001.SZ,20260327,13760.369,13423.5125,13842.397,13419.3108,13606.4432,153.9258,1.1313,204452380.65,524594947.43742,深证成指
399001.SZ,20260326,13606.4432,13756.87,13853.0962,13573.1205,13801.0008,-194.5576,-1.4097,218253360.64,543750806.57187,深证成指
399001.SZ,20260325,13801.0008,13669.0523,13835.031,13666.842,13536.5556,264.4452,1.9536,244234582.18,609555284.54235,深证成指
399001.SZ,20260324,13536.5556,13514.6696,13536.5556,13169.2513,13345.5138,191.0418,1.4315,245007209.68,573155784.87432,深证成指
399001.SZ,20260323,13345.5138,13619.9444,13758.9743,13274.1767,13866.2022,-520.6884,-3.7551,301437168.32,696825417.18251,深证成指
399001.SZ,20260320,13866.2022,14021.4557,14144.9896,13856.4876,13901.5678,-35.3656,-0.2544,250083281.58,710871631.11851,深证成指
399001.SZ,20260319,13901.5678,14003.6982,14098.6916,13852.5958,14187.7963,-286.2285,-2.0174,228140961.37,601149358.27807,深证成指
399001.SZ,20260318,14187.7963,14108.9214,14203.9146,13944.3709,14039.7303,148.066,1.0546,214507996.39,598403370.54463,深证成指
399001.SZ,20260317,14039.7303,14370.4462,14400.3551,14039.5015,14307.5773,-267.847,-1.8721,241749667.02,635959774.54246,深证成指
399001.SZ,20260316,14307.5773,14291.1492,14320.0955,14097.8154,14280.7798,26.7975,0.1876,255962432.32,652825807.9201,深证成指
399001.SZ,20260313,14280.7798,14300.9245,14454.3066,14245.9586,14374.8711,-94.0913,-0.6546,268906280.78,670353436.39842,深证成指
399001.SZ,20260312,14374.8711,14457.6314,14478.0462,14245.7694,14465.4098,-90.5387,-0.6259,269844930.82,676986814.56765,深证成指
399001.SZ,20260311,14465.4098,14373.7396,14531.0232,14373.0104,14354.0736,111.3362,0.7756,269061464.15,717214360.90632,深证成指
399001.SZ,20260310,14354.0736,14239.301,14357.8183,14239.301,14067.5025,286.5711,2.0371,252798900.43,662370134.39405,深证成指
399001.SZ,20260309,14067.5025,13920.2864,14103.6306,13701.6701,14172.6271,-105.1246,-0.7417,294289767.78,714041261.63183,深证成指
399001.SZ,20260306,14172.6271,14015.5432,14212.8434,13969.341,14088.8384,83.7887,0.5947,240080112.43,562564246.98837,深证成指
399001.SZ,20260305,14088.8384,14160.1984,14202.7615,13999.7021,13917.752,171.0864,1.2293,262619473.48,637762797.54636,深证成指
399001.SZ,20260304,13917.752,13854.3743,14112.0206,13854.3743,14022.3914,-104.6394,-0.7462,258209484.18,606421840.80853,深证成指
399001.SZ,20260303,14022.3914,14498.6981,14526.0564,14007.6484,14465.7884,-443.397,-3.0651,341401242.33,846286904.10447,深证成指
399001.SZ,20260302,14465.7884,14327.6501,14509.6898,14285.6668,14495.0923,-29.3039,-0.2022,335160173.57,835173966.23896,深证成指
399001.SZ,20260227,14495.0923,14375.2502,14497.9569,14366.3499,14503.7865,-8.6942,-0.0599,288002338.54,712870192.85378,深证成指
399001.SZ,20260226,14503.7865,14495.858,14536.076,14408.8754,14475.8653,27.9212,0.1929,282813759.62,760324050.77388,深证成指
399001.SZ,20260225,14475.8653,14322.2424,14512.845,14314.1528,14291.5657,184.2996,1.2896,291335366.17,691780813.66924,深证成指
399001.SZ,20260224,14291.5657,14313.8625,14376.957,14214.4146,14100.1897,191.376,1.3573,254943689.64,628329327.83993,深证成指
399001.SZ,20260213,14100.1897,14188.3464,14258.8259,14092.8401,14282.9983,-182.8086,-1.2799,232123611.68,554538033.76497,深证成指
399001.SZ,20260212,14282.9983,14177.967,14296.4803,14177.2868,14160.9336,122.0647,0.862,253446131.91,611465295.23004,深证成指
399001.SZ,20260211,14160.9336,14186.6537,14250.3368,14156.1636,14210.6261,-49.6925,-0.3497,246356268.22,558800847.31586,深证成指
399001.SZ,20260210,14210.6261,14200.7561,14258.5145,14165.429,14208.4359,2.1902,0.0154,240722138.77,553766389.11124,深证成指
399001.SZ,20260209,14208.4359,14115.1407,14211.7039,14060.6674,13906.7345,301.7014,2.1695,238091295.4,612765548.86263,深证成指
399001.SZ,20260206,13906.7345,13801.0314,14065.7768,13726.8594,13952.7119,-45.9774,-0.3295,246826375.93,591273520.20326,深证成指
399001.SZ,20260205,13952.7119,14020.8394,14074.3569,13874.0175,14156.2738,-203.5619,-1.438,262547180.28,607834475.02536,深证成指
399001.SZ,20260204,14156.2738,14072.41,14173.7652,13958.0801,14127.1059,29.1679,0.2065,295972692.21,711451674.66756,深证成指
399001.SZ,20260203,14127.1059,13986.8946,14129.5971,13815.2286,13824.3512,302.7547,2.19,292305577.91,735273970.38168,深证成指
399001.SZ,20260202,13824.3512,14128.8678,14213.6125,13815.2819,14205.8925,-381.5413,-2.6858,294973098.83,740019183.95826,深证成指
399001.SZ,20260130,14205.8925,14214.1408,14291.574,13923.9548,14300.076,-94.1835,-0.6586,338786414.2,815845681.82461,深证成指
399001.SZ,20260129,14300.076,14332.7027,14418.0886,14252.1971,14342.8941,-42.8181,-0.2985,377335320.47,878672020.4767,深证成指
399001.SZ,20260128,14342.8941,14371.9551,14411.6511,14234.8859,14329.906,12.9881,0.0906,329222863.45,806742979.08947,深证成指
399001.SZ,20260127,14329.906,14283.7775,14403.5954,14105.1256,14316.6368,13.2692,0.0927,333496294.28,787108271.11692,深证成指
399001.SZ,20260126,14316.6368,14492.4249,14532.8964,14277.6704,14439.6584,-123.0216,-0.852,363464778.25,859626407.62047,深证成指
399001.SZ,20260123,14439.6584,14349.0114,14449.8402,14320.5143,14327.0451,112.6133,0.786,357982587.62,855579837.02413,深证成指
399001.SZ,20260122,14327.0451,14313.6345,14374.5106,14223.344,14255.125,71.9201,0.5045,275654041.96,736178892.34457,深证成指
399001.SZ,20260121,14255.125,14102.2116,14320.9354,14102.2116,14155.6283,99.4967,0.7029,267154690.7,689361853.58151,深证成指
399001.SZ,20260120,14155.6283,14307.5519,14337.1246,14033.2235,14294.0526,-138.4243,-0.9684,297402316.46,752312589.08776,深证成指
399001.SZ,20260119,14294.0526,14221.9257,14392.8752,14221.9257,14281.0801,12.9725,0.0908,278585792.19,737274784.24069,深证成指
399001.SZ,20260116,14281.0801,14374.5351,14424.3506,14257.5895,14306.7251,-25.645,-0.1793,305339128.05,837891488.90516,深证成指
399001.SZ,20260115,14306.7251,14158.6624,14328.5958,14155.4978,14248.5982,58.1269,0.4079,340878389.34,839752959.72705,深证成指
399001.SZ,20260114,14248.5982,14194.1123,14459.214,14099.9819,14169.3975,79.2007,0.559,458888436.41,1102507361.42086,深证成指
399001.SZ,20260113,14169.3975,14397.6849,14458.8846,14113.1735,14366.9078,-197.5103,-1.3748,386452941.51,999257129.01701,深证成指
399001.SZ,20260112,14366.9078,14186.8635,14391.2804,14089.5929,14120.1512,246.7566,1.7475,372866367.39,1007977517.99348,深证成指
399001.SZ,20260109,14120.1512,13917.7821,14139.5363,13917.7821,13959.4825,160.6687,1.151,334283033.13,841752188.05005,深证成指
399001.SZ,20260108,13959.4825,13971.892,14033.5937,13883.8078,14030.5582,-71.0757,-0.5066,313124765.43,759971501.37144,深证成指
399001.SZ,20260107,14030.5582,14062.0201,14111.1751,13935.5281,14022.552,8.0062,0.0571,316984741.23,814757404.68403,深证成指
399001.SZ,20260106,14022.552,13830.3028,14024.1192,13827.7928,13828.6296,193.9224,1.4023,352966194.74,835491744.47613,深证成指
399001.SZ,20260105,13828.6296,13633.634,13828.9672,13633.634,13525.0228,303.6068,2.2448,289550204.28,735590603.4652,深证成指
399001.SZ,20251231,13525.0228,13627.264,13642.5272,13491.675,13604.0673,-79.0445,-0.581,219038065.66,554452991.00277,深证成指
399001.SZ,20251230,13604.0673,13466.3044,13645.556,13465.6741,13537.0962,66.9711,0.4947,218382746.88,579047001.41559,深证成指
399006.SZ,20260717,3428.6298,3642.0568,3642.0568,3387.2594,3692.4573,-263.8275,-7.145,48153424.03,358504138.85742,创业板指
399006.SZ,20260716,3692.4573,3710.5069,3796.3456,3658.0684,3804.7038,-112.2465,-2.9502,41991283.51,285236187.75139,创业板指
399006.SZ,20260715,3804.7038,3879.7659,3905.3115,3794.3444,3851.1372,-46.4334,-1.2057,40007568.45,291978689.35711,创业板指
399006.SZ,20260714,3851.1372,3729.6129,3855.0347,3673.9586,3723.5166,127.6206,3.4274,40744813.08,341296657.28811,创业板指
399006.SZ,20260713,3723.5166,3809.8585,3855.7535,3691.2325,3842.7314,-119.2148,-3.1023,43381990.11,335587229.0176,创业板指
399006.SZ,20260710,3842.7314,4041.8593,4060.5332,3842.3475,4018.1744,-175.443,-4.3662,53486667.54,424191262.85386,创业板指
399006.SZ,20260709,4018.1744,3892.1234,4025.316,3812.6552,3845.3513,172.8231,4.4943,46000680.04,368265043.40112,创业板指
399006.SZ,20260708,3845.3513,3932.4198,3965.3879,3824.3295,3911.9075,-66.5562,-1.7014,42198034.08,324784236.54294,创业板指
399006.SZ,20260707,3911.9075,3931.4388,3976.114,3859.4262,3948.86,-36.9525,-0.9358,35509095.75,288763420.05795,创业板指
399006.SZ,20260706,3948.86,4050.876,4063.6309,3903.478,4019.9341,-71.0741,-1.768,41421818.32,346872243.11803,创业板指
399006.SZ,20260703,4019.9341,4010.8191,4115.6286,3985.363,4017.2735,2.6606,0.0662,45017606.27,370243740.6732,创业板指
399006.SZ,20260702,4017.2735,4135.3424,4168.8728,3999.5674,4260.7208,-243.4473,-5.7138,51499405.8,424667203.11141,创业板指
399006.SZ,20260701,4260.7208,4336.1611,4361.825,4222.2226,4342.7123,-81.9915,-1.888,55769708.87,468877142.34073,创业板指
399006.SZ,20260630,4342.7123,4217.6332,4353.1051,4205.7421,4216.6985,126.0138,2.9884,43449410.71,404917646.55278,创业板指
399006.SZ,20260629,4216.6985,4200.674,4265.4634,4103.6328,4194.2089,22.4896,0.5362,50106009.75,445936860.22942,创业板指
399006.SZ,20260626,4194.2089,4319.4094,4328.6995,4175.3771,4371.9891,-177.7802,-4.0663,48806791.53,461055509.001,创业板指
399006.SZ,20260625,4371.9891,4278.3393,4380.4125,4242.8633,4251.4244,120.5647,2.8359,51159690.8,485032390.86943,创业板指
399006.SZ,20260624,4251.4244,4181.9056,4257.2497,4161.5806,4192.1945,59.2299,1.4129,45331913.28,392635954.46995,创业板指
399006.SZ,20260623,4192.1945,4343.8755,4350.0633,4159.4762,4359.392,-167.1975,-3.8353,52376462.81,429692558.9345,创业板指
399006.SZ,20260622,4359.392,4272.9877,4359.392,4229.3149,4252.3903,107.0017,2.5163,58680744.02,492414870.92496,创业板指
399006.SZ,20260618,4252.3903,4153.6209,4272.0078,4153.6209,4167.0478,85.3425,2.048,43444854.27,400912357.82075,创业板指
399006.SZ,20260617,4167.0478,4061.2973,4168.1644,4058.6137,4102.9421,64.1057,1.5624,40248999.96,374395196.63971,创业板指
399006.SZ,20260616,4102.9421,4065.2708,4142.4326,4053.8784,4033.5349,69.4072,1.7208,44609657.31,383603681.45493,创业板指
399006.SZ,20260615,4033.5349,3896.167,4033.5349,3844.0802,3830.353,203.1819,5.3045,44332347.53,377348797.59471,创业板指
399006.SZ,20260612,3830.353,3921.0888,3921.5348,3822.4219,3811.246,19.107,0.5013,43564051.03,347261908.81333,创业板指
399006.SZ,20260611,3811.246,3839.1872,3910.278,3755.6132,3854.7935,-43.5475,-1.1297,32575962.42,263946265.12206,创业板指
399006.SZ,20260610,3854.7935,3897.73,3928.3596,3818.3123,3961.7493,-106.9558,-2.6997,32466886.06,252512751.00134,创业板指
399006.SZ,20260609,3961.7493,3865.6931,3962.8976,3823.7604,3811.7854,149.9639,3.9342,34449325.91,298262478.06899,创业板指
399006.SZ,20260608,3811.7854,3820.2306,3903.7742,3776.9267,3957.935,-146.1496,-3.6926,38163589.79,296119751.65811,创业板指
399006.SZ,20260605,3957.935,4079.9523,4105.2105,3933.0655,4088.884,-130.949,-3.2026,37480507.63,348530553.60993,创业板指
399006.SZ,20260604,4088.884,4072.5489,4114.2369,4051.1466,4122.987,-34.103,-0.8271,33403891.52,283629697.73651,创业板指
399006.SZ,20260603,4122.987,4089.0198,4218.3305,4063.2049,4055.8709,67.1161,1.6548,38482824.28,344720219.50656,创业板指
399006.SZ,20260602,4055.8709,3987.4066,4083.9248,3946.1081,3950.9432,104.9277,2.6558,36898822.56,303893720.64823,创业板指
399006.SZ,20260601,3950.9432,4057.3928,4081.4183,3942.6833,4037.951,-87.0078,-2.1548,39735915.17,308144723.6663,创业板指
399006.SZ,20260529,4037.951,4141.9138,4158.6938,4010.1195,4125.0749,-87.1239,-2.1121,43799437.08,354854135.08922,创业板指
399006.SZ,20260528,4125.0749,4042.0784,4135.3756,3971.7196,4045.7731,79.3018,1.9601,38326811.79,319253507.62721,创业板指
399006.SZ,20260527,4045.7731,4053.6752,4148.2339,4015.6499,4043.0658,2.7073,0.067,42256886.42,365236029.35695,创业板指
399006.SZ,20260526,4043.0658,4003.1332,4057.3694,3985.5127,4021.1602,21.9056,0.5448,42608205.77,350480272.01313,创业板指
399006.SZ,20260525,4021.1602,3974.9748,4022.737,3905.6946,3938.502,82.6582,2.0987,42167864.5,352637212.74382,创业板指
399006.SZ,20260522,3938.502,3875.8128,3948.989,3856.2068,3829.7786,108.7234,2.8389,40006014.53,318717998.97738,创业板指
399006.SZ,20260521,3829.7786,3962.3031,4017.809,3827.516,3921.7894,-92.0108,-2.3461,50233729.53,347733362.41216,创业板指
399006.SZ,20260520,3921.7894,3889.6789,3947.2204,3887.1546,3908.4374,13.352,0.3416,38707535.78,280574049.7787,创业板指
399006.SZ,20260519,3908.4374,3894.001,3918.3068,3808.47,3914.8753,-6.4379,-0.1644,41307106.11,295632722.33177,创业板指
399006.SZ,20260518,3914.8753,3895.0684,3961.1555,3883.4046,3929.0642,-14.1889,-0.3611,39713885.86,295608597.43677,创业板指
399006.SZ,20260515,3929.0642,3957.7375,4002.7267,3870.3736,3951.1404,-22.0762,-0.5587,48638467.63,364666093.45608,创业板指
399006.SZ,20260514,3951.1404,4087.8506,4090.4223,3937.6007,4038.3327,-87.1923,-2.1591,46616309.61,360236309.14612,创业板指
399006.SZ,20260513,4038.3327,3900.7367,4041.989,3893.8032,3934.882,103.4507,2.6291,47487376.78,345057708.37748,创业板指
399006.SZ,20260512,3934.882,3947.137,3954.9915,3897.8172,3928.9739,5.9081,0.1504,43314895.53,331699853.38029,创业板指
399006.SZ,20260511,3928.9739,3829.6077,3937.8741,3797.4979,3796.1283,132.8456,3.4995,53017942.51,368437065.23589,创业板指
399006.SZ,20260508,3796.1283,3792.0425,3840.1564,3787.1736,3833.0572,-36.9289,-0.9634,42522012.02,277961798.26191,创业板指
399006.SZ,20260507,3833.0572,3807.9896,3840.0553,3761.2319,3778.1595,54.8977,1.453,44941420.93,327733525.1211,创业板指
399006.SZ,20260506,3778.1595,3760.671,3815.0704,3724.5267,3677.1485,101.011,2.747,47030551.52,339262749.84328,创业板指
399006.SZ,20260430,3677.1485,3704.1088,3718.3986,3660.2192,3687.1681,-10.0196,-0.2717,35458459.12,242510919.29863,创业板指
399006.SZ,20260429,3687.1681,3578.4228,3692.2058,3578.4228,3596.7118,90.4563,2.515,38355851.37,271460423.49114,创业板指
399006.SZ,20260428,3596.7118,3623.4895,3636.9342,3580.3892,3648.788,-52.0762,-1.4272,39597432.93,269203840.82385,创业板指
399006.SZ,20260427,3648.788,3677.8905,3686.9433,3640.1145,3667.7851,-18.9971,-0.5179,37133686.8,268838291.65601,创业板指
399006.SZ,20260424,3667.7851,3682.4985,3699.9391,3624.9951,3720.2474,-52.4623,-1.4102,45322258.0,321625530.92587,创业板指
399006.SZ,20260423,3720.2474,3769.019,3785.2304,3681.5706,3752.7591,-32.5117,-0.8663,44718559.51,303044225.90738,创业板指
399006.SZ,20260422,3752.7591,3660.4199,3755.7512,3660.085,3688.9372,63.8219,1.7301,41895254.12,284823905.90277,创业板指
399006.SZ,20260421,3688.9372,3662.2588,3695.7421,3619.4849,3677.5758,11.3614,0.3089,35939669.17,251445440.18731,创业板指
399006.SZ,20260420,3677.5758,3657.3484,3696.2599,3642.8068,3678.2934,-0.7176,-0.0195,41037734.23,275290251.06444,创业板指
399006.SZ,20260417,3678.2934,3643.1528,3685.0977,3620.3281,3626.271,52.0224,1.4346,39199668.36,276519725.4009,创业板指
399006.SZ,20260416,3626.271,3531.2612,3629.4224,3518.3579,3514.9604,111.3106,3.1668,40206054.44,269483378.8449,创业板指
399006.SZ,20260415,3514.9604,3596.0789,3599.9789,3491.4512,3558.5273,-43.5669,-1.2243,37560123.26,260075151.78502,创业板指
399006.SZ,20260414,3558.5273,3507.1101,3560.3015,3493.3683,3476.4396,82.0877,2.3613,41780319.48,272202119.54546,创业板指
399006.SZ,20260413,3476.4396,3434.3203,3492.4818,3434.3203,3448.787,27.6526,0.8018,35430179.32,230880072.22486,创业板指
399006.SZ,20260410,3448.787,3355.0728,3470.7194,3354.7651,3323.2989,125.4881,3.776,43556589.62,278934445.96924,创业板指
399006.SZ,20260409,3323.2989,3316.2912,3340.2983,3301.6459,3347.61,-24.3111,-0.7262,37397554.18,211831798.91435,创业板指
399006.SZ,20260408,3347.61,3257.9054,3348.3915,3243.7825,3160.8157,186.7943,5.9097,43237501.5,259959054.53006,创业板指
399006.SZ,20260407,3160.8157,3162.8226,3181.3506,3133.7789,3149.5962,11.2195,0.3562,21612565.62,139208488.63866,创业板指
399006.SZ,20260403,3149.5962,3197.7711,3199.4376,3149.1529,3172.6494,-23.0532,-0.7266,24728339.09,159562135.13913,创业板指
399006.SZ,20260402,3172.6494,3229.5996,3229.6795,3155.1302,3247.5229,-74.8735,-2.3056,29035912.2,160660319.57561,创业板指
399006.SZ,20260401,3247.5229,3255.264,3255.264,3206.8016,3184.9524,62.5705,1.9646,33402621.16,199720088.16626,创业板指
399006.SZ,20260331,3184.9524,3247.2786,3280.479,3184.9524,3273.3551,-88.4027,-2.7007,30923588.87,174309829.53065,创业板指
399006.SZ,20260330,3273.3551,3254.4306,3281.3926,3224.599,3295.8804,-22.5253,-0.6834,26777670.41,165344839.25203,创业板指
399006.SZ,20260327,3295.8804,3236.3699,3323.3324,3228.4108,3272.488,23.3924,0.7148,28575375.13,174642769.5895,创业板指
399006.SZ,20260326,3272.488,3299.0308,3347.2299,3263.9963,3316.9714,-44.4834,-1.3411,29449892.24,186968658.80707,创业板指
399006.SZ,20260325,3316.9714,3287.1712,3325.2629,3278.7259,3251.5453,65.4261,2.0122,33890778.06,214022250.73043,创业板指
399006.SZ,20260324,3251.5453,3266.9324,3270.1911,3155.2708,3235.2207,16.3246,0.5046,30301174.78,194875995.11923,创业板指
399006.SZ,20260323,3235.2207,3300.5583,3334.4556,3214.8191,3352.1026,-116.8819,-3.4868,38951852.42,247237157.2902,创业板指
399006.SZ,20260320,3352.1026,3362.0716,3426.6093,3348.7,3309.1033,42.9993,1.2994,38729397.02,293437780.18153,创业板指
399006.SZ,20260319,3309.1033,3311.4447,3361.2145,3295.4534,3346.3651,-37.2618,-1.1135,31265755.31,207716454.97123,创业板指
399006.SZ,20260318,3346.3651,3307.8216,3350.5565,3274.2597,3280.0589,66.3062,2.0215,28126343.98,206979823.67278,创业板指
399006.SZ,20260317,3280.0589,3385.7125,3390.0207,3279.8745,3357.0219,-76.963,-2.2926,30723871.07,212352715.82204,创业板指
399006.SZ,20260316,3357.0219,3323.979,3360.3543,3284.0476,3310.2779,46.744,1.4121,29879897.22,202728912.49471,创业板指
399006.SZ,20260313,3310.2779,3296.5029,3342.8542,3296.1136,3317.5225,-7.2446,-0.2184,32219201.01,198822126.01603,创业板指
399006.SZ,20260312,3317.5225,3357.0333,3358.7713,3286.7671,3349.5287,-32.0062,-0.9555,33163983.53,201559411.80944,创业板指
399006.SZ,20260311,3349.5287,3318.4125,3388.1031,3318.4125,3306.1414,43.3873,1.3123,36035208.51,236609546.90882,创业板指
399006.SZ,20260310,3306.1414,3281.9438,3308.747,3272.9901,3208.5818,97.5596,3.0406,36170386.24,225270370.17543,创业板指
399006.SZ,20260309,3208.5818,3152.717,3220.0146,3111.8831,3229.3015,-20.7197,-0.6416,38295776.69,219690843.51083,创业板指
399006.SZ,20260306,3229.3015,3197.6649,3248.8983,3177.871,3216.9393,12.3622,0.3843,25896537.85,159320387.83734,创业板指
399006.SZ,20260305,3216.9393,3236.151,3264.7961,3194.9562,3164.3714,52.5679,1.6612,30219484.5,208778973.7498,创业板指
399006.SZ,20260304,3164.3714,3171.1852,3217.1109,3149.4115,3209.4819,-45.1105,-1.4055,30031786.04,183371276.66959,创业板指
399006.SZ,20260303,3209.4819,3316.6326,3331.2643,3206.6154,3294.1611,-84.6792,-2.5706,44519598.58,273220506.22006,创业板指
399006.SZ,20260302,3294.1611,3257.0513,3319.9081,3257.0513,3310.3049,-16.1438,-0.4877,42920507.27,265450817.52592,创业板指
399006.SZ,20260227,3310.3049,3303.9765,3326.5846,3292.892,3344.9823,-34.6774,-1.0367,40345682.19,243783343.23436,创业板指
399006.SZ,20260226,3344.9823,3346.7428,3351.5725,3310.5542,3354.819,-9.8367,-0.2932,40638653.78,258086354.86411,创业板指
399006.SZ,20260225,3354.819,3313.0925,3363.1817,3302.7587,3308.2648,46.5542,1.4072,40529126.38,230894297.93559,创业板指
399006.SZ,20260224,3308.2648,3331.7946,3343.2439,3292.5006,3275.9584,32.3064,0.9862,38685188.28,221642504.09982,创业板指
399006.SZ,20260213,3275.9584,3309.4294,3323.3692,3275.2892,3328.0624,-52.104,-1.5656,37588250.09,195089533.08982,创业板指
399006.SZ,20260212,3328.0624,3294.5706,3334.3536,3292.6766,3284.7352,43.3272,1.319,42516957.83,223800479.68776,创业板指
399006.SZ,20260211,3284.7352,3312.6434,3324.1824,3284.2393,3320.537,-35.8018,-1.0782,40250738.84,204202679.59065,创业板指
399006.SZ,20260210,3320.537,3321.8839,3348.4827,3320.537,3332.7695,-12.2325,-0.367,42761646.55,200689647.86657,创业板指
399006.SZ,20260209,3332.7695,3299.5974,3340.3292,3276.5672,3236.4643,96.3052,2.9756,43294946.64,242113215.36956,创业板指
399006.SZ,20260206,3236.4643,3222.8835,3288.0317,3199.1443,3260.2783,-23.814,-0.7304,39589999.97,216768330.70784,创业板指
399006.SZ,20260205,3260.2783,3277.7213,3288.3754,3238.7843,3311.5148,-51.2365,-1.5472,43166401.98,218374095.3799,创业板指
399006.SZ,20260204,3311.5148,3298.3221,3318.898,3244.7107,3324.8923,-13.3775,-0.4023,47547035.45,277520488.35993,创业板指
399006.SZ,20260203,3324.8923,3318.06,3332.4771,3249.061,3264.1109,60.7814,1.8621,45597120.98,271986553.8759,创业板指
399006.SZ,20260202,3264.1109,3368.1414,3390.2994,3262.1218,3346.3552,-82.2443,-2.4577,46813391.3,292971147.49145,创业板指
399006.SZ,20260130,3346.3552,3301.5407,3369.2448,3255.6481,3304.5103,41.8449,1.2663,51490172.73,294352918.23418,创业板指
399006.SZ,20260129,3304.5103,3322.4798,3356.4849,3298.5882,3323.5619,-19.0516,-0.5732,59295679.06,297815147.89648,创业板指
399006.SZ,20260128,3323.5619,3359.7883,3361.1404,3301.0479,3342.5991,-19.0372,-0.5695,51138899.63,286007321.51219,创业板指
399006.SZ,20260127,3342.5991,3316.0215,3366.6827,3277.2572,3319.1489,23.4502,0.7065,50221052.46,280609494.30512,创业板指
399006.SZ,20260126,3319.1489,3365.6058,3367.9919,3304.3556,3349.5034,-30.3545,-0.9062,59196541.84,295658022.2583,创业板指
399006.SZ,20260123,3349.5034,3334.0167,3349.5034,3316.6539,3328.6471,20.8563,0.6266,49217697.7,293450274.40576,创业板指
399006.SZ,20260122,3328.6471,3312.7513,3337.2721,3280.3168,3295.5226,33.1245,1.0051,37940185.39,253281128.43806,创业板指
399006.SZ,20260121,3295.5226,3270.1272,3329.5021,3270.1272,3277.979,17.5436,0.5352,38040269.59,227900940.38716,创业板指
399006.SZ,20260120,3277.979,3340.4559,3347.9444,3257.4351,3337.6081,-59.6291,-1.7866,43396944.92,246868155.67188,创业板指
399006.SZ,20260119,3337.6081,3340.9356,3383.7891,3326.1342,3361.0167,-23.4086,-0.6965,41405956.84,246590978.92238,创业板指
399006.SZ,20260116,3361.0167,3394.3463,3407.8623,3354.649,3367.9166,-6.8999,-0.2049,54700127.35,312015622.64557,创业板指
399006.SZ,20260115,3367.9166,3318.1087,3372.4744,3309.062,3349.1376,18.779,0.5607,56912195.93,307004638.77102,创业板指
399006.SZ,20260114,3349.1376,3333.1714,3403.9542,3308.6275,3321.8886,27.249,0.8203,78241383.76,387935600.56779,创业板指
399006.SZ,20260113,3321.8886,3390.6885,3416.8373,3307.6305,3388.3407,-66.4521,-1.9612,74355431.51,361131399.07267,创业板指
399006.SZ,20260112,3388.3407,3323.6365,3398.0502,3282.3886,3327.8127,60.528,1.8189,74483702.28,384563843.79356,创业板指
399006.SZ,20260109,3327.8127,3279.3763,3330.0119,3269.9928,3302.3067,25.506,0.7724,59361323.26,301179926.5912,创业板指
399006.SZ,20260108,3302.3067,3308.7377,3328.955,3285.1638,3329.6926,-27.3859,-0.8225,48454667.85,252691692.09384,创业板指
399006.SZ,20260107,3329.6926,3331.3408,3351.2156,3298.5528,3319.2914,10.4012,0.3134,51913249.41,277889356.23683,创业板指
399006.SZ,20260106,3319.2914,3279.8114,3321.4356,3265.7296,3294.5513,24.7401,0.7509,58725170.66,297841505.43849,创业板指
399006.SZ,20260105,3294.5513,3229.933,3295.2856,3229.933,3203.1717,91.3796,2.8528,51998573.21,261407346.70351,创业板指
399006.SZ,20251231,3203.1717,3247.7367,3254.8897,3198.2482,3242.9046,-39.7329,-1.2252,36505728.76,183658541.47207,创业板指
399006.SZ,20251230,3242.9046,3208.3233,3251.1331,3207.7296,3222.6108,20.2938,0.6297,36813547.04,192881676.0338,创业板指
000688.SH,20260717,1715.4044,1829.9808,1844.3787,1698.3234,1846.8766,-131.4722,-7.1186,16629024.0,191473530.246,科创50
000688.SH,20260716,1846.8766,1869.9362,1947.2472,1828.5734,1924.2735,-77.3969,-4.0221,14226782.0,174820562.239,科创50
000688.SH,20260715,1924.2735,2021.5782,2028.6519,1908.1784,2009.7296,-85.4561,-4.2521,14281933.0,169644623.956,科创50
000688.SH,20260714,2009.7296,1994.4401,2026.4707,1895.5553,1994.3192,15.4104,0.7727,16013950.0,202059847.034,科创50
000688.SH,20260713,1994.3192,2038.3623,2110.179,1974.0548,2064.9756,-70.6564,-3.4217,18337937.0,214851455.567,科创50
000688.SH,20260710,2064.9756,2190.1784,2233.5376,2064.9756,2185.8251,-120.8495,-5.5288,23073429.0,235095867.644,科创50
000688.SH,20260709,2185.8251,2047.2376,2188.982,2023.5444,2016.2327,169.5924,8.4114,18580605.0,224511523.905,科创50
000688.SH,20260708,2016.2327,2022.451,2078.642,1961.6378,2001.5859,14.6468,0.7318,15720588.0,169350311.761,科创50
000688.SH,20260707,2001.5859,1965.7953,2039.598,1950.979,1996.1029,5.483,0.2747,13973250.0,159559515.937,科创50
000688.SH,20260706,1996.1029,2015.1809,2022.9102,1913.8219,1975.6001,20.5028,1.0378,16511997.0,173537383.477,科创50
000688.SH,20260703,1975.6001,1978.7546,2039.3056,1948.1723,1987.291,-11.6909,-0.5883,17583808.0,174846760.565,科创50
000688.SH,20260702,1987.291,2059.898,2105.2909,1978.3199,2153.0431,-165.7521,-7.6985,20913363.0,214952503.503,科创50
000688.SH,20260701,2153.0431,2205.6555,2255.2481,2120.363,2207.8648,-54.8217,-2.483,22580954.0,232328268.9,科创50
000688.SH,20260630,2207.8648,2132.8822,2214.6127,2113.9499,2126.0105,81.8543,3.8501,19617861.0,219350486.072,科创50
000688.SH,20260629,2126.0105,2039.6674,2127.8008,2013.5122,2032.2842,93.7263,4.6119,20661484.0,230072493.023,科创50
000688.SH,20260626,2032.2842,2034.4327,2076.4654,1976.9228,2066.3309,-34.0467,-1.6477,19695170.0,201727512.998,科创50
000688.SH,20260625,2066.3309,2004.7749,2076.8821,2000.8011,1989.4257,76.9052,3.8657,18510032.0,220503757.844,科创50
000688.SH,20260624,1989.4257,1896.3406,1997.9046,1886.7407,1916.2123,73.2134,3.8207,18532528.0,194575244.326,科创50
000688.SH,20260623,1916.2123,1929.2657,1982.9062,1890.1626,1948.9281,-32.7158,-1.6787,18137295.0,186831990.845,科创50
000688.SH,20260622,1948.9281,1922.4741,1963.3274,1879.59,1911.5132,37.4149,1.9573,19191334.0,200856205.549,科创50
000688.SH,20260618,1911.5132,1837.0702,1937.3012,1836.0381,1840.8211,70.6921,3.8402,17710999.0,209534843.406,科创50
000688.SH,20260617,1840.8211,1729.2282,1841.3654,1725.9007,1758.4244,82.3967,4.6858,18018313.0,176921688.223,科创50
000688.SH,20260616,1758.4244,1751.7052,1766.1375,1729.0368,1748.3264,10.098,0.5776,15018218.0,142643106.071,科创50
000688.SH,20260615,1748.3264,1687.6699,1748.5116,1658.3235,1663.2213,85.1051,5.1169,16140938.0,158477476.718,科创50
000688.SH,20260612,1663.2213,1726.0051,1730.8928,1656.8454,1662.436,0.7853,0.0472,21018567.0,175820241.129,科创50
000688.SH,20260611,1662.436,1644.6025,1676.5306,1631.9357,1652.2241,10.2119,0.6181,14220694.0,117155580.143,科创50
000688.SH,20260610,1652.2241,1662.8455,1722.3344,1632.3265,1663.1089,-10.8848,-0.6545,15911725.0,139088834.511,科创50
000688.SH,20260609,1663.1089,1630.2322,1666.4805,1607.5775,1596.5656,66.5433,4.1679,14098958.0,112366426.739,科创50
000688.SH,20260608,1596.5656,1587.9691,1634.0328,1578.1793,1668.3291,-71.7635,-4.3015,15707499.0,119405019.929,科创50
000688.SH,20260605,1668.3291,1706.5313,1735.0783,1659.4787,1738.0589,-69.7298,-4.0119,16835709.0,136854203.888,科创50
000688.SH,20260604,1738.0589,1700.3123,1759.9844,1697.221,1726.1806,11.8783,0.6881,14967701.0,132618434.558,科创50
000688.SH,20260603,1726.1806,1697.6587,1776.2018,1697.3597,1690.558,35.6226,2.1072,16825554.0,166311010.814,科创50
000688.SH,20260602,1690.558,1676.3085,1710.9798,1641.1672,1663.6935,26.8645,1.6148,15576220.0,133709243.864,科创50
000688.SH,20260601,1663.6935,1751.2315,1753.0202,1662.8205,1751.3234,-87.6299,-5.0036,16941834.0,149900665.084,科创50
000688.SH,20260529,1751.3234,1850.2728,1855.256,1727.6214,1844.2493,-92.9259,-5.0387,23431374.0,182139564.47,科创50
000688.SH,20260528,1844.2493,1805.1129,1854.5202,1796.0352,1815.4513,28.798,1.5863,21540080.0,177051079.006,科创50
000688.SH,20260527,1815.4513,1875.4218,1901.9658,1809.7045,1867.7088,-52.2575,-2.7979,21609699.0,192835609.775,科创50
000688.SH,20260526,1867.7088,1877.3883,1880.6484,1824.3223,1896.0369,-28.3281,-1.4941,19408885.0,193152885.293,科创50
000688.SH,20260525,1896.0369,1791.6697,1899.9669,1774.1938,1790.771,105.2659,5.8782,21497937.0,221953931.473,科创50
000688.SH,20260522,1790.771,1790.7443,1797.6485,1747.1393,1764.1744,26.5966,1.5076,17603919.0,162025307.223,科创50
000688.SH,20260521,1764.1744,1866.2869,1892.5952,1759.9386,1832.022,-67.8476,-3.7034,21274038.0,216374427.915,科创50
000688.SH,20260520,1832.022,1764.2133,1835.2214,1764.2133,1775.1345,56.8875,3.2047,18452542.0,190386612.651,科创50
000688.SH,20260519,1775.1345,1697.4022,1776.2555,1670.3584,1709.9627,65.1718,3.8113,17104368.0,169324578.817,科创50
000688.SH,20260518,1709.9627,1690.3815,1748.104,1684.9005,1696.2612,13.7015,0.8077,15913956.0,152427297.016,科创50
000688.SH,20260515,1696.2612,1724.3552,1769.8036,1669.9872,1725.0932,-28.832,-1.6713,21601214.0,191146069.966,科创50
000688.SH,20260514,1725.0932,1792.3419,1800.6062,1723.6985,1770.1471,-45.0539,-2.5452,21071023.0,170925244.425,科创50
000688.SH,20260513,1770.1471,1684.3679,1771.4924,1677.5436,1723.7836,46.3635,2.6896,17773247.0,158688703.274,科创50
000688.SH,20260512,1723.7836,1708.2111,1747.1719,1687.9631,1716.6914,7.0922,0.4131,16927089.0,163162220.282,科创50
000688.SH,20260511,1716.6914,1687.6429,1727.3046,1669.7326,1640.4603,76.2311,4.6469,18294058.0,183091745.808,科创50
000688.SH,20260508,1640.4603,1653.3108,1655.5715,1625.608,1678.8872,-38.4269,-2.2888,15005074.0,134384676.003,科创50
000688.SH,20260507,1678.8872,1663.1592,1682.2217,1646.9443,1656.946,21.9412,1.3242,13930063.0,147148539.118,科创50
000688.SH,20260506,1656.946,1634.3133,1715.0814,1631.6506,1571.0652,85.8808,5.4664,18301048.0,202263525.062,科创50
000688.SH,20260430,1571.0652,1511.3875,1580.515,1511.3875,1493.5045,77.5607,5.1932,15109612.0,143368848.802,科创50
000688.SH,20260429,1493.5045,1474.1167,1495.0091,1451.7122,1488.6607,4.8438,0.3254,11457221.0,96264961.874,科创50
000688.SH,20260428,1488.6607,1497.3219,1525.3419,1479.673,1508.3848,-19.7241,-1.3076,11925508.0,101929725.105,科创50
000688.SH,20260427,1508.3848,1478.3137,1515.2824,1466.664,1453.6854,54.6994,3.7628,13560538.0,123536460.986,科创50
000688.SH,20260424,1453.6854,1443.0367,1472.9573,1417.2057,1432.5924,21.093,1.4724,11413406.0,112276766.239,科创50
000688.SH,20260423,1432.5924,1466.1239,1467.6994,1419.0094,1451.1386,-18.5462,-1.278,11446540.0,96366136.986,科创50
000688.SH,20260422,1451.1386,1420.7763,1451.461,1420.2444,1426.6766,24.462,1.7146,9805961.0,83400639.003,科创50
000688.SH,20260421,1426.6766,1445.2037,1445.5388,1415.5994,1450.5209,-23.8443,-1.6438,9651570.0,80219232.238,科创50
000688.SH,20260420,1450.5209,1426.893,1451.3901,1426.0337,1423.3512,27.1697,1.9089,11275846.0,88429001.088,科创50
000688.SH,20260417,1423.3512,1414.8732,1433.795,1413.5763,1422.2276,1.1236,0.079,9635053.0,88251590.014,科创50
000688.SH,20260416,1422.2276,1406.3185,1424.1726,1402.1958,1406.3224,15.9052,1.131,10005771.0,86332967.075,科创50
000688.SH,20260415,1406.3224,1415.3919,1433.3541,1399.7541,1405.0723,1.2501,0.089,9547663.0,96267871.084,科创50
000688.SH,20260414,1405.0723,1398.3996,1409.8483,1387.4176,1375.2873,29.785,2.1657,9302659.0,91340078.269,科创50
000688.SH,20260413,1375.2873,1358.463,1396.0028,1358.463,1364.4946,10.7927,0.791,9018894.0,79738287.786,科创50
000688.SH,20260410,1364.4946,1363.5766,1382.937,1362.3965,1343.9462,20.5484,1.529,8471659.0,75598570.047,科创50
000688.SH,20260409,1343.9462,1335.2874,1362.9072,1333.012,1352.6894,-8.7432,-0.6464,7846510.0,67718591.571,科创50
000688.SH,20260408,1352.6894,1317.2757,1352.6894,1316.6338,1274.0145,78.6749,6.1754,11422568.0,86413135.124,科创50
000688.SH,20260407,1274.0145,1261.7112,1286.5296,1261.7112,1256.2103,17.8042,1.4173,6322349.0,58642407.634,科创50
000688.SH,20260403,1256.2103,1270.9364,1272.8369,1254.7588,1262.1815,-5.9712,-0.4731,6706421.0,43238392.108,科创50
000688.SH,20260402,1262.1815,1294.6302,1294.6302,1254.6247,1298.1981,-36.0166,-2.7744,7588114.0,52627584.676,科创50
000688.SH,20260401,1298.1981,1290.6375,1302.871,1282.3125,1256.3269,41.8712,3.3328,9826461.0,67776529.674,科创50
000688.SH,20260331,1256.3269,1283.8988,1296.034,1256.3269,1289.7801,-33.4532,-2.5937,9583190.0,57608800.55,科创50
000688.SH,20260330,1289.7801,1278.9926,1294.5425,1269.319,1300.756,-10.9759,-0.8438,9357204.0,53432653.644,科创50
000688.SH,20260327,1300.756,1265.5306,1308.9447,1265.5306,1288.8073,11.9487,0.9271,8603070.0,52752422.375,科创50
000688.SH,20260326,1288.8073,1313.9654,1316.4554,1285.3839,1315.4122,-26.6049,-2.0226,8631770.0,55519453.245,科创50
000688.SH,20260325,1315.4122,1299.6309,1326.6494,1299.6263,1290.7912,24.621,1.9074,11005705.0,71581278.743,科创50
000688.SH,20260324,1290.7912,1281.579,1291.9183,1249.0112,1261.4377,29.3535,2.327,11716630.0,67331736.609,科创50
000688.SH,20260323,1261.4377,1292.892,1305.7933,1254.848,1318.3074,-56.8697,-4.3138,14248101.0,73743206.134,科创50
000688.SH,20260320,1318.3074,1344.9296,1347.3671,1317.4045,1339.0339,-20.7265,-1.5479,14091098.0,72635986.718,科创50
000688.SH,20260319,1339.0339,1348.5527,1354.7206,1333.6804,1372.5764,-33.5425,-2.4438,11052923.0,62007186.929,科创50
000688.SH,20260318,1372.5764,1363.5398,1373.857,1348.2296,1354.1532,18.4232,1.3605,9799866.0,63648188.177,科创50
000688.SH,20260317,1354.1532,1386.2598,1390.8438,1354.1532,1384.9865,-30.8333,-2.2263,9184655.0,58419454.374,科创50
000688.SH,20260316,1384.9865,1370.703,1386.5538,1349.2718,1373.6355,11.351,0.8263,10953762.0,73815884.502,科创50
000688.SH,20260313,1373.6355,1374.6497,1392.4335,1365.6216,1383.6523,-10.0168,-0.7239,12002263.0,66780732.961,科创50
000688.SH,20260312,1383.6523,1397.7789,1412.525,1372.9747,1401.0842,-17.4319,-1.2442,11759193.0,62958786.927,科创50
000688.SH,20260311,1401.0842,1421.3515,1427.095,1400.4468,1420.5388,-19.4546,-1.3695,12973679.0,65494494.433,科创50
000688.SH,20260310,1420.5388,1417.2591,1424.7192,1402.6308,1390.4826,30.0562,2.1616,12153403.0,65103795.254,科创50
000688.SH,20260309,1390.4826,1373.8173,1398.2453,1351.8829,1414.3943,-23.9117,-1.6906,11840094.0,74328800.765,科创50
000688.SH,20260306,1414.3943,1396.5937,1422.0013,1396.5937,1405.3534,9.0409,0.6433,9690549.0,60117751.953,科创50
000688.SH,20260305,1405.3534,1418.8825,1423.6123,1397.7554,1381.5584,23.795,1.7223,11006986.0,82290368.778,科创50
000688.SH,20260304,1381.5584,1380.1296,1407.0026,1376.1109,1388.4095,-6.8511,-0.4934,10705585.0,65494655.636,科创50
000688.SH,20260303,1388.4095,1467.7635,1469.6029,1385.5927,1464.7717,-76.3622,-5.2132,14302403.0,88181853.374,科创50
000688.SH,20260302,1464.7717,1459.7761,1486.5491,1459.5102,1488.0232,-23.2515,-1.5626,13427348.0,79348051.009,科创50
000688.SH,20260227,1488.0232,1468.0782,1493.5236,1463.731,1485.8649,2.1583,0.1453,9999772.0,78394898.573,科创50
000688.SH,20260226,1485.8649,1478.7259,1494.7494,1456.0329,1473.2849,12.58,0.8539,11154134.0,83624470.114,科创50
000688.SH,20260225,1473.2849,1468.5106,1481.2911,1454.4125,1465.365,7.9199,0.5405,11075883.0,70042250.876,科创50
000688.SH,20260224,1465.365,1493.4525,1493.7742,1453.5502,1470.3333,-4.9683,-0.3379,10295969.0,68936003.468,科创50
000688.SH,20260213,1470.3333,1470.2588,1492.0864,1466.7068,1480.9946,-10.6613,-0.7199,9896616.0,61592827.654,科创50
000688.SH,20260212,1480.9946,1463.6091,1481.9786,1454.6281,1455.1144,25.8802,1.7786,10015209.0,69329188.019,科创50
000688.SH,20260211,1455.1144,1461.9988,1467.281,1453.0062,1471.4978,-16.3834,-1.1134,8978509.0,48644897.749,科创50
000688.SH,20260210,1471.4978,1463.3483,1485.9658,1463.3483,1458.1627,13.3351,0.9145,11770391.0,68410380.072,科创50
000688.SH,20260209,1458.1627,1453.5395,1458.9273,1441.8967,1422.406,35.7567,2.5138,15747839.0,72909863.132,科创50
000688.SH,20260206,1422.406,1415.0469,1440.808,1405.8744,1432.5216,-10.1156,-0.7061,13035099.0,62257704.857,科创50
000688.SH,20260205,1432.5216,1423.6624,1441.1633,1416.2647,1453.4764,-20.9548,-1.4417,15199278.0,67731466.062,科创50
000688.SH,20260204,1453.4764,1452.9757,1455.1238,1432.5965,1471.0688,-17.5924,-1.1959,15639050.0,76593068.05,科创50
000688.SH,20260203,1471.0688,1475.5677,1478.0511,1430.0041,1450.8976,20.1712,1.3903,13891459.0,98826244.308,科创50
000688.SH,20260202,1450.8976,1492.8111,1508.5432,1450.0981,1509.4018,-58.5042,-3.876,13153967.0,86595572.659,科创50
000688.SH,20260130,1509.4018,1501.5122,1522.3286,1465.3236,1507.6398,1.762,0.1169,14865583.0,92994626.166,科创50
000688.SH,20260129,1507.6398,1550.9887,1560.6446,1507.2991,1554.8037,-47.1639,-3.0334,16408344.0,98586261.532,科创50
000688.SH,20260128,1554.8037,1566.1883,1569.4351,1535.9049,1555.9783,-1.1746,-0.0755,15543610.0,104613183.531,科创50
000688.SH,20260127,1555.9783,1530.0695,1562.5786,1507.4063,1532.796,23.1823,1.5124,19787281.0,102142695.465,科创50
000688.SH,20260126,1532.796,1556.5679,1575.4524,1529.3157,1553.7073,-20.9113,-1.3459,21231612.0,108916689.901,科创50
000688.SH,20260123,1553.7073,1530.2849,1553.7073,1523.5011,1541.638,12.0693,0.7829,21244687.0,110767211.554,科创50
000688.SH,20260122,1541.638,1563.3796,1574.9662,1530.2451,1535.3934,6.2446,0.4067,15212194.0,114471734.613,科创50
000688.SH,20260121,1535.3934,1482.658,1546.0492,1482.658,1482.9941,52.3993,3.5333,14447414.0,117311199.39,科创50
000688.SH,20260120,1482.9941,1508.3674,1525.809,1473.1944,1506.8571,-23.863,-1.5836,14030658.0,97763534.671,科创50
000688.SH,20260119,1506.8571,1513.5899,1525.122,1502.7246,1514.0681,-7.211,-0.4763,12876257.0,93307391.548,科创50
000688.SH,20260116,1514.0681,1509.7,1528.7825,1495.6792,1493.945,20.1231,1.347,16765776.0,116789712.149,科创50
000688.SH,20260115,1493.945,1491.2318,1504.8436,1468.0244,1500.911,-6.966,-0.4641,14088173.0,95846397.716,科创50
000688.SH,20260114,1500.911,1479.295,1532.5781,1479.295,1469.5699,31.3411,2.1327,17779745.0,123880673.547,科创50
000688.SH,20260113,1469.5699,1508.1834,1511.6531,1460.4093,1511.836,-42.2661,-2.7957,15234747.0,104449149.934,科创50
000688.SH,20260112,1511.836,1490.4986,1515.1073,1478.8467,1475.9676,35.8684,2.4302,15675919.0,106640241.923,科创50
000688.SH,20260109,1475.9676,1442.2237,1477.2394,1437.577,1455.1729,20.7947,1.429,13306405.0,91006167.416,科创50
000688.SH,20260108,1455.1729,1441.1859,1483.2305,1441.1859,1443.388,11.7849,0.8165,13482288.0,99247984.749,科创50
000688.SH,20260107,1443.388,1442.5066,1452.0445,1427.9802,1429.3023,14.0857,0.9855,12338548.0,87127775.01,科创50
000688.SH,20260106,1429.3023,1401.7888,1442.1041,1400.4048,1403.4142,25.8881,1.8447,11820332.0,80797910.467,科创50
000688.SH,20260105,1403.4142,1360.8973,1403.5349,1360.8973,1344.2002,59.214,4.4051,10345466.0,81187605.285,科创50
000688.SH,20251231,1344.2002,1367.1657,1368.4801,1342.6831,1359.8734,-15.6732,-1.1525,7306915.0,49284581.754,科创50
000688.SH,20251230,1359.8734,1346.1321,1367.0072,1346.0288,1346.3188,13.5546,1.0068,7941505.0,59271326.468,科创50
000016.SH,20260717,2827.6713,2887.0926,2890.0992,2814.3559,2904.1185,-76.4472,-2.6324,71440659.0,257315956.782,上证50
000016.SH,20260716,2904.1185,2927.3153,2948.9468,2892.0452,2967.0699,-62.9514,-2.1217,56028390.0,232326668.661,上证50
000016.SH,20260715,2967.0699,2955.7639,2983.412,2948.0926,2955.5528,11.5171,0.3897,61948548.0,250453301.18,上证50
000016.SH,20260714,2955.5528,2909.9305,2955.5528,2875.3608,2913.1878,42.365,1.4542,66998208.0,260712822.999,上证50
000016.SH,20260713,2913.1878,2931.4972,2952.9265,2901.455,2955.5201,-42.3323,-1.4323,63724276.0,255468208.752,上证50
000016.SH,20260710,2955.5201,2996.8408,3026.4259,2955.4872,2995.7886,-40.2685,-1.3442,60340926.0,302407179.323,上证50
000016.SH,20260709,2995.7886,2926.1378,2999.4944,2921.8766,2920.8419,74.9467,2.5659,57288370.0,265882292.348,上证50
000016.SH,20260708,2920.8419,2929.8968,2955.5164,2915.8005,2921.887,-1.0451,-0.0358,51438184.0,210009504.592,上证50
000016.SH,20260707,2921.887,2932.8079,2952.4945,2910.6603,2957.9686,-36.0816,-1.2198,52000887.0,205659684.767,上证50
000016.SH,20260706,2957.9686,2949.9229,2966.2762,2920.831,2931.2835,26.6851,0.9104,60119225.0,247672499.367,上证50
000016.SH,20260703,2931.2835,2917.5195,2957.2555,2917.4797,2912.2757,19.0078,0.6527,59887384.0,249211055.166,上证50
000016.SH,20260702,2912.2757,2938.7655,2957.8805,2905.8494,2985.2398,-72.9641,-2.4442,65860430.0,276810186.003,上证50
000016.SH,20260701,2985.2398,2976.3575,3015.6261,2966.3605,2989.402,-4.1622,-0.1392,63271373.0,299913091.318,上证50
000016.SH,20260630,2989.402,2972.3452,2993.4772,2963.4468,2991.0809,-1.6789,-0.0561,60119438.0,273985139.184,上证50
000016.SH,20260629,2991.0809,2911.3378,2991.523,2904.9316,2906.9438,84.1371,2.8943,64564586.0,293638491.393,上证50
000016.SH,20260626,2906.9438,2961.0368,2965.4133,2887.7583,2977.5696,-70.6258,-2.3719,63782469.0,264764552.718,上证50
000016.SH,20260625,2977.5696,2944.4525,2993.0241,2942.548,2943.8958,33.6738,1.1439,70442506.0,299492828.602,上证50
000016.SH,20260624,2943.8958,2919.8483,2948.0621,2919.8483,2926.8284,17.0674,0.5831,64239800.0,266134735.961,上证50
000016.SH,20260623,2926.8284,2998.0292,3019.3383,2913.239,3012.6526,-85.8242,-2.8488,78188130.0,288935600.747,上证50
000016.SH,20260622,3012.6526,2929.7301,3015.1578,2915.5435,2928.7477,83.9049,2.8649,81229823.0,308371283.694,上证50
000016.SH,20260618,2928.7477,2926.4862,2956.2291,2924.3431,2934.466,-5.7183,-0.1949,70913574.0,289737906.261,上证50
000016.SH,20260617,2934.466,2905.2081,2936.6105,2901.4193,2913.9861,20.4799,0.7028,53482882.0,225869565.652,上证50
000016.SH,20260616,2913.9861,2933.961,2936.7,2904.3615,2938.6493,-24.6632,-0.8393,57244026.0,203894424.738,上证50
000016.SH,20260615,2938.6493,2919.6903,2946.0209,2915.1526,2890.7976,47.8517,1.6553,77484232.0,246129272.664,上证50
000016.SH,20260612,2890.7976,2864.9909,2901.6507,2851.5428,2845.9191,44.8785,1.5769,80282609.0,219301723.262,上证50
000016.SH,20260611,2845.9191,2842.6709,2852.208,2827.859,2850.3691,-4.45,-0.1561,51843492.0,143823678.868,上证50
000016.SH,20260610,2850.3691,2829.6494,2859.9237,2826.8603,2842.6936,7.6755,0.27,58977177.0,173632878.823,上证50
000016.SH,20260609,2842.6936,2830.8807,2844.2341,2814.8327,2825.0133,17.6803,0.6258,54030711.0,146467481.495,上证50
000016.SH,20260608,2825.0133,2818.6843,2846.5088,2806.3253,2865.8661,-40.8528,-1.4255,64588253.0,165621405.738,上证50
000016.SH,20260605,2865.8661,2883.2821,2908.6807,2859.2051,2891.3488,-25.4827,-0.8813,53324704.0,164168808.415,上证50
000016.SH,20260604,2891.3488,2902.2704,2918.659,2884.2018,2920.9172,-29.5684,-1.0123,44658739.0,143030392.444,上证50
000016.SH,20260603,2920.9172,2913.2052,2939.7238,2906.8283,2920.2693,0.6479,0.0222,55851090.0,190335499.742,上证50
000016.SH,20260602,2920.2693,2897.9698,2931.5686,2892.2559,2893.7191,26.5502,0.9175,59976138.0,171693671.45,上证50
000016.SH,20260601,2893.7191,2918.1164,2922.8168,2887.7586,2921.0812,-27.3621,-0.9367,59735341.0,182645392.37,上证50
000016.SH,20260529,2921.0812,2919.64,2938.4908,2910.5738,2914.1896,6.8916,0.2365,68498404.0,223013813.827,上证50
000016.SH,20260528,2914.1896,2923.2062,2928.1759,2893.5661,2934.7122,-20.5226,-0.6993,51956901.0,183934944.827,上证50
000016.SH,20260527,2934.7122,2969.7963,2975.9676,2921.8186,2973.3853,-38.6731,-1.3006,56055809.0,202669526.268,上证50
000016.SH,20260526,2973.3853,2954.4905,2976.9487,2945.5472,2968.697,4.6883,0.1579,55109956.0,216747758.49,上证50
000016.SH,20260525,2968.697,2932.2402,2969.7585,2929.3843,2923.5248,45.1722,1.5451,48439446.0,220945020.732,上证50
000016.SH,20260522,2923.5248,2937.1177,2939.5964,2908.0855,2920.9288,2.596,0.0889,52383259.0,174676043.597,上证50
000016.SH,20260521,2920.9288,2972.5301,2998.9037,2920.4091,2953.7472,-32.8184,-1.1111,63684730.0,237309932.268,上证50
000016.SH,20260520,2953.7472,2940.2616,2964.777,2937.5693,2954.0622,-0.315,-0.0107,57517820.0,205321201.741,上证50
000016.SH,20260519,2954.0622,2929.0664,2955.0661,2918.9728,2934.9592,19.103,0.6509,58276856.0,178510282.059,上证50
000016.SH,20260518,2934.9592,2947.2502,2954.6326,2921.1756,2957.6024,-22.6432,-0.7656,59652492.0,180548941.083,上证50
000016.SH,20260515,2957.6024,2992.2605,3001.6271,2945.6528,2996.573,-38.9706,-1.3005,63890671.0,231212579.191,上证50
000016.SH,20260514,2996.573,3056.8463,3059.7858,2995.819,3047.2456,-50.6726,-1.6629,63245575.0,215190927.195,上证50
000016.SH,20260513,3047.2456,3029.1158,3049.1727,3018.8501,3043.5559,3.6897,0.1212,64397463.0,213302448.275,上证50
000016.SH,20260512,3043.5559,3045.2207,3058.3827,3036.167,3041.6333,1.9226,0.0632,66094509.0,230201303.269,上证50
000016.SH,20260511,3041.6333,3021.7449,3047.9,3009.5445,3003.5839,38.0494,1.2668,69411115.0,242027279.546,上证50
000016.SH,20260508,3003.5839,3014.466,3015.4074,2990.0137,3029.1939,-25.61,-0.8454,50496714.0,181204517.29,上证50
000016.SH,20260507,3029.1939,3034.9771,3040.4025,3020.9004,3026.4434,2.7505,0.0909,58400076.0,205911875.66,上证50
000016.SH,20260506,3026.4434,3010.3178,3037.2642,3001.9757,2985.5048,40.9386,1.3712,67902951.0,260825664.652,上证50
000016.SH,20260430,2985.5048,2972.0472,2989.0518,2971.2874,2967.5034,18.0014,0.6066,62185756.0,215537994.304,上证50
000016.SH,20260429,2967.5034,2937.8141,2968.9643,2937.2916,2950.4212,17.0822,0.579,61159880.0,177885651.228,上证50
000016.SH,20260428,2950.4212,2938.0584,2963.3596,2937.5487,2939.0529,11.3683,0.3868,49049059.0,156947846.888,上证50
000016.SH,20260427,2939.0529,2944.0308,2955.4488,2934.6729,2945.0425,-5.9896,-0.2034,43975110.0,159040616.221,上证50
000016.SH,20260424,2945.0425,2925.9009,2948.4095,2914.2567,2927.9307,17.1118,0.5844,42443653.0,154614309.702,上证50
000016.SH,20260423,2927.9307,2938.1651,2941.1962,2912.564,2930.5752,-2.6445,-0.0902,53650898.0,155716228.751,上证50
000016.SH,20260422,2930.5752,2927.8637,2935.1118,2922.326,2932.0721,-1.4969,-0.0511,45443426.0,126382955.99,上证50
000016.SH,20260421,2932.0721,2931.6113,2937.4195,2920.2845,2933.6534,-1.5813,-0.0539,46327358.0,119509381.952,上证50
000016.SH,20260420,2933.6534,2911.8618,2935.2919,2911.7446,2910.8732,22.7802,0.7826,47728324.0,132077315.884,上证50
000016.SH,20260417,2910.8732,2920.8547,2924.134,2906.9515,2939.7645,-28.8913,-0.9828,41874842.0,134787638.837,上证50
000016.SH,20260416,2939.7645,2937.7583,2948.1195,2930.7714,2934.2159,5.5486,0.1891,41117930.0,115488675.423,上证50
000016.SH,20260415,2934.2159,2939.5201,2953.0671,2931.6349,2924.1834,10.0325,0.3431,47270766.0,145529726.844,上证50
000016.SH,20260414,2924.1834,2918.505,2924.2184,2899.8566,2899.4701,24.7133,0.8523,41834366.0,128295549.999,上证50
000016.SH,20260413,2899.4701,2888.4244,2902.7061,2884.6579,2899.5795,-0.1094,-0.0038,40492045.0,121740386.153,上证50
000016.SH,20260410,2899.5795,2900.4958,2915.7001,2894.6772,2884.76,14.8195,0.5137,42529531.0,122820282.454,上证50
000016.SH,20260409,2884.76,2888.4044,2891.8718,2877.552,2907.0658,-22.3058,-0.7673,38673621.0,108590894.229,上证50
000016.SH,20260408,2907.0658,2872.0345,2907.7909,2872.0345,2830.5227,76.5431,2.7042,58736612.0,154937979.532,上证50
000016.SH,20260407,2830.5227,2830.1267,2843.1652,2824.18,2830.5967,-0.074,-0.0026,36809593.0,99010485.33,上证50
000016.SH,20260403,2830.5967,2856.5571,2857.5116,2827.0896,2853.4529,-22.8562,-0.801,36331378.0,79325741.157,上证50
000016.SH,20260402,2853.4529,2873.8255,2873.8255,2840.6396,2878.7943,-25.3414,-0.8803,46918994.0,102925556.692,上证50
000016.SH,20260401,2878.7943,2863.4932,2882.6714,2856.9677,2826.1249,52.6694,1.8637,50695580.0,127531215.94,上证50
000016.SH,20260331,2826.1249,2844.405,2865.5184,2826.1249,2833.2054,-7.0805,-0.2499,57096016.0,121234704.383,上证50
000016.SH,20260330,2833.2054,2814.8276,2835.8336,2806.0271,2837.3064,-4.101,-0.1445,49112625.0,103315096.152,上证50
000016.SH,20260327,2837.3064,2803.4975,2845.8344,2803.4975,2824.6744,12.632,0.4472,46525441.0,103294765.815,上证50
000016.SH,20260326,2824.6744,2854.5042,2862.3274,2819.0672,2859.5345,-34.8601,-1.2191,52322127.0,113550786.856,上证50
000016.SH,20260325,2859.5345,2845.4092,2862.573,2842.1889,2830.854,28.6805,1.0131,63965550.0,133500631.806,上证50
000016.SH,20260324,2830.854,2813.4977,2831.2721,2790.8032,2792.3288,38.5252,1.3797,63312736.0,135732067.71,上证50
000016.SH,20260323,2792.3288,2847.5219,2847.7762,2779.599,2883.8644,-91.5356,-3.1741,86976633.0,173992569.534,上证50
000016.SH,20260320,2883.8644,2914.851,2924.3763,2881.9471,2916.2348,-32.3704,-1.11,66097073.0,135730910.402,上证50
000016.SH,20260319,2916.2348,2933.5774,2942.4588,2908.4428,2961.4264,-45.1916,-1.526,67079441.0,136419483.407,上证50
000016.SH,20260318,2961.4264,2965.8607,2970.1876,2939.7483,2963.5779,-2.1515,-0.0726,54413790.0,113721675.957,上证50
000016.SH,20260317,2963.5779,2957.0148,2995.2259,2956.1591,2954.0885,9.4894,0.3212,62604978.0,132384455.987,上证50
000016.SH,20260316,2954.0885,2952.4201,2955.0036,2927.9359,2956.8468,-2.7583,-0.0933,59596018.0,143861980.866,上证50
000016.SH,20260313,2956.8468,2961.7335,2977.8417,2951.7012,2971.5612,-14.7144,-0.4952,68633013.0,134239212.515,上证50
000016.SH,20260312,2971.5612,2978.1151,2985.5464,2954.3045,2985.3449,-13.7837,-0.4617,55644111.0,125464705.716,上证50
000016.SH,20260311,2985.3449,2983.4602,2988.7538,2970.8324,2981.8351,3.5098,0.1177,56031984.0,122447089.445,上证50
000016.SH,20260310,2981.8351,2973.8197,2985.3088,2969.9116,2962.9888,18.8463,0.6361,54226915.0,121762430.508,上证50
000016.SH,20260309,2962.9888,2963.1998,2970.9461,2933.9168,2992.7021,-29.7133,-0.9929,78658126.0,171357039.908,上证50
000016.SH,20260306,2992.7021,2972.59,2999.7239,2970.5786,2988.4505,4.2516,0.1423,50536462.0,114511259.536,上证50
000016.SH,20260305,2988.4505,2993.5906,3001.0232,2978.0864,2974.2097,14.2408,0.4788,63797904.0,139933289.588,上证50
000016.SH,20260304,2974.2097,2985.632,2991.0309,2953.3247,3014.2702,-40.0605,-1.329,86833095.0,174492920.941,上证50
000016.SH,20260303,3014.2702,3045.7497,3056.9862,3008.0031,3046.4667,-32.1965,-1.0568,104832996.0,221706040.613,上证50
000016.SH,20260302,3046.4667,3031.4474,3050.9198,3010.0474,3039.431,7.0357,0.2315,83545593.0,193821718.736,上证50
000016.SH,20260227,3039.431,3026.0763,3049.3601,3025.7235,3035.0707,4.3603,0.1437,43909783.0,137365110.43,上证50
000016.SH,20260226,3035.0707,3059.6017,3060.3366,3023.4345,3054.9247,-19.854,-0.6499,43952257.0,141004998.912,上证50
000016.SH,20260225,3054.9247,3045.451,3080.0769,3041.5892,3041.3242,13.6005,0.4472,56685897.0,150622614.996,上证50
000016.SH,20260224,3041.3242,3075.4717,3075.8973,3039.4088,3034.3459,6.9783,0.23,43898842.0,128242969.782,上证50
000016.SH,20260213,3034.3459,3062.206,3066.039,3032.6561,3079.7273,-45.3814,-1.4736,45953549.0,125965616.371,上证50
000016.SH,20260212,3079.7273,3091.5288,3094.3349,3075.7602,3088.4571,-8.7298,-0.2827,44400996.0,130413439.92,上证50
000016.SH,20260211,3088.4571,3082.6989,3094.2502,3076.552,3087.405,1.0521,0.0341,36847609.0,114086375.889,上证50
000016.SH,20260210,3087.405,3086.3282,3091.3459,3079.9991,3081.7791,5.6259,0.1826,38162332.0,122015907.929,上证50
000016.SH,20260209,3081.7791,3066.3175,3081.8681,3059.0287,3037.8602,43.9189,1.4457,41923930.0,135722344.492,上证50
000016.SH,20260206,3037.8602,3027.1727,3056.0036,3015.6256,3059.012,-21.1518,-0.6915,46789818.0,133605955.584,上证50
000016.SH,20260205,3059.012,3048.8704,3066.5086,3030.8493,3069.2432,-10.2312,-0.3333,53716009.0,147997420.382,上证50
000016.SH,20260204,3069.2432,3033.5478,3070.1697,3030.338,3034.5803,34.6629,1.1423,61043659.0,169882139.247,上证50
000016.SH,20260203,3034.5803,3033.4696,3036.9966,2987.4057,3003.1373,31.443,1.047,64830347.0,192779506.096,上证50
000016.SH,20260202,3003.1373,3036.843,3076.0222,2997.8523,3066.4963,-63.359,-2.0662,80803317.0,208153102.798,上证50
000016.SH,20260130,3066.4963,3088.7871,3106.3309,3040.4227,3110.9135,-44.4172,-1.4278,79014687.0,222232774.299,上证50
000016.SH,20260129,3110.9135,3074.4865,3122.1416,3048.4132,3060.557,50.3565,1.6453,100710154.0,294888480.62,上证50
000016.SH,20260128,3060.557,3066.4252,3074.9759,3047.7853,3052.3932,8.1638,0.2675,96366780.0,252622549.761,上证50
000016.SH,20260127,3052.3932,3054.4006,3080.8178,3046.189,3049.5871,2.8061,0.092,75135914.0,202327301.285,上证50
000016.SH,20260126,3049.5871,3042.3684,3088.5681,3039.6437,3032.193,17.3941,0.5736,89102472.0,239455604.502,上证50
000016.SH,20260123,3032.193,3055.6858,3063.2584,3019.7623,3053.1277,-20.9347,-0.6857,69020151.0,200455523.519,上证50
000016.SH,20260122,3053.1277,3080.2049,3089.6732,3046.4282,3067.1753,-14.0476,-0.458,62918454.0,193411152.893,上证50
000016.SH,20260121,3067.1753,3073.7685,3097.663,3060.6465,3070.646,-3.4707,-0.113,65664880.0,198825917.004,上证50
000016.SH,20260120,3070.646,3077.9394,3090.0853,3058.6109,3075.9357,-5.2897,-0.172,60002533.0,175735632.215,上证50
000016.SH,20260119,3075.9357,3077.8064,3094.9717,3065.9404,3079.7631,-3.8274,-0.1243,55866599.0,166180043.159,上证50
000016.SH,20260116,3079.7631,3117.9333,3127.8486,3066.0908,3105.5751,-25.812,-0.8312,72454154.0,199999259.219,上证50
000016.SH,20260115,3105.5751,3104.3278,3130.9852,3097.1052,3112.0745,-6.4994,-0.2088,54417665.0,158767808.519,上证50
000016.SH,20260114,3112.0745,3136.8446,3169.7527,3106.1343,3132.9328,-20.8583,-0.6658,71957426.0,216077549.111,上证50
000016.SH,20260113,3132.9328,3150.7331,3177.7353,3123.1722,3143.7371,-10.8043,-0.3437,63160096.0,188852872.186,上证50
000016.SH,20260112,3143.7371,3146.5115,3148.1113,3125.1697,3134.3245,9.4126,0.3003,64461913.0,189801895.562,上证50
000016.SH,20260109,3134.3245,3121.1593,3146.7283,3112.4579,3122.0627,12.2618,0.3927,60149277.0,177739531.505,上证50
000016.SH,20260108,3122.0627,3137.8099,3142.8462,3107.0181,3145.1197,-23.057,-0.7331,53427374.0,187896245.567,上证50
000016.SH,20260107,3145.1197,3162.0215,3162.4444,3132.2315,3158.7632,-13.6435,-0.4319,52139422.0,169306826.046,上证50
000016.SH,20260106,3158.7632,3106.5201,3158.7632,3106.0869,3099.7462,59.017,1.9039,57494272.0,180047553.077,上证50
000016.SH,20260105,3099.7462,3052.1289,3105.4032,3052.1289,3031.1258,68.6204,2.2639,53501398.0,169562421.271,上证50
000016.SH,20251231,3031.1258,3038.6015,3051.4304,3026.4869,3036.5523,-5.4265,-0.1787,37358980.0,107667577.641,上证50
000016.SH,20251230,3036.5523,3023.3211,3049.3229,3022.2774,3034.6347,1.9176,0.0632,38538285.0,113175138.178,上证50
000300.SH,20260717,4529.0953,4661.6218,4663.5311,4492.085,4698.4344,-169.3391,-3.6042,302629886.0,920822412.822,沪深300
000300.SH,20260716,4698.4344,4711.532,4771.0573,4673.3503,4786.7828,-88.3484,-1.8457,251560977.0,798830386.8211,沪深300
000300.SH,20260715,4786.7828,4797.943,4826.8637,4772.0415,4796.502,-9.7192,-0.2026,278692669.0,858314510.3318,沪深300
000300.SH,20260714,4796.502,4691.1224,4796.502,4649.0444,4695.383,101.119,2.1536,283250986.0,924097145.1325,沪深300
000300.SH,20260713,4695.383,4745.4383,4775.2355,4670.2496,4780.7867,-85.4037,-1.7864,278634853.0,907944677.889,沪深300
000300.SH,20260710,4780.7867,4887.5355,4906.4898,4780.7468,4876.3125,-95.5258,-1.959,304130286.0,1083913073.0394,沪深300
000300.SH,20260709,4876.3125,4774.4021,4882.8477,4734.8666,4755.5338,120.7787,2.5398,281627705.0,947119396.8138,沪深300
000300.SH,20260708,4755.5338,4804.4837,4830.0464,4751.4045,4792.2624,-36.7286,-0.7664,243928749.0,783248978.2806,沪深300
000300.SH,20260707,4792.2624,4813.8707,4839.5098,4756.725,4841.998,-49.7356,-1.0272,246305999.0,762617505.5888,沪深300
000300.SH,20260706,4841.998,4868.5422,4878.3231,4789.7956,4842.1737,-0.1757,-0.0036,294050543.0,907946016.9534,沪深300
000300.SH,20260703,4842.1737,4809.4988,4890.9652,4809.4988,4812.2957,29.878,0.6209,301067568.0,942569894.3498,沪深300
000300.SH,20260702,4812.2957,4865.1713,4896.9934,4800.4842,4958.9773,-146.6816,-2.9579,343243758.0,1027796834.2327,沪深300
000300.SH,20260701,4958.9773,4972.6923,5017.3754,4925.6309,4979.4328,-20.4555,-0.4108,342934747.0,1101717525.9687,沪深300
000300.SH,20260630,4979.4328,4914.4934,4987.5599,4914.4934,4926.921,52.5118,1.0658,306150226.0,985795205.7039,沪深300
000300.SH,20260629,4926.921,4866.0432,4928.5987,4827.149,4868.2205,58.7005,1.2058,323216134.0,1053723822.5525,沪深300
000300.SH,20260626,4868.2205,4981.8251,4981.983,4845.1921,5020.1038,-151.8833,-3.0255,341179238.0,1068082662.0869,沪深300
000300.SH,20260625,5020.1038,4950.9753,5031.9994,4944.876,4943.0197,77.0841,1.5595,346664289.0,1110040892.2561,沪深300
000300.SH,20260624,4943.0197,4900.3838,4953.2321,4892.2676,4919.386,23.6337,0.4804,312249025.0,964945849.9787,沪深300
000300.SH,20260623,4919.386,5048.0255,5064.2654,4892.0944,5059.6582,-140.2722,-2.7724,342719336.0,1047052858.8213,沪深300
000300.SH,20260622,5059.6582,4949.3457,5061.5105,4928.4582,4941.5986,118.0596,2.3891,375100124.0,1145900296.7575,沪深300
000300.SH,20260618,4941.5986,4916.0442,4976.8909,4916.0442,4931.3861,10.2125,0.2071,334459902.0,1021710711.0561,沪深300
000300.SH,20260617,4931.3861,4859.7012,4933.9288,4859.7012,4884.2322,47.1539,0.9654,276053950.0,850367581.5807,沪深300
000300.SH,20260616,4884.2322,4894.8785,4908.2817,4866.0613,4891.7126,-7.4804,-0.1529,282584743.0,857202587.4781,沪深300
000300.SH,20260615,4891.7126,4829.2886,4892.5502,4803.1836,4777.3206,114.392,2.3945,331316076.0,914145755.8047,沪深300
000300.SH,20260612,4777.3206,4784.6396,4809.8606,4757.5574,4722.4122,54.9084,1.1627,335922063.0,871477325.2014,沪深300
000300.SH,20260611,4722.4122,4730.072,4766.1728,4685.5014,4748.5932,-26.181,-0.5513,247177059.0,653931756.2594,沪深300
000300.SH,20260610,4748.5932,4753.1154,4786.5162,4718.9946,4801.8106,-53.2174,-1.1083,259297109.0,694628416.0573,沪深300
000300.SH,20260609,4801.8106,4743.4505,4802.5047,4715.3907,4713.6358,88.1748,1.8706,258391601.0,713286998.8209,沪深300
000300.SH,20260608,4713.6358,4703.773,4779.8623,4677.5682,4816.9199,-103.2841,-2.1442,299647565.0,761046395.1659,沪深300
000300.SH,20260605,4816.9199,4886.9645,4924.3438,4798.9103,4904.7454,-87.8255,-1.7906,301929336.0,839863796.3956,沪深300
000300.SH,20260604,4904.7454,4897.3164,4938.7814,4889.7456,4938.8091,-34.0637,-0.6897,264808910.0,736143410.0034,沪深300
000300.SH,20260603,4938.8091,4921.3445,4991.8525,4904.8969,4914.5591,24.25,0.4934,304035947.0,906047729.419,沪深300
000300.SH,20260602,4914.5591,4860.6119,4930.2776,4831.9972,4844.2556,70.3035,1.4513,281731662.0,806751344.3952,沪深300
000300.SH,20260601,4844.2556,4897.8968,4918.7935,4836.6851,4892.1213,-47.8657,-0.9784,296134051.0,823984849.0001,沪深300
000300.SH,20260529,4892.1213,4937.5119,4954.0703,4878.7869,4914.2133,-22.092,-0.4496,332518610.0,942236490.0581,沪深300
000300.SH,20260528,4914.2133,4889.2659,4922.3297,4843.2265,4908.1714,6.0419,0.1231,267432731.0,819897918.9031,沪深300
000300.SH,20260527,4908.1714,4940.9454,4974.2108,4891.3428,4947.8493,-39.6779,-0.8019,301709175.0,909011906.95,沪深300
000300.SH,20260526,4947.8493,4900.1152,4952.7412,4892.683,4921.5974,26.2519,0.5334,302799476.0,899094487.8569,沪深300
000300.SH,20260525,4921.5974,4873.1962,4922.4375,4857.1345,4845.0956,76.5018,1.579,264743236.0,861179421.8998,沪深300
000300.SH,20260522,4845.0956,4818.8435,4851.3489,4785.3486,4783.0976,61.998,1.2962,286940435.0,771823300.8507,沪深300
000300.SH,20260521,4783.0976,4886.2389,4937.9327,4780.7107,4850.7,-67.6024,-1.3937,287342507.0,891936347.9703,沪深300
000300.SH,20260520,4850.7,4829.6129,4866.2121,4825.643,4852.8832,-2.1832,-0.045,220023206.0,729653332.839,沪深300
000300.SH,20260519,4852.8832,4818.7051,4854.5247,4773.534,4833.5237,19.3595,0.4005,232280852.0,712401049.9845,沪深300
000300.SH,20260518,4833.5237,4836.3286,4868.6008,4806.1455,4859.5927,-26.069,-0.5364,239077587.0,733452822.6238,沪深300
000300.SH,20260515,4859.5927,4911.6223,4935.6173,4832.6899,4914.5971,-55.0044,-1.1192,276967769.0,887687426.9845,沪深300
000300.SH,20260514,4914.5971,5027.6405,5030.5187,4913.6037,4998.3417,-83.7446,-1.6754,280695379.0,857446326.2476,沪深300
000300.SH,20260513,4998.3417,4919.4248,5001.1201,4919.4248,4948.0465,50.2952,1.0165,268454537.0,823173197.9285,沪深300
000300.SH,20260512,4948.0465,4965.0175,4971.3026,4926.7897,4951.8366,-3.7901,-0.0765,273812001.0,819351442.6644,沪深300
000300.SH,20260511,4951.8366,4902.2775,4960.3975,4889.5659,4871.9122,79.9244,1.6405,305734801.0,904479321.9021,沪深300
000300.SH,20260508,4871.9122,4871.1185,4887.2129,4849.9871,4900.5098,-28.5976,-0.5836,251720996.0,716546104.146,沪深300
000300.SH,20260507,4900.5098,4895.8001,4901.8575,4866.8749,4877.0932,23.4166,0.4801,257833972.0,787236200.0227,沪深300
000300.SH,20260506,4877.0932,4857.6537,4892.7957,4834.2807,4807.3069,69.7863,1.4517,274443880.0,881744311.6351,沪深300
000300.SH,20260430,4807.3069,4820.9716,4829.2715,4797.5445,4810.3468,-3.0399,-0.0632,250633370.0,726665374.5163,沪深300
000300.SH,20260429,4810.3468,4737.5755,4813.6104,4737.1139,4758.2083,52.1385,1.0958,233298110.0,681020507.3006,沪深300
000300.SH,20260428,4758.2083,4757.0766,4778.1891,4743.4355,4770.9469,-12.7386,-0.267,216724233.0,631521664.9309,沪深300
000300.SH,20260427,4770.9469,4776.3351,4795.1682,4762.6441,4769.3688,1.5781,0.0331,192796550.0,648904814.9811,沪深300
000300.SH,20260424,4769.3688,4771.7348,4786.444,4735.606,4786.3273,-16.9585,-0.3543,193798314.0,680097832.5473,沪深300
000300.SH,20260423,4786.3273,4816.0267,4823.4704,4759.86,4799.627,-13.2997,-0.2771,232865736.0,693853775.9756,沪深300
000300.SH,20260422,4799.627,4751.2794,4801.4465,4750.3502,4767.997,31.63,0.6634,204481830.0,619505670.177,沪深300
000300.SH,20260421,4767.997,4750.5149,4776.8258,4722.0074,4757.4419,10.5551,0.2219,205614058.0,580407995.6197,沪深300
000300.SH,20260420,4757.4419,4727.1661,4763.0427,4720.6853,4728.6716,28.7703,0.6084,221633494.0,626568410.3309,沪深300
000300.SH,20260417,4728.6716,4728.9951,4738.3236,4714.4669,4736.6077,-7.9361,-0.1675,182915336.0,587622682.3079,沪深300
000300.SH,20260416,4736.6077,4694.4309,4739.2208,4689.414,4685.2464,51.3613,1.0962,192057600.0,567611323.5922,沪深300
000300.SH,20260415,4685.2464,4726.6381,4731.2729,4672.556,4701.2837,-16.0373,-0.3411,201688500.0,604550556.7983,沪深300
000300.SH,20260414,4701.2837,4676.1235,4701.2837,4654.8526,4646.1546,55.1291,1.1866,204700332.0,605717793.5853,沪深300
000300.SH,20260413,4646.1546,4615.133,4653.3983,4615.133,4636.5655,9.5891,0.2068,196712277.0,556620945.2403,沪深300
000300.SH,20260410,4636.5655,4594.9467,4655.0988,4590.1089,4566.2237,70.3418,1.5405,208678605.0,625717995.6482,沪深300
000300.SH,20260409,4566.2237,4562.6696,4579.197,4552.4244,4595.556,-29.3323,-0.6383,184939783.0,500445676.6607,沪深300
000300.SH,20260408,4595.556,4517.3403,4595.556,4513.7705,4440.6162,154.9398,3.4892,253339213.0,641779180.9695,沪深300
000300.SH,20260407,4440.6162,4445.8613,4458.9264,4420.6939,4440.7889,-0.1727,-0.0039,162638787.0,378261695.0148,沪深300
000300.SH,20260403,4440.7889,4492.8461,4494.4571,4437.5952,4478.9141,-38.1252,-0.8512,168321705.0,373234910.1577,沪深300
000300.SH,20260402,4478.9141,4514.4416,4519.6931,4459.6095,4526.0668,-47.1527,-1.0418,190992161.0,429949131.6999,沪深300
000300.SH,20260401,4526.0668,4517.2717,4532.1093,4492.0544,4450.0493,76.0175,1.7082,216483196.0,503744056.996,沪深300
000300.SH,20260331,4450.0493,4491.9209,4523.1745,4450.0493,4491.95,-41.9007,-0.9328,224541585.0,484558113.0112,沪深300
000300.SH,20260330,4491.95,4461.7367,4496.4109,4447.1373,4502.5698,-10.6198,-0.2359,209293092.0,444629519.7112,沪深300
000300.SH,20260327,4502.5698,4431.5034,4519.8903,4431.4205,4477.5343,25.0355,0.5591,192400388.0,440517561.6171,沪深300
000300.SH,20260326,4477.5343,4525.3291,4541.0502,4468.9571,4537.4656,-59.9313,-1.3208,213736788.0,471127498.4143,沪深300
000300.SH,20260325,4537.4656,4506.6247,4542.1806,4502.0265,4474.7224,62.7432,1.4022,262639279.0,550428161.1883,沪深300
000300.SH,20260324,4474.7224,4458.9074,4474.825,4394.2943,4417.9971,56.7253,1.284,255532517.0,530149390.3142,沪深300
000300.SH,20260323,4417.9971,4499.1004,4514.7182,4397.5661,4567.0179,-149.0208,-3.263,328081945.0,671719761.0609,沪深300
000300.SH,20260320,4567.0179,4602.8205,4628.7118,4563.0687,4583.2511,-16.2332,-0.3542,257873703.0,615463088.5578,沪深300
000300.SH,20260319,4583.2511,4611.4399,4634.5468,4570.392,4658.3324,-75.0813,-1.6118,254130449.0,547850295.7892,沪深300
000300.SH,20260318,4658.3324,4648.7517,4662.2936,4604.5163,4637.4392,20.8932,0.4505,234690705.0,524173911.454,沪深300
000300.SH,20260317,4637.4392,4685.5697,4720.8608,4637.368,4671.5591,-34.1199,-0.7304,263021913.0,578501505.8076,沪深300
000300.SH,20260316,4671.5591,4669.2241,4673.6929,4621.8118,4669.14,2.4191,0.0518,296215070.0,598799098.3564,沪深300
000300.SH,20260313,4669.14,4669.0619,4707.4194,4659.4979,4687.5601,-18.4201,-0.393,310772009.0,580305608.1978,沪深300
000300.SH,20260312,4687.5601,4700.7205,4704.3791,4654.3147,4704.4959,-16.9358,-0.36,302986816.0,572105482.4638,沪深300
000300.SH,20260311,4704.4959,4681.0316,4711.8671,4674.7088,4674.7562,29.7397,0.6362,270175443.0,579564397.5803,沪深300
000300.SH,20260310,4674.7562,4648.7851,4677.5958,4648.7851,4615.4551,59.3011,1.2848,263903748.0,557607876.1486,沪深300
000300.SH,20260309,4615.4551,4600.2535,4625.9814,4548.969,4660.439,-44.9839,-0.9652,322787617.0,665821508.0053,沪深300
000300.SH,20260306,4660.439,4621.4939,4671.7126,4612.7943,4647.6921,12.7469,0.2743,238527926.0,487807080.1569,沪深300
000300.SH,20260305,4647.6921,4651.9415,4671.5268,4630.3024,4602.6247,45.0674,0.9792,259317825.0,570443777.0846,沪深300
000300.SH,20260304,4602.6247,4609.1918,4639.4204,4575.8249,4655.8962,-53.2715,-1.1442,303035666.0,608923128.5903,沪深300
000300.SH,20260303,4655.8962,4737.3164,4744.5987,4651.4047,4728.6688,-72.7726,-1.539,370624272.0,801659243.77,沪深300
000300.SH,20260302,4728.6688,4681.0141,4735.4055,4667.2752,4710.6469,18.0219,0.3826,349260752.0,752681937.7704,沪深300
000300.SH,20260227,4710.6469,4698.3,4721.0141,4692.891,4726.8739,-16.227,-0.3433,261420865.0,578820992.5103,沪深300
000300.SH,20260226,4726.8739,4741.3896,4742.1476,4706.6943,4735.8858,-9.0119,-0.1903,234847644.0,599848915.4049,沪深300
000300.SH,20260225,4735.8858,4713.5754,4766.5587,4713.3438,4707.544,28.3418,0.6021,284268354.0,596903872.6167,沪深300
000300.SH,20260224,4707.544,4727.2961,4727.373,4698.3488,4660.4056,47.1384,1.0115,218488890.0,526084235.584,沪深300
000300.SH,20260213,4660.4056,4693.4106,4703.6332,4658.4038,4719.578,-59.1724,-1.2538,189167756.0,452878594.0688,沪深300
000300.SH,20260212,4719.578,4720.0085,4726.0426,4707.7359,4713.8185,5.7595,0.1222,197841439.0,490473852.2751,沪深300
000300.SH,20260211,4713.8185,4715.6697,4723.7043,4703.6873,4724.2956,-10.4771,-0.2218,173391681.0,433428613.402,沪深300
000300.SH,20260210,4724.2956,4718.2552,4732.0871,4713.8684,4719.0559,5.2397,0.111,187000958.0,450339578.9784,沪深300
000300.SH,20260209,4719.0559,4693.6715,4719.9642,4679.9037,4643.5959,75.46,1.625,207251938.0,522757267.1994,沪深300
000300.SH,20260206,4643.5959,4622.9747,4678.2618,4606.6379,4670.4188,-26.8229,-0.5743,202716477.0,505759806.2378,沪深300
000300.SH,20260205,4670.4188,4664.7478,4687.0213,4639.43,4698.6832,-28.2644,-0.6015,237856351.0,550433167.1971,沪深300
000300.SH,20260204,4698.6832,4647.9671,4701.4768,4641.8424,4660.1074,38.5758,0.8278,264881032.0,636018589.8627,沪深300
000300.SH,20260203,4660.1074,4648.3574,4662.1264,4578.2087,4605.9799,54.1275,1.1752,265549405.0,666626842.8107,沪深300
000300.SH,20260202,4605.9799,4674.2759,4716.6069,4601.7603,4706.3401,-100.3602,-2.1324,304773500.0,725920381.252,沪深300
000300.SH,20260130,4706.3401,4723.081,4738.8711,4645.4706,4753.8697,-47.5296,-0.9998,319786531.0,750564885.1954,沪深300
000300.SH,20260129,4753.8697,4733.0879,4770.9599,4696.0536,4717.9914,35.8783,0.7605,415513055.0,917966160.3393,沪深300
000300.SH,20260128,4717.9914,4725.6014,4739.6257,4697.9063,4705.6918,12.2996,0.2614,382255602.0,829414067.0554,沪深300
000300.SH,20260127,4705.6918,4705.1744,4736.9857,4675.6409,4706.964,-1.2722,-0.027,301475697.0,715267914.8403,沪深300
000300.SH,20260126,4706.964,4715.3753,4754.1777,4693.1577,4702.4966,4.4674,0.095,363004481.0,796832970.3152,沪深300
000300.SH,20260123,4702.4966,4729.585,4734.7942,4684.6172,4723.7091,-21.2125,-0.4491,314635445.0,755617735.5283,沪深300
000300.SH,20260122,4723.7091,4741.7548,4757.7637,4700.4482,4723.0692,0.6399,0.0135,274199932.0,690235248.1605,沪深300
000300.SH,20260121,4723.0692,4714.5541,4758.2793,4714.2366,4718.8782,4.191,0.0888,266353332.0,665330511.2373,沪深300
000300.SH,20260120,4718.8782,4736.9096,4748.2297,4684.9684,4734.4556,-15.5774,-0.329,282719579.0,671960685.3914,沪深300
000300.SH,20260119,4734.4556,4720.1945,4761.6317,4715.0867,4731.8728,2.5828,0.0546,267612492.0,655149256.2357,沪深300
000300.SH,20260116,4731.8728,4778.4302,4792.5514,4715.3646,4751.4293,-19.5565,-0.4116,325278929.0,785624166.0963,沪深300
000300.SH,20260115,4751.4293,4721.7966,4769.5478,4720.9368,4741.9306,9.4987,0.2003,254003636.0,674058683.6396,沪深300
000300.SH,20260114,4741.9306,4767.6956,4818.1008,4720.246,4761.0324,-19.1018,-0.4012,364951023.0,891334219.1743,沪深300
000300.SH,20260113,4761.0324,4798.0488,4836.9549,4745.5154,4789.9155,-28.8831,-0.603,301449497.0,801054979.6398,沪深300
000300.SH,20260112,4789.9155,4769.6501,4795.9327,4737.5702,4758.9221,30.9934,0.6513,294833165.0,799954082.3881,沪深300
000300.SH,20260109,4758.9221,4725.9571,4771.4276,4719.134,4737.6536,21.2685,0.4489,254688038.0,668788811.1269,沪深300
000300.SH,20260108,4737.6536,4761.0105,4765.4863,4717.0091,4776.6658,-39.0122,-0.8167,238804957.0,630655637.9616,沪深300
000300.SH,20260107,4776.6658,4796.9335,4802.6028,4751.0713,4790.6938,-14.028,-0.2928,259095564.0,664897929.3607,沪深300
000300.SH,20260106,4790.6938,4719.2088,4790.6938,4718.0099,4717.7457,72.9481,1.5462,296970686.0,725414566.8729,沪深300
000300.SH,20260105,4717.7457,4661.616,4721.6378,4661.616,4629.9395,87.8062,1.8965,234144839.0,630577351.3114,沪深300
000300.SH,20251231,4629.9395,4656.48,4667.0467,4622.0988,4651.2818,-21.3423,-0.4588,170760224.0,444491545.749,沪深300
000300.SH,20251230,4651.2818,4617.3163,4664.3305,4616.6323,4639.3721,11.9097,0.2567,180374974.0,457185489.0368,沪深300
000905.SH,20260717,7513.7627,7900.097,7908.7387,7474.1508,7955.6635,-441.9008,-5.5545,236745743.0,511959798.3269,中证500
000905.SH,20260716,7955.6635,8006.4489,8148.0419,7907.0974,8147.5786,-191.9151,-2.3555,193110603.0,474607241.0548,中证500
000905.SH,20260715,8147.5786,8294.1422,8305.2723,8117.4588,8275.9388,-128.3602,-1.551,209115524.0,512588772.7253,中证500
000905.SH,20260714,8275.9388,8135.0456,8275.9601,7955.3082,8138.1443,137.7945,1.6932,215841090.0,562942515.9659,中证500
000905.SH,20260713,8138.1443,8409.1434,8457.6923,8106.2688,8503.9705,-365.8262,-4.3018,224037631.0,572975762.1039,中证500
000905.SH,20260710,8503.9705,8672.3631,8783.249,8503.2448,8652.787,-148.8165,-1.7199,251414388.0,713405548.5125,中证500
000905.SH,20260709,8652.787,8437.1473,8659.6504,8281.9533,8390.0194,262.7676,3.1319,215080488.0,602726823.2964,中证500
000905.SH,20260708,8390.0194,8539.0155,8571.5247,8343.9232,8508.7885,-118.7691,-1.3958,197220165.0,550698180.8109,中证500
000905.SH,20260707,8508.7885,8604.0756,8663.6652,8457.5756,8651.1339,-142.3454,-1.6454,199639190.0,530938136.0924,中证500
000905.SH,20260706,8651.1339,8790.9674,8823.0502,8570.8924,8745.2607,-94.1268,-1.0763,230152910.0,647313365.6098,中证500
000905.SH,20260703,8745.2607,8702.3265,8860.4157,8636.1503,8694.1756,51.0851,0.5876,230148424.0,661131228.3728,中证500
000905.SH,20260702,8694.1756,8829.6208,8932.6466,8667.4191,9028.9326,-334.757,-3.7076,261281407.0,732955232.2183,中证500
000905.SH,20260701,9028.9326,9052.0429,9147.5592,8956.1848,9031.3788,-2.4462,-0.0271,263104578.0,757642507.5754,中证500
000905.SH,20260630,9031.3788,8815.1067,9040.1322,8771.6552,8821.0944,210.2844,2.3839,224330809.0,695096018.6339,中证500
000905.SH,20260629,8821.0944,8731.5763,8837.0312,8587.8817,8703.5652,117.5292,1.3504,251461066.0,741568075.8826,中证500
000905.SH,20260626,8703.5652,8891.0312,8926.7514,8647.7678,8938.0113,-234.4461,-2.623,258558296.0,745538234.8943,中证500
000905.SH,20260625,8938.0113,8844.849,8940.9587,8803.5962,8842.9378,95.0735,1.0751,260102086.0,744120017.7376,中证500
000905.SH,20260624,8842.9378,8638.6561,8850.7909,8613.0845,8688.5923,154.3455,1.7764,245311473.0,684019604.1571,中证500
000905.SH,20260623,8688.5923,8831.5916,8895.3398,8629.0106,8868.782,-180.1897,-2.0317,272403149.0,713885739.5581,中证500
000905.SH,20260622,8868.782,8709.664,8870.485,8605.223,8673.0899,195.6921,2.2563,280023119.0,759846035.6271,中证500
000905.SH,20260618,8673.0899,8590.4987,8716.3417,8587.9818,8627.0862,46.0037,0.5332,239467579.0,667474010.7449,中证500
000905.SH,20260617,8627.0862,8451.6325,8630.5156,8451.6325,8507.9799,119.1063,1.3999,224646015.0,655611276.4926,中证500
000905.SH,20260616,8507.9799,8430.9157,8538.1941,8413.5082,8406.7479,101.232,1.2042,231495094.0,637593605.9197,中证500
000905.SH,20260615,8406.7479,8175.0523,8406.7793,8174.5906,8106.203,300.5449,3.7076,255562638.0,624419626.262,中证500
000905.SH,20260612,8106.203,8189.2103,8258.9084,8098.7805,8035.7788,70.4242,0.8764,266244080.0,668679920.7236,中证500
000905.SH,20260611,8035.7788,8025.608,8091.6829,7965.0233,8063.8637,-28.0849,-0.3483,196857776.0,512698921.0929,中证500
000905.SH,20260610,8063.8637,8094.1367,8148.255,7973.547,8176.1785,-112.3148,-1.3737,210910098.0,509158413.5519,中证500
000905.SH,20260609,8176.1785,8059.339,8181.1277,7965.4851,7963.4529,212.7256,2.6713,209292978.0,506484788.5459,中证500
000905.SH,20260608,7963.4529,7978.6598,8142.3354,7889.3991,8251.1407,-287.6878,-3.4866,244793198.0,562548949.6972,中证500
000905.SH,20260605,8251.1407,8317.6415,8399.4084,8218.1415,8356.7444,-105.6037,-1.2637,247089347.0,612246476.401,中证500
000905.SH,20260604,8356.7444,8279.8632,8391.0521,8279.8632,8362.156,-5.4116,-0.0647,230821976.0,570131396.5025,中证500
000905.SH,20260603,8362.156,8317.0025,8462.67,8294.2881,8321.4347,40.7213,0.4894,253576531.0,608167868.4001,中证500
000905.SH,20260602,8321.4347,8290.8329,8378.4341,8142.5071,8274.212,47.2227,0.5707,239589696.0,548050911.6525,中证500
000905.SH,20260601,8274.212,8358.4866,8442.5323,8259.6,8359.5596,-85.3476,-1.021,258175027.0,584223622.4135,中证500
000905.SH,20260529,8359.5596,8589.818,8597.9839,8296.2406,8563.2218,-203.6622,-2.3783,281190616.0,661406695.2033,中证500
000905.SH,20260528,8563.2218,8503.6714,8596.4487,8424.449,8530.9802,32.2416,0.3779,242240006.0,596276737.1613,中证500
000905.SH,20260527,8530.9802,8659.2188,8722.5814,8491.3163,8658.6192,-127.639,-1.4741,259116734.0,676927953.5028,中证500
000905.SH,20260526,8658.6192,8665.4355,8673.2096,8529.666,8703.8901,-45.2709,-0.5201,247107844.0,647239450.0105,中证500
000905.SH,20260525,8703.8901,8631.2078,8705.1965,8543.8916,8576.9402,126.9499,1.4801,235052890.0,629332990.0937,中证500
000905.SH,20260522,8576.9402,8473.6091,8591.1549,8414.9398,8419.8373,157.1029,1.8659,221610391.0,556432683.5019,中证500
000905.SH,20260521,8419.8373,8703.1742,8790.3751,8406.2885,8656.3062,-236.4689,-2.7318,279489158.0,687607693.4492,中证500
000905.SH,20260520,8656.3062,8581.3938,8681.7226,8552.4273,8627.9461,28.3601,0.3287,230418697.0,574479528.7273,中证500
000905.SH,20260519,8627.9461,8524.1543,8633.0613,8416.515,8554.2372,73.7089,0.8617,243868820.0,571306974.464,中证500
000905.SH,20260518,8554.2372,8493.0157,8606.4096,8472.4244,8536.3444,17.8928,0.2096,231093417.0,559260917.3402,中证500
000905.SH,20260515,8536.3444,8676.621,8717.0924,8473.0421,8670.1574,-133.813,-1.5434,270961762.0,643023956.6181,中证500
000905.SH,20260514,8670.1574,8952.9502,8956.6619,8670.1574,8918.239,-248.0816,-2.7817,289502566.0,658225134.8612,中证500
000905.SH,20260513,8918.239,8730.913,8925.877,8730.913,8785.9791,132.2599,1.5054,254096888.0,637052785.9575,中证500
000905.SH,20260512,8785.9791,8856.1797,8856.1797,8736.4171,8839.7415,-53.7624,-0.6082,269870968.0,633557984.263,中证500
000905.SH,20260511,8839.7415,8771.1761,8863.769,8716.4515,8694.1709,145.5706,1.6743,288330196.0,709124529.1474,中证500
000905.SH,20260508,8694.1709,8638.8383,8706.333,8616.2233,8696.7989,-2.628,-0.0302,271143535.0,609002654.328,中证500
000905.SH,20260507,8696.7989,8637.8414,8700.3353,8598.7116,8588.4399,108.359,1.2617,270994179.0,620440650.7481,中证500
000905.SH,20260506,8588.4399,8441.3419,8621.3457,8441.3419,8349.5081,238.9318,2.8616,274647452.0,635607537.7825,中证500
000905.SH,20260430,8349.5081,8331.4394,8375.1934,8300.5019,8342.4217,7.0864,0.0849,247554652.0,535036483.4805,中证500
000905.SH,20260429,8342.4217,8157.3548,8356.7152,8157.3548,8203.9614,138.4603,1.6877,230872017.0,489715085.6542,中证500
000905.SH,20260428,8203.9614,8274.6312,8275.328,8173.4448,8299.0486,-95.0872,-1.1458,220109130.0,494514573.5125,中证500
000905.SH,20260427,8299.0486,8236.4336,8326.1546,8219.943,8247.8759,51.1727,0.6204,224595802.0,524219030.9704,中证500
000905.SH,20260424,8247.8759,8244.7784,8299.8778,8165.8037,8295.207,-47.3311,-0.5706,222311893.0,518618099.348,中证500
000905.SH,20260423,8295.207,8387.7647,8401.4992,8220.9526,8376.1808,-80.9738,-0.9667,249486989.0,565097207.1069,中证500
000905.SH,20260422,8376.1808,8226.8516,8377.3362,8226.8516,8270.3266,105.8542,1.2799,213337236.0,501951553.1192,中证500
000905.SH,20260421,8270.3266,8263.3791,8281.3207,8189.7576,8290.0224,-19.6958,-0.2376,201836317.0,441523125.4716,中证500
000905.SH,20260420,8290.0224,8223.5842,8310.9444,8214.2626,8214.1939,75.8285,0.9231,213764020.0,507388177.4132,中证500
000905.SH,20260417,8214.1939,8155.3958,8230.1072,8149.938,8180.0815,34.1124,0.417,191578840.0,453410855.6514,中证500
000905.SH,20260416,8180.0815,8068.1536,8189.1751,8056.781,8044.0773,136.0042,1.6907,188455683.0,429996215.5017,中证500
000905.SH,20260415,8044.0773,8144.8093,8150.622,8020.868,8088.5687,-44.4914,-0.5501,203656066.0,456985404.0688,中证500
000905.SH,20260414,8088.5687,8039.0737,8088.5687,8002.6484,7967.697,120.8717,1.517,214295672.0,460131213.095,中证500
000905.SH,20260413,7967.697,7917.9194,7990.9809,7917.9194,7969.3646,-1.6676,-0.0209,194948695.0,409703666.1983,中证500
000905.SH,20260410,7969.3646,7958.8149,8070.6482,7953.4969,7898.6329,70.7317,0.8955,203404351.0,433921803.7321,中证500
000905.SH,20260409,7898.6329,7865.2051,7947.6782,7845.9575,7945.1527,-46.5198,-0.5855,190555650.0,398032241.4103,中证500
000905.SH,20260408,7945.1527,7741.6345,7945.1527,7741.6345,7571.1106,374.0421,4.9404,231936612.0,460383859.3209,中证500
000905.SH,20260407,7571.1106,7562.1371,7630.1357,7529.3992,7534.938,36.1726,0.4801,146961357.0,279371106.6771,中证500
000905.SH,20260403,7534.938,7636.6633,7640.8412,7518.3455,7605.2932,-70.3552,-0.9251,151637356.0,283332454.8786,中证500
000905.SH,20260402,7605.2932,7726.4451,7740.0952,7562.2104,7750.0924,-144.7992,-1.8684,172084873.0,325589868.2028,中证500
000905.SH,20260401,7750.0924,7764.3363,7778.9878,7689.5897,7617.3262,132.7662,1.743,175960670.0,354799494.8009,中证500
000905.SH,20260331,7617.3262,7740.5787,7788.8928,7617.3262,7753.7234,-136.3972,-1.7591,199086035.0,376502133.0105,中证500
000905.SH,20260330,7753.7234,7655.1534,7766.1107,7610.5492,7737.6144,16.109,0.2082,197838569.0,361442205.0727,中证500
000905.SH,20260327,7737.6144,7539.1959,7785.3777,7539.1959,7642.1302,95.4842,1.2494,188205066.0,344204684.3208,中证500
000905.SH,20260326,7642.1302,7757.0185,7777.29,7620.7773,7767.6654,-125.5352,-1.6161,206216126.0,355916679.3111,中证500
000905.SH,20260325,7767.6654,7660.4009,7806.9106,7660.4009,7597.3732,170.2922,2.2415,240711554.0,423378163.9519,中证500
000905.SH,20260324,7597.3732,7555.0818,7597.3732,7379.8608,7440.7451,156.6281,2.105,228966418.0,388538162.3835,中证500
000905.SH,20260323,7440.7451,7623.2446,7708.4298,7399.0423,7760.0365,-319.2914,-4.1146,271561024.0,451938508.5095,中证500
000905.SH,20260320,7760.0365,7913.4854,7941.5857,7757.8333,7877.09,-117.0535,-1.486,219448788.0,417113691.3109,中证500
000905.SH,20260319,7877.09,7975.8477,8000.4297,7844.1519,8096.4276,-219.3376,-2.7091,219744866.0,394855039.9422,中证500
000905.SH,20260318,8096.4276,8044.9186,8105.9551,7958.4504,8016.0262,80.4014,1.003,206493923.0,391242647.4815,中证500
000905.SH,20260317,8016.0262,8199.9926,8207.4607,8016.002,8185.152,-169.1258,-2.0663,230132800.0,406247342.9069,中证500
000905.SH,20260316,8185.152,8227.6932,8233.6551,8060.7824,8239.798,-54.646,-0.6632,256205982.0,460796897.3775,中证500
000905.SH,20260313,8239.798,8317.7799,8371.7157,8217.9686,8359.4721,-119.6741,-1.4316,288130990.0,482367288.6754,中证500
000905.SH,20260312,8359.4721,8396.7222,8433.0374,8290.5879,8403.3296,-43.8575,-0.5219,282436504.0,478413662.7333,中证500
000905.SH,20260311,8403.3296,8419.3105,8439.6188,8379.0332,8410.303,-6.9734,-0.0829,264487389.0,495752480.8304,中证500
000905.SH,20260310,8410.303,8341.1447,8412.9325,8330.9345,8279.4811,130.8219,1.5801,239941358.0,465082278.9868,中证500
000905.SH,20260309,8279.4811,8234.1927,8305.9247,8066.1408,8360.3347,-80.8536,-0.9671,286518510.0,523828528.0671,中证500
000905.SH,20260306,8360.3347,8273.1829,8394.3341,8258.6447,8309.1713,51.1634,0.6157,234514960.0,427695132.1132,中证500
000905.SH,20260305,8309.1713,8383.5464,8391.0367,8251.1062,8248.945,60.2263,0.7301,256343454.0,472940762.5988,中证500
000905.SH,20260304,8248.945,8167.9811,8377.1743,8167.9811,8281.6139,-32.6689,-0.3945,272107714.0,471470145.3189,中证500
000905.SH,20260303,8281.6139,8651.06,8654.5678,8267.1091,8658.3336,-376.7197,-4.3509,346153906.0,634660475.3726,中证500
000905.SH,20260302,8658.3336,8585.8534,8683.9816,8551.4601,8658.4503,-0.1167,-0.0013,339032296.0,619505358.9946,中证500
000905.SH,20260227,8658.4503,8499.7957,8658.4503,8499.7957,8557.216,101.2343,1.183,280361167.0,512821943.0807,中证500
000905.SH,20260226,8557.216,8542.8324,8582.7633,8490.9215,8527.5593,29.6567,0.3478,254111765.0,513984663.1507,中证500
000905.SH,20260225,8527.5593,8412.08,8551.5345,8401.5965,8392.9098,134.6495,1.6043,277893389.0,506848669.8293,中证500
000905.SH,20260224,8392.9098,8403.3106,8444.1283,8328.5678,8299.585,93.3248,1.1245,224629278.0,449713840.3442,中证500
000905.SH,20260213,8299.585,8366.3327,8419.7618,8290.8388,8423.5695,-123.9845,-1.4719,202785725.0,406320461.0616,中证500
000905.SH,20260212,8423.5695,8342.365,8437.4202,8341.7705,8325.8107,97.7588,1.1742,212138318.0,438320451.2041,中证500
000905.SH,20260211,8325.8107,8295.3326,8373.5033,8295.1223,8306.4448,19.3659,0.2331,204019703.0,388612429.4043,中证500
000905.SH,20260210,8306.4448,8318.5325,8331.9858,8258.1519,8311.2829,-4.8381,-0.0582,195806220.0,394283311.159,中证500
000905.SH,20260209,8311.2829,8280.1088,8313.4692,8229.0026,8146.4128,164.8701,2.0238,211667566.0,427982319.2516,中证500
000905.SH,20260206,8146.4128,8054.218,8247.2968,8014.6599,8146.1073,0.3055,0.0038,218642144.0,418373434.7809,中证500
000905.SH,20260205,8146.1073,8203.0627,8224.7847,8081.4283,8299.0574,-152.9501,-1.843,231840515.0,435277701.0637,中证500
000905.SH,20260204,8299.0574,8270.842,8309.8579,8179.3522,8286.7005,12.3569,0.1491,268860277.0,501886746.8357,中证500
000905.SH,20260203,8286.7005,8135.8699,8286.7005,8075.3738,8037.0456,249.6549,3.1063,272227136.0,543264486.1911,中证500
000905.SH,20260202,8037.0456,8279.7152,8324.4341,8032.35,8370.5203,-333.4747,-3.9839,299646022.0,546055656.7178,中证500
000905.SH,20260130,8370.5203,8439.6524,8496.3367,8194.5842,8517.8429,-147.3226,-1.7296,328947170.0,600497374.4705,中证500
000905.SH,20260129,8517.8429,8584.6806,8658.9445,8503.0945,8601.1644,-83.3215,-0.9687,354198387.0,666256871.1483,中证500
000905.SH,20260128,8601.1644,8565.3388,8633.1468,8526.5335,8548.9321,52.2323,0.611,311774257.0,612731517.8495,中证500
000905.SH,20260127,8548.9321,8464.6504,8581.1049,8368.1751,8506.6932,42.2389,0.4965,302852606.0,610885915.2692,中证500
000905.SH,20260126,8506.6932,8624.8883,8671.3461,8453.4762,8590.1659,-83.4727,-0.9717,349285597.0,692104522.3997,中证500
000905.SH,20260123,8590.1659,8422.3561,8590.1659,8417.752,8387.595,202.5709,2.4151,319690069.0,639421447.042,中证500
000905.SH,20260122,8387.595,8355.6781,8396.1328,8337.195,8340.1133,47.4817,0.5693,268805243.0,546138129.6539,中证500
000905.SH,20260121,8340.1133,8196.5565,8351.4545,8196.5565,8247.8049,92.3084,1.1192,243304381.0,517592184.7575,中证500
000905.SH,20260120,8247.8049,8307.6416,8342.8738,8142.1424,8287.947,-40.1421,-0.4843,289864460.0,588171478.6681,中证500
000905.SH,20260119,8287.947,8199.4986,8318.3703,8195.089,8232.674,55.273,0.6714,261497382.0,560926083.7672,中证500
000905.SH,20260116,8232.674,8241.6934,8292.7409,8204.5254,8223.2683,9.4057,0.1144,281979042.0,616185542.2964,中证500
000905.SH,20260115,8223.2683,8170.3486,8249.0307,8148.7884,8227.697,-4.4287,-0.0538,313595830.0,600802134.8394,中证500
000905.SH,20260114,8227.697,8165.352,8368.2215,8123.4045,8143.28,84.417,1.0366,422766002.0,815959272.0954,中证500
000905.SH,20260113,8143.28,8270.4224,8270.4224,8106.6099,8249.1275,-105.8475,-1.2831,364131033.0,735218804.6889,中证500
000905.SH,20260112,8249.1275,8141.6262,8261.3544,8103.2382,8056.6858,192.4417,2.3886,335236286.0,685824116.9766,中证500
000905.SH,20260109,8056.6858,7907.8485,8064.7584,7907.8485,7894.5447,162.1411,2.0538,314624674.0,631145879.4115,中证500
000905.SH,20260108,7894.5447,7853.2089,7938.5946,7849.0679,7875.0822,19.4625,0.2471,293561735.0,564453373.6826,中证500
000905.SH,20260107,7875.0822,7838.9115,7909.6559,7828.3941,7814.1356,60.9466,0.78,293903440.0,582740692.9426,中证500
000905.SH,20260106,7814.1356,7663.9415,7814.6506,7663.6621,7651.1981,162.9375,2.1296,313125102.0,571675102.9911,中证500
000905.SH,20260105,7651.1981,7523.8754,7651.2383,7523.2477,7465.5742,185.6239,2.4864,251853863.0,504690493.732,中证500
000905.SH,20251231,7465.5742,7473.7519,7488.0663,7435.0664,7458.936,6.6382,0.089,194427743.0,380369638.0187,中证500
000905.SH,20251230,7458.936,7390.1398,7495.0606,7389.8691,7430.6147,28.3213,0.3811,196203615.0,407623516.1398,中证500
000852.SH,20260717,7167.9959,7599.3879,7605.6125,7163.3085,7631.7622,-463.7663,-6.0768,296242245.0,510907297.8869,中证1000
000852.SH,20260716,7631.7622,7713.1352,7836.39,7591.4205,7817.8313,-186.0691,-2.3801,248226871.0,473090736.1734,中证1000
000852.SH,20260715,7817.8313,7959.3737,7979.0765,7783.219,7925.1232,-107.2919,-1.3538,258433271.0,504268472.7999,中证1000
000852.SH,20260714,7925.1232,7799.813,7934.1027,7657.6714,7787.8529,137.2703,1.7626,255892015.0,519230856.494,中证1000
000852.SH,20260713,7787.8529,8124.363,8171.5039,7769.2917,8198.3078,-410.4549,-5.0066,285286344.0,573788494.5179,中证1000
000852.SH,20260710,8198.3078,8312.4918,8438.1942,8198.3078,8300.077,-101.7692,-1.2261,308503609.0,691814043.7439,中证1000
000852.SH,20260709,8300.077,8161.8585,8312.6212,7978.8056,8117.8607,182.2163,2.2446,254579344.0,580421702.8881,中证1000
000852.SH,20260708,8117.8607,8315.9619,8328.9647,8117.8607,8301.8035,-183.9428,-2.2157,238283926.0,527640623.9738,中证1000
000852.SH,20260707,8301.8035,8436.3894,8489.4759,8261.3977,8472.6028,-170.7993,-2.0159,244575082.0,544456254.0121,中证1000
000852.SH,20260706,8472.6028,8669.123,8694.8045,8432.8967,8620.7886,-148.1858,-1.7189,281224208.0,655013068.7307,中证1000
000852.SH,20260703,8620.7886,8627.3819,8740.6676,8559.2847,8625.3336,-4.545,-0.0527,290244508.0,674994834.0993,中证1000
000852.SH,20260702,8625.3336,8688.2905,8865.9659,8598.8691,8876.6303,-251.2967,-2.831,310858902.0,717867291.6224,中证1000
000852.SH,20260701,8876.6303,8827.4702,8944.1946,8806.6459,8809.7859,66.8444,0.7588,325765871.0,782800133.6208,中证1000
000852.SH,20260630,8809.7859,8574.2495,8815.1083,8547.3122,8597.8932,211.8927,2.4645,279117364.0,685381605.2239,中证1000
000852.SH,20260629,8597.8932,8616.4237,8677.6299,8413.8636,8601.4075,-3.5143,-0.0409,309871021.0,750058629.1285,中证1000
000852.SH,20260626,8601.4075,8771.5979,8797.282,8563.695,8825.9201,-224.5126,-2.5438,321227656.0,755464112.2934,中证1000
000852.SH,20260625,8825.9201,8806.0709,8872.1228,8743.2493,8793.4866,32.4335,0.3688,305442638.0,729838211.0677,中证1000
000852.SH,20260624,8793.4866,8650.8156,8803.5014,8581.751,8680.0387,113.4479,1.307,286867145.0,680312177.6165,中证1000
000852.SH,20260623,8680.0387,8838.7627,8862.7185,8626.1008,8865.676,-185.6373,-2.0939,303954878.0,707484276.759,中证1000
000852.SH,20260622,8865.676,8813.7247,8865.8148,8609.6107,8771.0244,94.6516,1.0791,335718210.0,786541007.0109,中证1000
000852.SH,20260618,8771.0244,8666.6378,8796.4845,8664.2777,8704.4677,66.5567,0.7646,290062435.0,680473865.6889,中证1000
000852.SH,20260617,8704.4677,8581.6499,8705.4025,8581.6499,8646.4034,58.0643,0.6715,282227937.0,658867267.0243,中证1000
000852.SH,20260616,8646.4034,8534.2702,8684.6498,8508.9079,8521.233,125.1704,1.4689,298022607.0,683488867.0289,中证1000
000852.SH,20260615,8521.233,8269.3972,8521.233,8269.3972,8202.7991,318.4339,3.882,296012067.0,640124261.587,中证1000
000852.SH,20260612,8202.7991,8294.8972,8348.786,8181.4174,8159.4548,43.3443,0.5312,328599085.0,717319013.0931,中证1000
000852.SH,20260611,8159.4548,8158.4598,8223.5272,8084.9,8198.7232,-39.2684,-0.479,271163953.0,577080601.0808,中证1000
000852.SH,20260610,8198.7232,8232.0235,8285.2864,8103.0099,8318.6978,-119.9746,-1.4422,286844566.0,582026561.1815,中证1000
000852.SH,20260609,8318.6978,8178.8231,8322.109,8096.5769,8081.2614,237.4364,2.9381,293097597.0,602773097.2703,中证1000
000852.SH,20260608,8081.2614,8069.482,8260.1923,7987.3963,8340.9631,-259.7017,-3.1136,303536985.0,603155103.7994,中证1000
000852.SH,20260605,8340.9631,8380.8523,8500.1001,8305.3956,8420.0946,-79.1315,-0.9398,314953576.0,664778756.1465,中证1000
000852.SH,20260604,8420.0946,8338.854,8456.0172,8338.854,8432.679,-12.5844,-0.1492,286173609.0,599542777.8656,中证1000
000852.SH,20260603,8432.679,8386.8576,8549.2486,8357.4635,8384.7812,47.8978,0.5712,318291166.0,688232619.7456,中证1000
000852.SH,20260602,8384.7812,8360.8072,8440.2318,8219.1526,8345.1291,39.6521,0.4752,292777853.0,589657282.8734,中证1000
000852.SH,20260601,8345.1291,8393.5182,8504.9828,8339.3533,8408.7357,-63.6066,-0.7564,305706423.0,607633321.0587,中证1000
000852.SH,20260529,8408.7357,8673.798,8680.266,8357.8007,8637.743,-229.0073,-2.6512,332780217.0,705660466.9569,中证1000
000852.SH,20260528,8637.743,8527.9088,8659.6101,8459.9486,8546.5142,91.2288,1.0674,300747650.0,636606110.7259,中证1000
000852.SH,20260527,8546.5142,8679.5357,8737.0548,8495.7232,8687.2528,-140.7386,-1.6201,313112354.0,668282707.8627,中证1000
000852.SH,20260526,8687.2528,8755.9075,8756.4625,8560.8039,8799.3116,-112.0588,-1.2735,314373551.0,681153504.0486,中证1000
000852.SH,20260525,8799.3116,8756.4578,8802.9457,8670.7156,8692.6655,106.6461,1.2269,302896006.0,668583970.1149,中证1000
000852.SH,20260522,8692.6655,8578.9002,8719.3865,8521.6952,8510.4958,182.1697,2.1405,286812407.0,613491387.4979,中证1000
000852.SH,20260521,8510.4958,8852.4337,8896.6004,8500.92,8808.9095,-298.4137,-3.3876,350037951.0,744490227.3702,中证1000
000852.SH,20260520,8808.9095,8769.0973,8823.6839,8697.3996,8808.6445,0.265,0.003,306719188.0,653945996.3354,中证1000
000852.SH,20260519,8808.6445,8691.3841,8812.0309,8602.0462,8720.2132,88.4313,1.0141,299219845.0,628935613.9947,中证1000
000852.SH,20260518,8720.2132,8645.7632,8766.3059,8610.7417,8682.6536,37.5596,0.4326,300420672.0,628497008.2292,中证1000
000852.SH,20260515,8682.6536,8786.3816,8846.5154,8616.0601,8778.7088,-96.0552,-1.0942,355707317.0,730238194.1251,中证1000
000852.SH,20260514,8778.7088,8989.4867,8991.85,8778.7088,8955.4473,-176.7385,-1.9735,356344177.0,730969710.7992,中证1000
000852.SH,20260513,8955.4473,8764.0225,8958.4563,8764.0225,8821.8874,133.5599,1.514,319152706.0,677186620.7192,中证1000
000852.SH,20260512,8821.8874,8880.4148,8881.9024,8749.722,8866.7792,-44.8918,-0.5063,320849278.0,683458191.3099,中证1000
000852.SH,20260511,8866.7792,8807.905,8888.8726,8760.7141,8741.1507,125.6285,1.4372,344807972.0,742541492.8563,中证1000
000852.SH,20260508,8741.1507,8655.1267,8760.1944,8651.059,8714.51,26.6407,0.3057,321781545.0,656747057.0938,中证1000
000852.SH,20260507,8714.51,8602.146,8716.8606,8573.2953,8574.5557,139.9543,1.6322,332477190.0,687608424.3746,中证1000
000852.SH,20260506,8574.5557,8462.023,8610.8806,8462.023,8381.9465,192.6092,2.2979,330853371.0,690961217.0033,中证1000
000852.SH,20260430,8381.9465,8345.2469,8402.3557,8324.2936,8343.0651,38.8814,0.466,299115110.0,595981862.1521,中证1000
000852.SH,20260429,8343.0651,8163.3482,8361.4866,8163.3482,8226.6919,116.3732,1.4146,289099456.0,557143418.1826,中证1000
000852.SH,20260428,8226.6919,8307.6916,8316.2671,8187.2385,8338.7263,-112.0344,-1.3435,284970446.0,549201647.0957,中证1000
000852.SH,20260427,8338.7263,8292.811,8366.3124,8249.9439,8304.1412,34.5851,0.4165,277060124.0,544735960.4172,中证1000
000852.SH,20260424,8304.1412,8318.5968,8360.79,8254.4309,8362.7402,-58.599,-0.7007,293748118.0,566282031.2298,中证1000
000852.SH,20260423,8362.7402,8488.996,8500.4382,8302.8492,8481.2397,-118.4995,-1.3972,319791492.0,623696526.109,中证1000
000852.SH,20260422,8481.2397,8317.2778,8482.1533,8317.2778,8351.156,130.0837,1.5577,281705539.0,558389615.1697,中证1000
000852.SH,20260421,8351.156,8331.5919,8358.1241,8270.1606,8357.8139,-6.6579,-0.0797,278996210.0,521902188.2117,中证1000
000852.SH,20260420,8357.8139,8308.0554,8374.812,8308.0554,8307.4361,50.3778,0.6064,292029604.0,559665065.9018,中证1000
000852.SH,20260417,8307.4361,8225.7287,8333.2215,8223.7061,8232.9834,74.4527,0.9043,285103443.0,530440512.3121,中证1000
000852.SH,20260416,8232.9834,8120.3576,8239.0079,8100.4892,8106.1646,126.8188,1.5645,279584433.0,504935058.8335,中证1000
000852.SH,20260415,8106.1646,8186.0742,8193.2959,8083.2652,8144.7622,-38.5976,-0.4739,273841846.0,520849253.1245,中证1000
000852.SH,20260414,8144.7622,8088.0504,8144.7622,8059.3801,8025.5724,119.1898,1.4851,266305825.0,509465034.8366,中证1000
000852.SH,20260413,8025.5724,7947.2223,8040.0258,7947.2223,7998.232,27.3404,0.3418,249849773.0,452431894.3234,中证1000
000852.SH,20260410,7998.232,7981.6219,8059.7551,7981.6219,7921.4465,76.7855,0.9693,262415285.0,494992306.5409,中证1000
000852.SH,20260409,7921.4465,7881.8027,7959.0665,7872.4745,7955.7684,-34.3219,-0.4314,260650171.0,466353987.5952,中证1000
000852.SH,20260408,7955.7684,7765.5504,7955.7684,7765.1971,7606.0166,349.7518,4.5984,297885172.0,520657875.3205,中证1000
000852.SH,20260407,7606.0166,7556.2765,7640.5054,7554.4083,7536.5999,69.4167,0.9211,210974357.0,343772200.4257,中证1000
000852.SH,20260403,7536.5999,7658.8213,7664.7556,7521.9443,7623.4168,-86.8169,-1.1388,223680349.0,354378845.6509,中证1000
000852.SH,20260402,7623.4168,7733.7474,7764.0271,7581.3918,7764.1525,-140.7357,-1.8126,246841161.0,388676703.4615,中证1000
000852.SH,20260401,7764.1525,7767.8829,7786.7591,7692.0096,7619.8503,144.3022,1.8938,255975644.0,420061154.0565,中证1000
000852.SH,20260331,7619.8503,7741.9588,7789.2392,7618.187,7767.9301,-148.0798,-1.9063,255255790.0,404652134.1248,中证1000
000852.SH,20260330,7767.9301,7664.6359,7774.8508,7618.9605,7746.3131,21.617,0.2791,261174129.0,411973881.3001,中证1000
000852.SH,20260327,7746.3131,7526.5864,7784.5469,7526.5864,7639.3762,106.9369,1.3998,258895274.0,403803691.7702,中证1000
000852.SH,20260326,7639.3762,7733.7018,7775.8927,7614.8894,7751.1809,-111.8047,-1.4424,273455133.0,404052687.6966,中证1000
000852.SH,20260325,7751.1809,7654.7838,7781.1973,7654.7838,7600.8569,150.324,1.9777,303668817.0,471082962.1768,中证1000
000852.SH,20260324,7600.8569,7538.6971,7601.8826,7361.7928,7409.1068,191.7501,2.588,293855085.0,432416549.0296,中证1000
000852.SH,20260323,7409.1068,7632.9721,7712.0404,7357.6959,7783.4345,-374.3277,-4.8093,349256210.0,505938395.2976,中证1000
000852.SH,20260320,7783.4345,7943.4127,7996.1638,7781.5786,7909.2343,-125.7998,-1.5905,299022963.0,486114330.3168,中证1000
000852.SH,20260319,7909.2343,7988.8731,8008.3892,7874.2618,8096.5948,-187.3605,-2.3141,284591099.0,443807163.4461,中证1000
000852.SH,20260318,8096.5948,8050.7135,8105.8063,7970.1894,8019.8569,76.7379,0.9568,270893554.0,419893070.2335,中证1000
000852.SH,20260317,8019.8569,8219.4995,8223.9888,8019.075,8211.3517,-191.4948,-2.3321,299723380.0,452754327.2706,中证1000
000852.SH,20260316,8211.3517,8212.2671,8226.032,8089.4876,8214.2926,-2.9409,-0.0358,311532458.0,489125149.2113,中证1000
000852.SH,20260313,8214.2926,8297.9132,8350.917,8196.3738,8335.9078,-121.6152,-1.4589,333123020.0,523300349.1064,中证1000
000852.SH,20260312,8335.9078,8357.3509,8388.6328,8267.3895,8363.5262,-27.6184,-0.3302,328212747.0,531966072.6014,中证1000
000852.SH,20260311,8363.5262,8356.0899,8394.1222,8334.3282,8350.0896,13.4366,0.1609,321737332.0,549266931.1447,中证1000
000852.SH,20260310,8350.0896,8272.9406,8351.6657,8271.4927,8203.8687,146.2209,1.7823,311685273.0,533511444.2291,中证1000
000852.SH,20260309,8203.8687,8131.7424,8230.6562,7983.5685,8248.8569,-44.9882,-0.5454,356307887.0,568760663.9735,中证1000
000852.SH,20260306,8248.8569,8120.4947,8273.6797,8115.4792,8171.1194,77.7375,0.9514,294633269.0,474128426.8427,中证1000
000852.SH,20260305,8171.1194,8235.3744,8243.829,8121.3823,8094.5183,76.6011,0.9463,315360181.0,508728534.2618,中证1000
000852.SH,20260304,8094.5183,8039.5933,8228.8953,8039.5933,8142.4538,-47.9355,-0.5887,320689561.0,502701509.918,中证1000
000852.SH,20260303,8142.4538,8495.9537,8510.8538,8128.3045,8476.965,-334.5112,-3.9461,390189579.0,664863752.0432,中证1000
000852.SH,20260302,8476.965,8464.2726,8535.8073,8393.9274,8560.8433,-83.8783,-0.9798,378906281.0,659006885.1987,中证1000
000852.SH,20260227,8560.8433,8434.096,8561.2954,8433.7171,8490.6173,70.226,0.8271,313899563.0,549574087.5308,中证1000
000852.SH,20260226,8490.6173,8447.7826,8496.7482,8398.0656,8426.3314,64.2859,0.7629,333147608.0,571186057.01,中证1000
000852.SH,20260225,8426.3314,8320.6122,8449.7634,8310.3252,8299.7705,126.5609,1.5249,333447346.0,533140591.7695,中证1000
000852.SH,20260224,8299.7705,8319.6907,8356.9141,8236.7067,8204.8294,94.9411,1.1571,279479620.0,469515616.9418,中证1000
000852.SH,20260213,8204.8294,8272.8763,8323.7152,8200.1478,8314.8322,-110.0028,-1.323,261146312.0,438924354.7927,中证1000
000852.SH,20260212,8314.8322,8252.1854,8337.3705,8227.6044,8239.513,75.3192,0.9141,277596736.0,467860009.6331,中证1000
000852.SH,20260211,8239.513,8239.1703,8304.1252,8236.9574,8250.3001,-10.7871,-0.1307,273234312.0,438065440.5183,中证1000
000852.SH,20260210,8250.3001,8246.2179,8274.1425,8199.5105,8233.7783,16.5218,0.2007,291916250.0,475050653.3212,中证1000
000852.SH,20260209,8233.7783,8177.291,8235.1548,8149.646,8051.5742,182.2041,2.263,282848169.0,482557298.7316,中证1000
000852.SH,20260206,8051.5742,7980.4657,8152.3221,7950.0104,8068.0767,-16.5025,-0.2045,281083563.0,444590291.9671,中证1000
000852.SH,20260205,8068.0767,8121.5111,8154.5578,8027.6234,8207.1203,-139.0436,-1.6942,275816823.0,440964669.7732,中证1000
000852.SH,20260204,8207.1203,8184.2046,8216.2042,8101.1998,8209.101,-1.9807,-0.0241,316461150.0,516215155.9448,中证1000
000852.SH,20260203,8209.101,8058.7625,8210.0469,8023.2383,7975.4283,233.6727,2.9299,299218458.0,525759546.4052,中证1000
000852.SH,20260202,7975.4283,8166.736,8221.5824,7974.5993,8254.8603,-279.432,-3.3851,308321467.0,498940799.2344,中证1000
000852.SH,20260130,8254.8603,8255.3349,8313.2266,8083.9704,8332.2067,-77.3464,-0.9283,364916451.0,596749295.7849,中证1000
000852.SH,20260129,8332.2067,8380.6053,8463.1249,8308.8249,8399.7938,-67.5871,-0.8046,401987982.0,677736377.6324,中证1000
000852.SH,20260128,8399.7938,8392.7526,8432.6198,8334.6827,8382.1533,17.6405,0.2105,349658293.0,627356672.5996,中证1000
000852.SH,20260127,8382.1533,8325.4328,8406.0994,8186.2435,8365.4345,16.7188,0.1999,365657328.0,630208311.3335,中证1000
000852.SH,20260126,8365.4345,8513.2216,8530.4168,8302.0989,8470.7438,-105.3093,-1.2432,403428375.0,703181530.4633,中证1000
000852.SH,20260123,8470.7438,8331.7698,8478.5555,8323.3493,8309.3456,161.3982,1.9424,393043020.0,681947636.1577,中证1000
000852.SH,20260122,8309.3456,8272.4682,8314.2158,8252.7446,8247.6798,61.6658,0.7477,328563281.0,571805715.9982,中证1000
000852.SH,20260121,8247.6798,8138.682,8289.1342,8136.9184,8182.7522,64.9276,0.7935,325676368.0,564720693.7943,中证1000
000852.SH,20260120,8182.7522,8271.7792,8300.0502,8104.9177,8265.6462,-82.894,-1.0029,336689134.0,579037016.8608,中证1000
000852.SH,20260119,8265.6462,8204.6269,8298.4797,8187.9379,8232.7293,32.9169,0.3998,326691149.0,581675794.396,中证1000
000852.SH,20260116,8232.7293,8276.6084,8304.3989,8180.1169,8240.7751,-8.0458,-0.0976,352539405.0,633410677.2969,中证1000
000852.SH,20260115,8240.7751,8197.0612,8267.8128,8151.1074,8257.1716,-16.3965,-0.1986,353357708.0,638659733.1555,中证1000
000852.SH,20260114,8257.1716,8204.2798,8415.0982,8154.2409,8203.1327,54.0389,0.6588,489798359.0,884281078.7624,中证1000
000852.SH,20260113,8203.1327,8381.0421,8381.0421,8177.6291,8357.0107,-153.878,-1.8413,454444503.0,824652003.3137,中证1000
000852.SH,20260112,8357.0107,8196.085,8371.7487,8171.1052,8129.1831,227.8276,2.8026,447228954.0,827564717.4808,中证1000
000852.SH,20260109,8129.1831,7969.19,8131.4905,7969.19,7971.5887,157.5944,1.977,381043869.0,705322959.7925,中证1000
000852.SH,20260108,7971.5887,7886.8103,7993.6305,7886.6294,7906.4197,65.169,0.8243,325563908.0,605389117.0786,中证1000
000852.SH,20260107,7906.4197,7881.8359,7939.7517,7864.1385,7864.9034,41.5163,0.5279,318734367.0,617917011.0248,中证1000
000852.SH,20260106,7864.9034,7756.1581,7864.9034,7755.0717,7753.88,111.0234,1.4318,331162034.0,580815076.3341,中证1000
000852.SH,20260105,7753.88,7639.5375,7753.9594,7623.7489,7595.2845,158.5955,2.0881,305374726.0,542230841.5263,中证1000
000852.SH,20251231,7595.2845,7606.6462,7619.2214,7560.7229,7597.299,-2.0145,-0.0265,244549231.0,440672066.7483,中证1000
000852.SH,20251230,7597.299,7556.5373,7636.1531,7552.4006,7594.1575,3.1415,0.0414,263331874.0,468024130.5907,中证1000
899050.BJ,20260717,1076.3823,1099.4407,1115.3552,1060.7197,1101.8011,-25.4188,-2.307,8647240.92,16905991.852,北证50
899050.BJ,20260716,1101.8011,1118.0894,1124.8942,1098.126,1131.8334,-30.0323,-2.6534,7730560.33,15558467.831,北证50
899050.BJ,20260715,1131.8334,1152.0133,1165.1403,1131.8334,1152.5591,-20.7257,-1.7982,7832167.69,16479998.333,北证50
899050.BJ,20260714,1152.5591,1135.2637,1152.5591,1116.2389,1127.2224,25.3367,2.2477,7172034.27,15712700.043,北证50
899050.BJ,20260713,1127.2224,1199.386,1199.386,1127.2224,1209.1505,-81.9281,-6.7757,7949593.13,17135358.271,北证50
899050.BJ,20260710,1209.1505,1212.1224,1240.3181,1203.256,1209.3666,-0.2161,-0.0179,9536865.82,22331260.461,北证50
899050.BJ,20260709,1209.3666,1201.2076,1218.5895,1172.591,1204.0389,5.3277,0.4425,7990880.06,18717005.389,北证50
899050.BJ,20260708,1204.0389,1232.0425,1244.8149,1204.0389,1236.0813,-32.0424,-2.5923,7556274.72,19234224.93,北证50
899050.BJ,20260707,1236.0813,1245.6049,1269.576,1229.4103,1245.9661,-9.8848,-0.7933,6858043.85,17465596.745,北证50
899050.BJ,20260706,1245.9661,1279.3245,1288.1591,1245.4141,1287.8192,-41.8531,-3.2499,8101040.37,21530902.355,北证50
899050.BJ,20260703,1287.8192,1264.3322,1298.43,1264.3322,1266.2183,21.6009,1.7059,8965443.76,23023162.144,北证50
899050.BJ,20260702,1266.2183,1244.5126,1307.4709,1241.8892,1264.9365,1.2818,0.1013,9395175.72,23616124.099,北证50
899050.BJ,20260701,1264.9365,1247.7654,1264.9365,1231.9605,1251.2003,13.7362,1.0978,9482806.9,23081873.343,北证50
899050.BJ,20260630,1251.2003,1230.5948,1272.5171,1230.4742,1225.4776,25.7227,2.099,7497282.94,20361010.772,北证50
899050.BJ,20260629,1225.4776,1264.0814,1266.1799,1223.5366,1266.9026,-41.425,-3.2698,8629385.97,21825376.52,北证50
899050.BJ,20260626,1266.9026,1275.1199,1307.9656,1254.5684,1277.6846,-10.782,-0.8439,9038154.94,23310240.584,北证50
899050.BJ,20260625,1277.6846,1285.8166,1297.4962,1271.6164,1295.9537,-18.2691,-1.4097,9145898.03,24940711.951,北证50
899050.BJ,20260624,1295.9537,1278.173,1298.5954,1263.9353,1281.2127,14.741,1.1506,8647273.96,22852423.559,北证50
899050.BJ,20260623,1281.2127,1274.7504,1318.0455,1266.8768,1271.4531,9.7596,0.7676,10282872.9,25534576.218,北证50
899050.BJ,20260622,1271.4531,1268.3662,1274.3013,1229.3788,1265.1553,6.2978,0.4978,10109195.5,25224417.511,北证50
899050.BJ,20260618,1265.1553,1275.5668,1278.9624,1258.4135,1280.2455,-15.0902,-1.1787,8168856.66,22045162.155,北证50
899050.BJ,20260617,1280.2455,1270.7836,1298.2087,1265.9736,1276.8071,3.4384,0.2693,8274418.38,22520474.293,北证50
899050.BJ,20260616,1276.8071,1265.8019,1287.988,1258.8595,1263.8401,12.967,1.026,8087107.52,21813029.129,北证50
899050.BJ,20260615,1263.8401,1248.9633,1263.8401,1245.6888,1242.5714,21.2687,1.7117,7916292.76,19726692.05,北证50
899050.BJ,20260612,1242.5714,1266.7375,1278.9623,1240.9134,1252.3004,-9.729,-0.7769,8403614.86,21349173.425,北证50
899050.BJ,20260611,1252.3004,1282.423,1282.423,1248.564,1295.6024,-43.302,-3.3422,9060553.59,23120053.901,北证50
899050.BJ,20260610,1295.6024,1322.498,1334.7454,1292.4179,1337.9257,-42.3233,-3.1634,9324818.5,25132651.276,北证50
899050.BJ,20260609,1337.9257,1317.1672,1337.9257,1294.383,1316.3133,21.6124,1.6419,9631741.41,26625206.036,北证50
899050.BJ,20260608,1316.3133,1269.7066,1363.5221,1262.5717,1299.072,17.2413,1.3272,11779002.46,30905914.015,北证50
899050.BJ,20260605,1299.072,1232.5288,1327.4733,1226.5781,1230.2593,68.8127,5.5933,11791844.31,31879947.939,北证50
899050.BJ,20260604,1230.2593,1231.8233,1241.3785,1220.6242,1246.2407,-15.9814,-1.2824,8405674.43,21748066.201,北证50
899050.BJ,20260603,1246.2407,1252.7411,1271.0997,1236.1031,1252.2098,-5.9691,-0.4767,8559277.6,23141033.37,北证50
899050.BJ,20260602,1252.2098,1250.3848,1257.8137,1228.5208,1249.733,2.4768,0.1982,8103896.17,20234558.331,北证50
899050.BJ,20260601,1249.733,1244.972,1281.5046,1244.972,1244.097,5.636,0.453,7608892.84,19485731.459,北证50
899050.BJ,20260529,1244.097,1285.6263,1296.1016,1244.097,1285.6993,-41.6023,-3.2358,8221315.26,22220117.234,北证50
899050.BJ,20260528,1285.6993,1256.6262,1286.997,1244.1983,1253.7495,31.9498,2.5483,7604682.29,19446849.302,北证50
899050.BJ,20260527,1253.7495,1286.6462,1298.1213,1249.228,1284.2666,-30.5171,-2.3762,8267484.13,21687979.61,北证50
899050.BJ,20260526,1284.2666,1315.5985,1315.7225,1267.9372,1316.7421,-32.4755,-2.4664,7851041.18,20948522.515,北证50
899050.BJ,20260525,1316.7421,1331.9073,1334.2773,1309.1385,1327.2634,-10.5213,-0.7927,7527533.59,21504006.015,北证50
899050.BJ,20260522,1327.2634,1324.5287,1331.8786,1310.5217,1323.8359,3.4275,0.2589,7057112.14,21610971.143,北证50
899050.BJ,20260521,1323.8359,1361.858,1380.3464,1322.9785,1349.3722,-25.5363,-1.8925,8567283.66,26050678.973,北证50
899050.BJ,20260520,1349.3722,1360.2414,1361.3776,1339.3456,1364.8331,-15.4609,-1.1328,7568697.79,23040922.732,北证50
899050.BJ,20260519,1364.8331,1358.0777,1374.5688,1352.9987,1356.9489,7.8842,0.581,7596230.72,22667045.504,北证50
899050.BJ,20260518,1356.9489,1373.1367,1378.1848,1353.0048,1378.296,-21.3471,-1.5488,7730299.28,23469697.596,北证50
899050.BJ,20260515,1378.296,1386.2088,1404.4915,1370.2302,1384.784,-6.488,-0.4685,9044779.38,25974881.803,北证50
899050.BJ,20260514,1384.784,1445.5087,1446.1936,1384.784,1438.4575,-53.6735,-3.7313,9949890.33,26164483.946,北证50
899050.BJ,20260513,1438.4575,1409.6138,1438.6944,1406.7428,1419.3993,19.0582,1.3427,9346670.05,24508605.335,北证50
899050.BJ,20260512,1419.3993,1431.1088,1451.0983,1410.2716,1426.3132,-6.9139,-0.4847,9431457.62,27346470.565,北证50
899050.BJ,20260511,1426.3132,1441.3989,1443.2838,1421.3161,1436.3622,-10.049,-0.6996,9595150.32,26842837.413,北证50
899050.BJ,20260508,1436.3622,1394.9504,1445.0568,1390.2667,1404.9386,31.4236,2.2367,10215593.47,27388195.706,北证50
899050.BJ,20260507,1404.9386,1369.8914,1421.7203,1369.8914,1363.2934,41.6452,3.0547,9319153.71,24654962.812,北证50
899050.BJ,20260506,1363.2934,1340.266,1369.5292,1340.266,1330.0899,33.2035,2.4963,8028969.3,20136608.093,北证50
899050.BJ,20260430,1330.0899,1328.4557,1337.2186,1325.4915,1331.7375,-1.6476,-0.1237,7914657.95,18628163.283,北证50
899050.BJ,20260429,1331.7375,1316.9658,1339.8917,1315.034,1325.3877,6.3498,0.4791,7812986.75,18955273.243,北证50
899050.BJ,20260428,1325.3877,1360.1161,1362.9847,1324.2582,1361.4693,-36.0816,-2.6502,6915609.5,14526555.071,北证50
899050.BJ,20260427,1361.4693,1360.1888,1369.007,1350.016,1370.2244,-8.7551,-0.639,6830389.77,15696532.584,北证50
899050.BJ,20260424,1370.2244,1373.9413,1390.7521,1367.0715,1378.0256,-7.8012,-0.5661,6687322.21,16130064.775,北证50
899050.BJ,20260423,1378.0256,1419.7796,1421.1353,1376.9649,1421.2101,-43.1845,-3.0386,7516551.27,19065157.379,北证50
899050.BJ,20260422,1421.2101,1398.7257,1427.8229,1397.7733,1398.9615,22.2486,1.5904,7412223.42,19306757.696,北证50
899050.BJ,20260421,1398.9615,1409.2833,1417.4606,1391.437,1420.5027,-21.5412,-1.5164,7604046.75,18294679.519,北证50
899050.BJ,20260420,1420.5027,1406.2135,1448.762,1400.9119,1404.8027,15.7,1.1176,11382996.79,27920035.114,北证50
899050.BJ,20260417,1404.8027,1341.7195,1419.5304,1340.0631,1340.8214,63.9813,4.7718,11824418.15,27522420.924,北证50
899050.BJ,20260416,1340.8214,1333.1054,1341.3925,1318.5577,1323.0768,17.7446,1.3412,6187250.42,13458347.07,北证50
899050.BJ,20260415,1323.0768,1332.1579,1346.2717,1319.0502,1323.5013,-0.4245,-0.0321,6137157.75,14418571.332,北证50
899050.BJ,20260414,1323.5013,1314.9252,1324.2547,1306.6202,1308.2458,15.2555,1.1661,5545607.44,13248313.625,北证50
899050.BJ,20260413,1308.2458,1296.3285,1310.5801,1296.3285,1307.6729,0.5729,0.0438,5511382.95,12891675.493,北证50
899050.BJ,20260410,1307.6729,1295.8609,1318.1759,1294.9541,1286.3032,21.3697,1.6613,6560235.22,14901247.43,北证50
899050.BJ,20260409,1286.3032,1292.93,1306.9033,1282.9883,1307.4275,-21.1243,-1.6157,6317794.29,13421937.189,北证50
899050.BJ,20260408,1307.4275,1280.3769,1308.3935,1279.4523,1250.4066,57.0209,4.5602,7693148.05,16475616.445,北证50
899050.BJ,20260407,1250.4066,1256.1492,1268.7795,1247.5977,1254.6772,-4.2706,-0.3404,4892836.43,9384636.316,北证50
899050.BJ,20260403,1254.6772,1281.9197,1291.827,1254.0747,1281.9104,-27.2332,-2.1244,6177300.56,12587693.164,北证50
899050.BJ,20260402,1281.9104,1272.0752,1312.0678,1265.0301,1278.119,3.7914,0.2966,7383847.76,14993091.556,北证50
899050.BJ,20260401,1278.119,1269.7426,1278.9942,1260.3172,1248.2895,29.8295,2.3896,5767160.92,12606731.039,北证50
899050.BJ,20260331,1248.2895,1261.6395,1279.7634,1247.5211,1260.7079,-12.4184,-0.985,6229974.07,13472559.985,北证50
899050.BJ,20260330,1260.7079,1255.6449,1268.6173,1248.2929,1271.4112,-10.7033,-0.8418,5604012.13,11888938.127,北证50
899050.BJ,20260327,1271.4112,1250.2226,1278.9002,1248.5793,1266.6774,4.7338,0.3737,5231077.83,10721705.084,北证50
899050.BJ,20260326,1266.6774,1289.3552,1302.3024,1262.8751,1286.9407,-20.2633,-1.5745,6719125.91,13515751.294,北证50
899050.BJ,20260325,1286.9407,1275.345,1292.8234,1275.345,1268.1259,18.8148,1.4837,6380449.85,13221091.657,北证50
899050.BJ,20260324,1268.1259,1263.9297,1269.1673,1239.8068,1244.034,24.0919,1.9366,6723619.83,13357813.058,北证50
899050.BJ,20260323,1244.034,1298.8097,1303.121,1240.9767,1316.1369,-72.1029,-5.4784,8594879.3,16945504.535,北证50
899050.BJ,20260320,1316.1369,1334.2922,1345.8505,1316.1369,1329.561,-13.4241,-1.0097,7387958.7,16230281.836,北证50
899050.BJ,20260319,1329.561,1355.0676,1359.6129,1324.7133,1375.4212,-45.8602,-3.3343,7542345.62,16503207.057,北证50
899050.BJ,20260318,1375.4212,1364.9313,1375.5786,1357.1472,1365.9663,9.4549,0.6922,6631962.6,15153892.049,北证50
899050.BJ,20260317,1365.9663,1396.4988,1400.3939,1365.8736,1391.7332,-25.7669,-1.8514,7393781.39,16865202.557,北证50
899050.BJ,20260316,1391.7332,1394.1463,1400.1472,1381.4543,1396.6444,-4.9112,-0.3516,6884660.83,14781380.064,北证50
899050.BJ,20260313,1396.6444,1411.0528,1422.2895,1392.7559,1411.1546,-14.5102,-1.0283,7625464.75,17189984.194,北证50
899050.BJ,20260312,1411.1546,1434.3693,1434.3693,1407.3596,1427.0842,-15.9296,-1.1162,8268278.67,18883934.097,北证50
899050.BJ,20260311,1427.0842,1422.6436,1441.6464,1421.2035,1421.3177,5.7665,0.4057,8585276.85,20094890.908,北证50
899050.BJ,20260310,1421.3177,1401.3145,1422.9616,1401.3145,1394.2121,27.1056,1.9442,8087028.07,19136805.037,北证50
899050.BJ,20260309,1394.2121,1401.7429,1401.7429,1370.4756,1427.3534,-33.1413,-2.3219,10223682.29,23337390.772,北证50
899050.BJ,20260306,1427.3534,1420.0137,1440.2576,1415.7122,1427.2246,0.1288,0.009,8905139.8,19265824.129,北证50
899050.BJ,20260305,1427.2246,1431.8742,1435.746,1420.1292,1411.4488,15.7758,1.1177,10217900.51,22748098.499,北证50
899050.BJ,20260304,1411.4488,1401.4705,1428.6001,1401.4705,1415.1448,-3.696,-0.2612,10307461.57,22437979.453,北证50
899050.BJ,20260303,1415.1448,1480.5622,1489.1963,1413.5853,1475.732,-60.5872,-4.1056,12924588.08,28480463.63,北证50
899050.BJ,20260302,1475.732,1506.6787,1507.6895,1468.2719,1537.1324,-61.4004,-3.9945,11031851.29,25503289.586,北证50
899050.BJ,20260227,1537.1324,1541.5318,1546.2907,1531.6876,1544.9128,-7.7804,-0.5036,7326347.65,18387265.323,北证50
899050.BJ,20260226,1544.9128,1547.4922,1554.3363,1536.2764,1547.201,-2.2882,-0.1479,7600143.36,18402615.277,北证50
899050.BJ,20260225,1547.201,1539.9645,1550.6895,1526.8583,1535.4321,11.7689,0.7665,7870806.85,18656254.905,北证50
899050.BJ,20260224,1535.4321,1547.0405,1548.664,1531.2259,1529.7685,5.6636,0.3702,6388476.43,16379344.086,北证50
899050.BJ,20260213,1529.7685,1530.7529,1550.9589,1529.6182,1533.1656,-3.3971,-0.2216,6158408.75,16436739.932,北证50
899050.BJ,20260212,1533.1656,1526.9767,1545.1311,1520.7225,1525.4915,7.6741,0.5031,7214173.29,19263418.046,北证50
899050.BJ,20260211,1525.4915,1528.717,1539.6928,1524.7996,1532.1682,-6.6767,-0.4358,6505805.53,16950168.662,北证50
899050.BJ,20260210,1532.1682,1542.481,1542.5932,1524.5233,1541.5015,-9.3333,-0.6055,7624624.85,19332239.233,北证50
899050.BJ,20260209,1541.5015,1545.879,1548.2621,1537.1198,1520.8914,20.6101,1.3551,8247173.11,20893127.366,北证50
899050.BJ,20260206,1520.8914,1500.0254,1537.686,1497.8196,1507.2911,13.6003,0.9023,7390638.11,17910112.544,北证50
899050.BJ,20260205,1507.2911,1525.1206,1532.6757,1507.2911,1538.5713,-31.2802,-2.0331,7574499.83,18296135.105,北证50
899050.BJ,20260204,1538.5713,1537.845,1542.3206,1526.415,1549.5081,-10.9368,-0.7058,9178890.58,22508353.951,北证50
899050.BJ,20260203,1549.5081,1526.6288,1549.9058,1508.6309,1500.4296,49.0785,3.271,8397225.05,21550312.213,北证50
899050.BJ,20260202,1500.4296,1531.6051,1540.7869,1495.7051,1531.5544,-31.1248,-2.0322,9634732.25,22154971.152,北证50
899050.BJ,20260130,1531.5544,1525.1272,1546.633,1507.4661,1536.0036,-4.4492,-0.2897,11528806.06,27210939.346,北证50
899050.BJ,20260129,1536.0036,1557.5452,1573.1531,1535.8287,1562.4493,-26.4457,-1.6926,12285001.99,29703423.422,北证50
899050.BJ,20260128,1562.4493,1565.7604,1588.3841,1554.0899,1564.9349,-2.4856,-0.1588,10993220.91,27201084.176,北证50
899050.BJ,20260127,1564.9349,1556.8686,1577.7303,1531.9258,1565.6985,-0.7636,-0.0488,11185096.2,26725541.411,北证50
899050.BJ,20260126,1565.6985,1593.0741,1598.0308,1555.9943,1588.6615,-22.963,-1.4454,13613132.76,32813591.512,北证50
899050.BJ,20260123,1588.6615,1540.532,1597.4582,1539.7179,1530.2418,58.4197,3.8177,13001234.65,33135143.493,北证50
899050.BJ,20260122,1530.2418,1528.9953,1532.6573,1518.7504,1519.7503,10.4915,0.6903,10435950.52,24915385.28,北证50
899050.BJ,20260121,1519.7503,1508.7812,1534.055,1508.2448,1517.6028,2.1475,0.1415,9952572.59,23299227.567,北证50
899050.BJ,20260120,1517.6028,1557.2932,1558.4202,1510.6836,1548.6335,-31.0307,-2.0037,11406325.9,26628700.331,北证50
899050.BJ,20260119,1548.6335,1550.4389,1557.5886,1537.0648,1548.3291,0.3044,0.0197,9750639.01,24030934.363,北证50
899050.BJ,20260116,1548.3291,1554.4708,1558.4208,1543.3946,1544.8356,3.4935,0.2261,12010981.34,30432663.506,北证50
899050.BJ,20260115,1544.8356,1561.0332,1573.7118,1538.9529,1580.8658,-36.0302,-2.2791,13411197.26,33219029.918,北证50
899050.BJ,20260114,1580.8658,1558.7371,1612.636,1547.7045,1565.5805,15.2853,0.9763,18450894.67,45735478.617,北证50
899050.BJ,20260113,1565.5805,1613.026,1614.084,1557.0715,1605.7688,-40.1883,-2.5027,20024452.62,48044640.09,北证50
899050.BJ,20260112,1605.7688,1541.3551,1612.9957,1538.3316,1524.2627,81.5061,5.3472,17045663.17,43520998.843,北证50
899050.BJ,20260109,1524.2627,1511.9673,1547.7473,1505.9622,1508.3758,15.8869,1.0532,11367341.96,29829719.672,北证50
899050.BJ,20260108,1508.3758,1492.9195,1514.0515,1485.2988,1496.2757,12.1001,0.8087,10178874.69,26148732.26,北证50
899050.BJ,20260107,1496.2757,1492.3906,1515.284,1486.3152,1493.0389,3.2368,0.2168,10353100.09,27547822.423,北证50
899050.BJ,20260106,1493.0389,1467.9926,1493.0389,1467.9926,1466.423,26.6159,1.815,10037782.2,25989358.036,北证50
899050.BJ,20260105,1466.423,1444.2329,1466.725,1438.7579,1440.4309,25.9921,1.8045,7996329.8,21138430.662,北证50
899050.BJ,20251231,1440.4309,1449.556,1451.7785,1440.4309,1450.637,-10.2061,-0.7036,7598645.11,20687730.85,北证50
899050.BJ,20251230,1450.637,1450.5915,1465.4236,1442.0408,1456.4491,-5.8121,-0.3991,8056052.07,19084789.908,北证50
