ts_code,trade_date,name,open,low,high,close,change,pct_change,vol,amount,pe,pb,float_mv,total_mv
801001.SI,20260702,申万50,4188.6,4094.78,4214.95,4104.26,-212.41,-4.92,1172117.0,61568445.0,26.96,3.75,1226541244.0,2440140098.0
801002.SI,20260702,申万中小,8745.57,8675.97,8866.84,8686.3,-221.7,-2.49,3167447.0,60386455.0,34.08,2.9,864270771.0,1578184523.0
801003.SI,20260702,申万Ａ指,5059.83,5001.74,5124.64,5010.94,-147.92,-2.87,15024701.0,341961512.0,24.67,2.26,5034700090.0,11496862734.0
801005.SI,20260702,申万创业,4604.14,4502.25,4662.98,4513.24,-201.94,-4.28,2605198.0,89516142.0,48.67,5.19,976651718.0,2117095322.0
801010.SI,20260702,农林牧渔,2332.85,2327.98,2379.18,2349.8,12.77,0.55,268390.0,2168114.0,38.4,2.12,53464874.0,113401277.0
801012.SI,20260702,农产品加工,2013.03,1966.53,2073.94,2004.0,-19.92,-0.98,32054.0,313917.0,36.88,1.82,6962615.0,25424637.0
801014.SI,20260702,饲料,3505.53,3441.9,3596.02,3519.4,-0.35,-0.01,60746.0,403112.0,46.47,1.99,9743810.0,20189222.0
801015.SI,20260702,渔业,617.49,612.52,637.34,619.91,2.74,0.44,11050.0,36762.0,129.69,2.12,899366.0,1489639.0
801016.SI,20260702,种植业,2120.1,2100.38,2199.51,2133.01,10.57,0.5,55443.0,324917.0,34.4,2.02,6660183.0,13185023.0
801017.SI,20260702,养殖业,2524.79,2487.04,2588.78,2542.42,18.64,0.74,90204.0,920104.0,34.32,2.28,24152252.0,44899128.0
801018.SI,20260702,动物保健Ⅱ,4131.73,4105.45,4268.13,4188.35,44.72,1.08,6715.0,84359.0,41.05,1.88,3065013.0,5202103.0
801030.SI,20260702,基础化工,4800.28,4773.61,4948.44,4846.34,-30.1,-0.62,1045633.0,22078702.0,32.54,2.47,245663745.0,506419042.0
801032.SI,20260702,化学纤维,4838.37,4749.57,5056.48,4908.98,9.6,0.2,80079.0,769108.0,42.99,1.87,10768218.0,28519189.0
801033.SI,20260702,化学原料,3444.78,3373.71,3593.55,3469.18,-30.46,-0.87,195470.0,2761729.0,31.94,1.82,36540544.0,79780945.0
801034.SI,20260702,化学制品,7427.6,7238.91,7821.6,7554.14,19.42,0.26,397917.0,10650757.0,32.19,2.58,96375593.0,196262181.0
801036.SI,20260702,塑料,5848.46,5710.63,6152.98,5855.38,-165.93,-2.76,152796.0,3633970.0,75.73,4.02,40340422.0,81597546.0
801037.SI,20260702,橡胶,5737.59,5542.92,6151.16,5925.51,50.46,0.86,36614.0,945467.0,73.66,3.3,6692870.0,14452445.0
801038.SI,20260702,农化制品,5111.14,5005.39,5271.59,5128.48,3.11,0.06,171056.0,2470013.0,20.2,2.16,47894356.0,90363124.0
801039.SI,20260702,非金属材料Ⅱ,8525.07,8249.9,8969.64,8414.21,-496.94,-5.58,11700.0,847657.0,76.06,4.63,7051742.0,15443612.0
801040.SI,20260702,钢铁,2196.49,2196.49,2228.18,2200.93,0.71,0.03,251152.0,1060501.0,29.08,0.98,28296870.0,82398014.0
801043.SI,20260702,冶钢原料,3375.72,3291.25,3504.79,3387.06,9.77,0.29,67232.0,445643.0,46.16,1.9,6281747.0,17499870.0
801044.SI,20260702,普钢,2002.54,1982.91,2041.88,2004.79,-1.11,-0.06,157553.0,417458.0,35.39,0.75,14809694.0,45597966.0
801045.SI,20260702,特钢Ⅱ,3866.04,3826.62,3975.45,3876.47,-0.4,-0.01,26367.0,197400.0,17.22,1.24,7205429.0,19300178.0
801050.SI,20260702,有色金属,8354.37,8304.64,8636.72,8433.77,28.49,0.34,870960.0,21125631.0,21.65,3.24,268107575.0,509635345.0
801051.SI,20260702,金属新材料,11727.34,11427.57,12471.94,11844.62,-94.2,-0.79,100841.0,2517165.0,84.91,5.13,22455320.0,44851504.0
801053.SI,20260702,贵金属,20065.18,19818.95,21042.78,20625.04,1063.03,5.43,85540.0,1727410.0,18.88,3.27,22832101.0,41945789.0
801054.SI,20260702,小金属,45414.16,44363.71,48693.11,46493.77,-397.08,-0.85,157058.0,7717887.0,64.88,6.5,62987978.0,147437404.0
801055.SI,20260702,工业金属,2990.17,2937.88,3096.71,3011.36,38.67,1.3,490125.0,7084889.0,14.34,2.54,126369368.0,225458424.0
801056.SI,20260702,能源金属,21615.18,21016.12,22070.87,21190.93,-745.63,-3.4,37396.0,2078280.0,31.78,2.81,33462808.0,49942224.0
801072.SI,20260702,通用设备,9445.84,9173.86,9998.88,9477.14,-168.68,-1.75,433101.0,11980716.0,78.79,4.63,115301103.0,252495296.0
801074.SI,20260702,专用设备,13276.38,13005.3,13909.96,13273.9,-340.8,-2.5,267543.0,6123904.0,48.2,3.56,87635086.0,179955805.0
801076.SI,20260702,轨交设备Ⅱ,5612.67,5510.3,5729.42,5573.79,-55.52,-0.99,64938.0,674025.0,18.05,1.19,13555286.0,36217879.0
801077.SI,20260702,工程机械,21264.12,21064.03,22260.16,21752.18,419.25,1.97,80416.0,1221244.0,19.04,1.91,36241498.0,71177828.0
801078.SI,20260702,自动化设备,25506.19,24520.15,26300.38,24775.18,-1441.72,-5.5,155777.0,8705346.0,94.69,7.0,90654952.0,151263288.0
801080.SI,20260702,电子,11387.12,11074.28,11636.8,11111.15,-855.3,-7.15,2608525.0,113860462.0,97.45,8.2,1166238690.0,2340015140.0
801081.SI,20260702,半导体,13300.4,12673.68,13877.45,12921.7,-1130.74,-8.05,563782.0,58378308.0,147.21,11.56,638102978.0,1281263726.0
801082.SI,20260702,其他电子Ⅱ,21767.8,20971.55,22816.22,21442.77,-1428.07,-6.24,79109.0,3471671.0,76.09,7.27,29215447.0,54830252.0
801083.SI,20260702,元件,27270.74,26062.42,28195.25,26430.73,-2308.51,-8.03,264328.0,16878506.0,93.6,11.62,186690091.0,355461640.0
801084.SI,20260702,光学光电子,2432.53,2336.94,2612.33,2472.97,-60.26,-2.38,1259825.0,15304739.0,80.19,3.29,105283115.0,173506084.0
801085.SI,20260702,消费电子,11910.23,11400.66,12187.62,11495.81,-793.34,-6.46,275068.0,11016959.0,40.95,5.08,146989626.0,372497364.0
801086.SI,20260702,电子化学品Ⅱ,16951.88,16175.15,18134.03,16973.27,-841.7,-4.72,166413.0,8810280.0,142.62,9.34,59957433.0,102456075.0
801092.SI,20260702,汽车服务,446.1,435.8,457.98,440.12,-3.95,-0.89,18362.0,113926.0,40.31,1.69,2303704.0,5133651.0
801093.SI,20260702,汽车零部件,7591.72,7466.49,7890.85,7611.44,-9.2,-0.12,355288.0,6928273.0,26.2,2.42,121918356.0,248510222.0
801095.SI,20260702,乘用车,13525.66,13457.96,14053.12,13659.0,275.28,2.06,52020.0,1177621.0,23.88,1.56,34116358.0,90095162.0
801096.SI,20260702,商用车,6677.11,6555.88,6899.08,6657.87,-16.27,-0.24,38670.0,393129.0,21.86,2.41,12684364.0,25562603.0
801101.SI,20260702,计算机设备,3001.36,2918.46,3085.35,2950.66,-114.86,-3.75,136128.0,4068820.0,39.68,3.65,66038284.0,125679828.0
801102.SI,20260702,通信设备,12068.23,11508.79,12337.94,11638.66,-1028.44,-8.12,235467.0,20756335.0,84.91,11.84,300320428.0,469952492.0
801103.SI,20260702,IT服务Ⅱ,4922.71,4791.71,5068.25,4837.03,-118.18,-2.39,324468.0,5491703.0,113.13,3.35,78698843.0,131795316.0
801104.SI,20260702,软件开发,5860.41,5654.73,6004.1,5700.83,-141.73,-2.43,215701.0,5767477.0,84.18,4.17,88488018.0,160936787.0
801110.SI,20260702,家用电器,8452.53,8448.9,8545.27,8450.41,-5.66,-0.07,175961.0,3377321.0,14.47,2.17,99950300.0,178279543.0
801111.SI,20260702,白色家电,17948.17,17825.04,18323.78,17934.2,19.49,0.11,33733.0,930216.0,10.78,1.95,61333866.0,94416007.0
801112.SI,20260702,黑色家电,2087.46,2048.29,2170.89,2093.33,-13.03,-0.62,37906.0,415082.0,31.92,2.26,8496432.0,15679959.0
801113.SI,20260702,小家电,3794.44,3755.35,3903.49,3812.99,22.14,0.58,10596.0,222207.0,22.06,2.3,6379386.0,18560218.0
801114.SI,20260702,厨卫电器,7522.4,7425.9,7792.6,7576.5,-11.48,-0.15,9727.0,97835.0,20.25,1.44,1954271.0,4706073.0
801115.SI,20260702,照明设备Ⅱ,4859.81,4724.32,5010.19,4785.43,-126.13,-2.57,25623.0,205347.0,55.55,2.03,2860658.0,8874155.0
801116.SI,20260702,家电零部件Ⅱ,7449.18,7288.23,7739.88,7447.12,-18.04,-0.24,55998.0,1490757.0,43.71,3.97,18334041.0,35091677.0
801120.SI,20260702,食品饮料,13190.55,13135.22,13385.24,13209.15,3.89,0.03,164091.0,3123329.0,18.87,2.99,148295783.0,350405409.0
801124.SI,20260702,食品加工,12295.42,12111.63,12602.91,12292.62,-22.44,-0.18,35948.0,309706.0,24.39,1.95,9321724.0,21564168.0
801125.SI,20260702,白酒Ⅱ,34109.45,33834.81,34698.3,34114.73,15.66,0.05,21681.0,1401054.0,18.31,3.4,91266118.0,227884372.0
801126.SI,20260702,非白酒,3196.86,3163.21,3275.04,3218.93,16.63,0.52,17226.0,204120.0,21.98,2.32,6484484.0,16567527.0
801127.SI,20260702,饮料乳品,6595.61,6516.98,6740.12,6586.36,-31.43,-0.47,38002.0,508960.0,16.47,2.71,23958705.0,40480598.0
801128.SI,20260702,休闲食品,1570.51,1556.03,1626.71,1597.94,27.13,1.73,15912.0,195373.0,17.62,1.89,4891500.0,11765328.0
801129.SI,20260702,调味发酵品Ⅱ,6576.32,6519.42,6790.51,6631.02,8.87,0.13,35322.0,504116.0,26.61,3.28,12373250.0,32143416.0
801130.SI,20260702,纺织服饰,1531.44,1531.44,1566.2,1557.39,24.18,1.58,149935.0,1391438.0,24.68,1.73,24897099.0,60902898.0
801131.SI,20260702,纺织制造,1654.69,1628.23,1743.31,1701.1,43.28,2.61,49230.0,520272.0,22.33,1.59,7349919.0,18659982.0
801132.SI,20260702,服装家纺,1533.17,1513.42,1583.65,1550.97,15.16,0.99,77395.0,679597.0,28.69,1.81,13434274.0,32035448.0
801133.SI,20260702,饰品,1300.88,1292.87,1348.58,1320.18,21.94,1.69,23310.0,191569.0,19.36,1.75,4112906.0,10207468.0
801140.SI,20260702,轻工制造,2121.39,2121.39,2158.44,2127.34,-9.3,-0.44,214366.0,2139069.0,31.92,1.79,38190398.0,95899313.0
801141.SI,20260702,包装印刷,3001.1,2912.87,3090.45,2942.71,-93.69,-3.09,76721.0,844069.0,40.03,2.41,12598724.0,25686876.0
801142.SI,20260702,家居用品,1614.06,1595.91,1684.98,1639.19,16.64,1.03,67835.0,812012.0,28.51,1.82,14352392.0,46248282.0
801143.SI,20260702,造纸,1979.13,1959.36,2060.61,2010.1,20.96,1.05,56515.0,321741.0,26.37,1.11,7449960.0,14875015.0
801145.SI,20260702,文娱用品,1597.42,1579.68,1654.51,1606.69,4.61,0.29,13294.0,161247.0,38.76,2.76,3789322.0,9089139.0
801150.SI,20260702,医药生物,7511.2,7481.22,7676.85,7526.78,-9.74,-0.13,822892.0,15812613.0,32.04,2.48,293505114.0,584560328.0
801151.SI,20260702,化学制药,11768.58,11586.45,12332.39,11918.67,134.63,1.14,359111.0,6689730.0,40.54,3.11,101051669.0,203989788.0
801152.SI,20260702,生物制品,5354.84,5263.15,5527.29,5351.07,-21.5,-0.4,75292.0,1665877.0,42.16,2.12,31478016.0,67486378.0
801153.SI,20260702,医疗器械,5639.77,5543.2,5812.28,5625.73,-30.85,-0.55,92745.0,2620261.0,35.91,2.33,58280130.0,123685392.0
801154.SI,20260702,医药商业,4192.61,4164.93,4324.23,4247.13,51.43,1.23,41638.0,383396.0,16.76,1.12,10744548.0,27739856.0
801155.SI,20260702,中药Ⅱ,5292.49,5253.78,5465.75,5361.64,54.44,1.03,138449.0,1186595.0,22.23,1.84,36780322.0,73087488.0
801156.SI,20260702,医疗服务,7052.77,6874.75,7319.53,6913.74,-197.87,-2.78,115657.0,3266755.0,27.59,3.35,55170430.0,88571426.0
801160.SI,20260702,公用事业,2497.97,2478.11,2518.24,2480.42,-17.55,-0.7,781824.0,5922112.0,20.71,1.57,114989498.0,384904903.0
801161.SI,20260702,电力,3293.8,3230.81,3359.42,3270.77,-22.97,-0.7,741311.0,5431389.0,20.53,1.55,105530414.0,359896071.0
801163.SI,20260702,燃气Ⅱ,3040.56,2978.11,3115.48,3019.72,-23.15,-0.76,40513.0,490723.0,22.86,1.79,9459084.0,25008832.0
801170.SI,20260702,交通运输,1992.35,1987.24,2018.56,1992.19,6.27,0.32,370226.0,2711904.0,16.17,1.15,86448343.0,277910954.0
801178.SI,20260702,物流,4040.11,3996.72,4149.21,4068.23,47.77,1.19,84582.0,1015992.0,16.31,1.08,23997641.0,59869450.0
801179.SI,20260702,铁路公路,1412.13,1403.73,1443.07,1425.68,13.82,0.98,68932.0,352531.0,16.1,0.83,19419195.0,70020220.0
801180.SI,20260702,房地产,1872.65,1853.04,1902.19,1853.38,-28.37,-1.51,419778.0,1985889.0,19.47,0.77,39744201.0,90373066.0
801181.SI,20260702,房地产开发,2169.49,2126.75,2230.66,2147.41,-33.67,-1.54,386244.0,1879397.0,18.82,0.75,37506830.0,85480286.0
801183.SI,20260702,房地产服务,725.72,708.02,745.47,716.94,-6.5,-0.9,33534.0,106492.0,46.08,1.36,2237371.0,4892781.0
801191.SI,20260702,多元金融,1113.65,1095.14,1143.12,1108.14,-8.13,-0.73,71303.0,500954.0,19.87,1.17,14449750.0,44423077.0
801193.SI,20260702,证券Ⅱ,6656.03,6483.41,6717.47,6516.83,-169.97,-2.54,534264.0,6704284.0,16.13,1.24,163652016.0,334313466.0
801194.SI,20260702,保险Ⅱ,1119.5,1105.54,1140.99,1108.69,-14.31,-1.27,37847.0,1224709.0,6.44,0.95,66404678.0,191490059.0
801200.SI,20260702,商贸零售,1762.79,1752.7,1789.42,1753.59,-12.58,-0.71,263007.0,1981594.0,33.64,1.6,38365734.0,85199508.0
801202.SI,20260702,贸易Ⅱ,4215.41,4151.18,4333.0,4213.55,-31.1,-0.73,28601.0,196889.0,22.7,1.32,4068951.0,12973427.0
801203.SI,20260702,一般零售,2604.93,2570.38,2685.53,2607.31,0.22,0.01,184862.0,1048111.0,36.97,1.4,20465515.0,45170971.0
801204.SI,20260702,专业连锁Ⅱ,3400.55,3339.25,3485.56,3377.29,-25.95,-0.76,10173.0,88793.0,55.51,2.54,2446094.0,4274738.0
801206.SI,20260702,互联网电商,10299.61,10017.15,10575.92,10138.29,-178.14,-1.73,33394.0,437246.0,34.28,2.47,6139550.0,11434199.0
801210.SI,20260702,社会服务,7403.02,7379.1,7530.41,7387.55,-83.2,-1.11,135359.0,1207746.0,39.78,2.54,24065710.0,47663314.0
801218.SI,20260702,专业服务,6470.88,6321.86,6716.63,6440.44,-133.64,-2.03,32402.0,613566.0,31.74,2.69,10175429.0,21815658.0
801219.SI,20260702,酒店餐饮,1383.03,1366.22,1421.96,1390.8,-0.04,0.0,9442.0,94945.0,25.16,1.47,2381628.0,5076661.0
801223.SI,20260702,通信服务,2165.07,2139.45,2231.07,2169.16,-16.7,-0.76,121868.0,2137546.0,26.28,1.74,37502509.0,101010827.0
801230.SI,20260702,综合,4515.22,4476.06,4699.21,4561.11,-35.13,-0.76,63163.0,886912.0,99.55,2.96,10543540.0,21003330.0
801231.SI,20260702,综合Ⅱ,4511.6,4391.73,4763.78,4557.45,-35.11,-0.76,63163.0,886912.0,99.55,2.96,10543540.0,21003330.0
801250.SI,20260702,申万制造,8914.19,8724.17,9088.9,8747.07,-476.64,-5.17,5715897.0,209820402.0,53.64,6.62,2625681303.0,5055245368.0
801260.SI,20260702,申万消费,5622.03,5622.03,5725.68,5644.75,15.43,0.27,1662431.0,26022614.0,19.69,3.01,650568633.0,1409317336.0
801270.SI,20260702,申万投资,4317.62,4310.1,4430.15,4350.21,-14.02,-0.32,3066048.0,53171342.0,21.62,2.56,721827234.0,1774751348.0
801280.SI,20260702,申万服务,2538.78,2518.16,2563.07,2520.36,-20.83,-0.82,4517162.0,52060242.0,11.18,1.43,1193735169.0,3236581776.0
801300.SI,20260702,申万300指数,3834.23,3765.66,3873.83,3773.89,-160.49,-4.08,3492190.0,147128392.0,23.22,2.59,2543139525.0,5634777355.0
801710.SI,20260702,建筑材料,7547.12,7429.36,7748.83,7515.64,-256.11,-3.3,203412.0,4266671.0,44.23,1.85,53729937.0,138986246.0
801711.SI,20260702,水泥,3826.93,3773.11,3924.15,3840.01,-41.55,-1.07,36158.0,307840.0,20.23,0.63,9644473.0,21268312.0
801712.SI,20260702,玻璃玻纤,30648.09,29179.94,32157.25,30372.64,-1632.67,-5.1,113772.0,3386552.0,87.25,5.34,31255140.0,92355855.0
801713.SI,20260702,装修建材,4699.01,4621.32,4852.35,4708.4,-17.07,-0.36,53481.0,572279.0,36.82,1.84,12830323.0,25362079.0
801720.SI,20260702,建筑装饰,2044.03,2034.59,2066.79,2037.01,-28.65,-1.39,398455.0,4090746.0,13.83,0.72,65178354.0,167477494.0
801721.SI,20260702,房屋建设Ⅱ,2726.8,2712.91,2780.48,2734.53,5.79,0.21,38492.0,197190.0,7.33,0.43,7194750.0,25156892.0
801722.SI,20260702,装修装饰Ⅱ,4353.86,4248.5,4506.81,4321.99,-37.6,-0.86,51559.0,320246.0,75.67,2.62,5417795.0,11686775.0
801723.SI,20260702,基础建设,2042.97,2026.52,2089.62,2052.12,2.93,0.14,159312.0,656654.0,9.28,0.48,24138392.0,66077806.0
801724.SI,20260702,专业工程,1997.95,1941.82,2056.86,1972.5,-53.19,-2.63,87220.0,1398204.0,22.97,1.19,17888195.0,42429274.0
801726.SI,20260702,工程咨询服务Ⅱ,2417.69,2373.03,2512.69,2399.08,-99.46,-3.98,61871.0,1518452.0,52.68,2.18,10539222.0,22126747.0
801730.SI,20260702,电力设备,10548.08,10384.69,10703.35,10405.31,-259.38,-2.43,980087.0,25553697.0,35.67,3.27,464999854.0,849073182.0
801731.SI,20260702,电机Ⅱ,13498.9,13332.53,14205.34,13644.92,130.34,0.96,46080.0,1099061.0,51.96,3.42,13118828.0,31486745.0
801733.SI,20260702,其他电源设备Ⅱ,44623.67,43469.08,46194.96,43796.69,-1930.24,-4.22,72139.0,2176928.0,69.27,3.75,33502826.0,69096550.0
801735.SI,20260702,光伏设备,6598.21,6306.75,6730.36,6372.35,-369.1,-5.48,271604.0,6156221.0,52.54,3.14,87727939.0,163503532.0
801736.SI,20260702,风电设备,2496.15,2435.89,2552.6,2453.85,-76.75,-3.03,77589.0,1395499.0,36.65,1.8,21378232.0,39312983.0
801737.SI,20260702,电池,25761.95,25229.51,26443.79,25584.44,-278.57,-1.08,251199.0,10163730.0,29.78,3.72,219460115.0,376079388.0
801738.SI,20260702,电网设备,5816.27,5697.8,5984.82,5759.34,-134.69,-2.29,261477.0,4562258.0,32.78,2.92,89811913.0,169593984.0
801740.SI,20260702,国防军工,1842.38,1817.72,1877.19,1821.52,-45.61,-2.44,259344.0,8891012.0,66.03,3.54,148693554.0,320664862.0
801741.SI,20260702,航天装备Ⅱ,32403.09,31741.66,33622.44,31885.52,-1083.61,-3.29,29457.0,1215184.0,465.24,5.83,14009025.0,46405658.0
801742.SI,20260702,航空装备Ⅱ,8923.3,8753.63,9131.47,8811.34,-219.78,-2.43,63862.0,1990348.0,68.74,3.28,46577575.0,94383064.0
801743.SI,20260702,地面兵装Ⅱ,16178.47,15891.99,16818.62,16270.01,-182.18,-1.11,27098.0,520617.0,121.05,3.16,6936071.0,14146541.0
801744.SI,20260702,航海装备Ⅱ,3154.5,3080.2,3253.88,3101.41,-58.44,-1.85,27273.0,760074.0,26.36,2.11,24778694.0,47853988.0
801745.SI,20260702,军工电子Ⅱ,7111.38,6904.23,7395.42,7049.04,-192.6,-2.66,111655.0,4404789.0,108.94,5.08,56392188.0,117875611.0
801750.SI,20260702,计算机,4595.14,4494.53,4641.86,4498.59,-129.11,-2.79,676296.0,15328000.0,67.8,3.72,233225146.0,418411932.0
801760.SI,20260702,传媒,679.46,675.31,691.53,680.49,7.84,1.17,510672.0,6111021.0,35.44,2.55,81412632.0,142600861.0
801764.SI,20260702,游戏Ⅱ,2842.07,2778.44,2966.14,2853.47,27.58,0.98,139861.0,2345444.0,24.43,3.23,32921102.0,48402642.0
801765.SI,20260702,广告营销,2576.46,2505.08,2675.51,2570.88,66.48,2.65,183169.0,1999793.0,59.1,4.16,20054593.0,27561400.0
801766.SI,20260702,影视院线,1031.89,1022.65,1074.99,1042.36,7.54,0.73,76735.0,586302.0,243.08,2.6,8866507.0,17733940.0
801767.SI,20260702,数字媒体,1593.92,1563.15,1644.23,1585.35,1.77,0.11,31244.0,530093.0,64.27,2.57,5532443.0,12029423.0
801769.SI,20260702,出版,1360.61,1338.07,1402.8,1369.15,14.78,1.09,40264.0,441342.0,21.91,1.46,8012242.0,23898103.0
801770.SI,20260702,通信,8811.63,8506.16,8900.78,8533.42,-677.63,-7.36,357335.0,22893881.0,68.23,7.23,337822937.0,570963319.0
801780.SI,20260702,银行,3707.85,3690.18,3769.94,3732.89,39.86,1.08,390913.0,2905500.0,5.71,0.48,232571207.0,990142889.0
801782.SI,20260702,国有大型银行Ⅱ,1803.58,1779.8,1829.26,1796.49,-4.04,-0.22,154357.0,984865.0,6.83,0.57,68454648.0,618904271.0
801783.SI,20260702,股份制银行Ⅱ,3869.82,3849.41,3935.86,3907.07,62.46,1.62,116539.0,981597.0,5.2,0.41,92177339.0,231645934.0
801784.SI,20260702,城商行Ⅱ,979.0,975.04,1001.93,993.04,17.01,1.74,88372.0,789421.0,5.58,0.5,58478527.0,117178536.0
801785.SI,20260702,农商行Ⅱ,710.29,705.2,728.09,716.92,8.62,1.22,31646.0,149616.0,5.35,0.5,13460693.0,22414148.0
801790.SI,20260702,非银金融,1813.82,1780.84,1823.3,1783.08,-38.15,-2.09,643414.0,8429946.0,11.54,1.14,244506443.0,570226602.0
801811.SI,20260702,大盘指数,4221.23,4153.83,4249.95,4161.93,-156.47,-3.62,2714957.0,97035517.0,18.77,2.05,2127470857.0,5154288148.0
801812.SI,20260702,中盘指数,5694.04,5604.29,5779.31,5616.68,-210.92,-3.62,2703621.0,84481877.0,34.77,2.66,1069685985.0,2264336634.0
801813.SI,20260702,小盘指数,6333.46,6284.28,6451.96,6294.27,-158.18,-2.45,3255116.0,74421981.0,38.82,2.51,872362955.0,1769043945.0
801821.SI,20260702,高市盈率指数,1799.05,1756.55,1840.38,1763.06,-108.02,-5.77,802284.0,46664706.0,204.75,12.3,485307540.0,1017750958.0
801822.SI,20260702,中市盈率指数,5169.26,5110.76,5261.77,5118.34,-171.13,-3.24,785063.0,23180321.0,41.55,3.38,274325279.0,533887461.0
801823.SI,20260702,低市盈率指数,7141.81,7104.77,7222.7,7146.74,5.63,0.08,1397114.0,14812814.0,7.84,0.74,671040891.0,2184180222.0
801831.SI,20260702,高市净率指数,3038.91,2931.97,3089.21,2942.88,-252.97,-7.92,753316.0,92071017.0,130.07,21.26,1083155493.0,2197254896.0
801832.SI,20260702,中市净率指数,4547.11,4526.95,4600.88,4529.24,-52.79,-1.15,743230.0,10286251.0,26.25,2.54,202898074.0,390489112.0
801833.SI,20260702,低市净率指数,6613.28,6583.65,6707.39,6637.02,32.83,0.5,1296935.0,7354511.0,7.74,0.51,412809786.0,1484525736.0
801841.SI,20260702,高价股指数,5600.03,5412.77,5675.67,5430.33,-406.89,-6.97,441663.0,98107250.0,61.26,10.8,1419194370.0,2744103433.0
801842.SI,20260702,中价股指数,4287.63,4278.72,4355.7,4283.48,-30.08,-0.7,685189.0,11018098.0,28.82,2.24,161009262.0,352932913.0
801843.SI,20260702,低价股指数,14163.92,14160.22,14430.04,14162.61,-8.8,-0.06,1884627.0,4701032.0,24.36,0.96,127957477.0,266282266.0
801851.SI,20260702,亏损股指数,4147.31,4100.27,4228.62,4107.36,-101.4,-2.41,3850711.0,48816774.0,,2.97,607484073.0,1232209609.0
801852.SI,20260702,微利股指数,2866.23,2803.77,2912.17,2807.3,-102.9,-3.54,253609.0,4652881.0,66.07,2.32,63518440.0,118415848.0
801853.SI,20260702,绩优股指数,6613.52,6460.34,6668.0,6481.2,-285.01,-4.21,320274.0,31646034.0,26.6,7.02,697768852.0,1452266121.0
801863.SI,20260702,新股指数,2728.93,2688.83,2812.58,2695.03,-126.52,-4.48,54577.0,4454785.0,143.43,8.25,36745949.0,358527630.0
801880.SI,20260702,汽车,6627.6,6627.59,6779.29,6649.52,16.55,0.25,474670.0,8815709.0,25.35,2.18,178889744.0,387268703.0
801881.SI,20260702,摩托车及其他,3124.84,3085.72,3208.62,3128.33,-17.19,-0.55,10330.0,202760.0,23.96,2.94,7866963.0,17967065.0
801890.SI,20260702,机械设备,2569.39,2552.69,2643.77,2557.19,-67.13,-2.56,1001774.0,28705236.0,49.05,3.66,343387925.0,691110096.0
801950.SI,20260702,煤炭,2873.33,2873.33,2933.37,2906.51,45.88,1.6,133536.0,1335770.0,18.8,1.34,39987827.0,166328229.0
801951.SI,20260702,煤炭开采,3284.74,3254.02,3389.36,3326.22,57.54,1.76,108401.0,1257884.0,17.73,1.36,37642417.0,161839722.0
801952.SI,20260702,焦炭Ⅱ,1081.14,1068.44,1115.65,1075.27,-9.1,-0.84,25135.0,77886.0,538.35,1.16,2345410.0,4488507.0
801960.SI,20260702,石油石化,2344.22,2344.22,2394.84,2375.82,3.56,0.15,176723.0,1476052.0,17.86,1.23,48534450.0,275283870.0
801962.SI,20260702,油服工程,2093.54,2077.09,2148.19,2108.04,-5.19,-0.25,39979.0,229245.0,22.75,1.42,5723065.0,17166844.0
801963.SI,20260702,炼化及贸易,2705.63,2684.89,2799.48,2750.07,12.46,0.46,125216.0,1055423.0,18.67,1.17,34145547.0,245801285.0
801970.SI,20260702,环保,2002.83,1997.19,2039.24,1999.33,-16.42,-0.81,194210.0,2165016.0,26.57,1.62,39954828.0,85731862.0
801971.SI,20260702,环境治理,1896.2,1863.17,1958.66,1891.68,-9.83,-0.52,151102.0,1429183.0,23.49,1.44,30812841.0,67894072.0
801972.SI,20260702,环保设备Ⅱ,2394.38,2349.55,2499.57,2395.35,-44.01,-1.8,43108.0,735833.0,44.4,2.61,9141986.0,17837790.0
801980.SI,20260702,美容护理,3363.18,3363.18,3419.57,3390.11,26.03,0.77,21426.0,374318.0,29.59,2.38,8680737.0,22780342.0
801981.SI,20260702,个护用品,1182.39,1175.08,1220.37,1197.38,13.4,1.13,6157.0,85093.0,27.15,1.86,2401616.0,6715240.0
801982.SI,20260702,化妆品,5772.8,5674.26,5977.21,5830.5,55.3,0.96,13596.0,239206.0,28.66,2.48,4164520.0,11001603.0
801991.SI,20260702,航空机场,2434.58,2371.95,2458.64,2384.97,-30.4,-1.26,84193.0,404600.0,25.04,2.19,16867782.0,47835103.0
801992.SI,20260702,航运港口,3095.65,3057.34,3172.4,3094.87,2.04,0.07,132519.0,938781.0,13.12,1.19,26163725.0,100186181.0
801993.SI,20260702,旅游及景区,1826.24,1810.91,1866.84,1829.93,1.56,0.09,26280.0,200124.0,42.72,2.32,6148131.0,12306048.0
801994.SI,20260702,教育,1614.62,1582.18,1667.25,1606.9,-20.06,-1.23,60902.0,252539.0,84.21,3.95,4756337.0,7607665.0
801995.SI,20260702,电视广播Ⅱ,951.5,935.25,971.14,939.98,-8.66,-0.91,39399.0,208047.0,59.93,1.03,6025746.0,12975353.0
850111.SI,20260702,种子,2397.01,2379.97,2484.64,2406.09,10.35,0.43,19948.0,107473.0,111.38,2.25,2615783.0,4324586.0
850113.SI,20260702,其他种植业,1465.82,1442.59,1513.1,1453.59,-14.92,-1.02,24097.0,106737.0,39.73,2.0,2238511.0,4472431.0
850122.SI,20260702,水产养殖,390.83,387.98,404.2,392.35,1.06,0.27,9864.0,27706.0,285.15,2.39,676893.0,1025940.0
850135.SI,20260702,食品及饲料添加剂,2416.28,2388.63,2494.33,2455.66,28.71,1.18,26922.0,365211.0,17.09,1.78,11131836.0,24016179.0
850136.SI,20260702,有机硅,5417.14,5184.19,5721.76,5532.97,-0.4,-0.01,31394.0,723740.0,72.46,2.82,4939491.0,13926317.0
850142.SI,20260702,畜禽饲料,1109.32,1078.18,1130.93,1097.16,-5.19,-0.47,49385.0,235727.0,1184.23,1.56,4700342.0,8328385.0
850151.SI,20260702,果蔬加工,1760.55,1744.2,1849.43,1795.86,-5.9,-0.33,7305.0,124319.0,48.17,4.14,1426326.0,3762847.0
850152.SI,20260702,粮油加工,1263.37,1254.05,1289.22,1267.01,2.52,0.2,4646.0,49805.0,36.44,1.48,2160238.0,15160829.0
850154.SI,20260702,其他农产品加工,2648.57,2546.48,2723.17,2598.07,-52.96,-2.0,20103.0,139793.0,33.8,1.67,3376051.0,6500961.0
850172.SI,20260702,生猪养殖,4762.52,4689.22,4878.55,4787.01,14.87,0.31,64739.0,696820.0,35.53,2.35,20833432.0,37548099.0
850173.SI,20260702,肉鸡养殖,724.86,715.41,745.33,737.78,25.75,3.62,19366.0,205556.0,25.2,1.81,2928308.0,6541032.0
850181.SI,20260702,动物保健Ⅲ,4132.05,4105.77,4268.47,4188.68,44.72,1.08,6715.0,84359.0,41.05,1.88,3065013.0,5202103.0
850232.SI,20260702,汽车经销商,386.72,381.72,395.32,384.21,-1.08,-0.28,4668.0,15748.0,54.91,1.38,646991.0,1602244.0
850233.SI,20260702,汽车综合服务,1756.92,1709.49,1806.72,1728.71,-19.7,-1.13,13695.0,98179.0,36.15,1.88,1656712.0,3531407.0
850322.SI,20260702,氯碱,1359.82,1333.26,1437.7,1397.25,20.52,1.49,69613.0,608316.0,46.25,1.39,7796659.0,15328075.0
850323.SI,20260702,无机盐,27747.97,26692.76,28912.99,27098.06,-1544.35,-5.39,25326.0,926416.0,77.96,3.57,6819096.0,13682560.0
850324.SI,20260702,其他化学原料,4582.68,4486.09,4796.32,4621.9,-42.57,-0.91,25955.0,624424.0,23.18,2.35,7436242.0,16810071.0
850325.SI,20260702,煤化工,6684.0,6622.06,6925.35,6777.27,31.55,0.47,30375.0,332307.0,17.43,1.65,7400688.0,22287784.0
850326.SI,20260702,钛白粉,683.16,669.98,697.99,676.96,-14.06,-2.03,26732.0,167328.0,61.7,1.71,4282453.0,7019117.0
850331.SI,20260702,氮肥,5070.55,5040.02,5284.92,5164.69,50.74,0.99,22835.0,248385.0,17.85,1.54,5436858.0,8654689.0
850332.SI,20260702,磷肥及磷化工,2228.61,2177.49,2310.84,2235.43,-31.98,-1.41,61153.0,982874.0,24.37,2.21,12494502.0,21483405.0
850333.SI,20260702,农药,3197.69,3140.7,3329.24,3256.17,43.74,1.36,45833.0,502027.0,28.57,1.62,9941112.0,19815417.0
850335.SI,20260702,涂料油墨,8183.09,7948.77,8637.71,8334.58,53.0,0.64,19763.0,390686.0,118.89,4.59,3836561.0,9445506.0
850337.SI,20260702,民爆制品,4131.29,4080.91,4289.29,4187.53,46.43,1.12,19803.0,306330.0,25.85,2.25,6790517.0,12258172.0
850338.SI,20260702,纺织化学制品,2444.16,2393.92,2492.57,2425.29,-49.61,-2.0,27387.0,284471.0,25.69,1.39,5889878.0,9672494.0
850339.SI,20260702,其他化学制品,2475.26,2411.1,2615.08,2511.43,-17.64,-0.7,124155.0,2415022.0,52.22,2.56,25076879.0,53530460.0
850341.SI,20260702,涤纶,6282.12,6191.37,6554.25,6463.87,157.81,2.5,18652.0,149852.0,30.83,1.53,2808504.0,7957695.0
850343.SI,20260702,粘胶,2726.89,2719.83,2862.52,2823.67,55.54,2.01,16581.0,68853.0,77.16,1.97,1490554.0,2259853.0
850351.SI,20260702,其他塑料制品,3988.73,3887.49,4156.5,4015.6,-7.8,-0.19,28533.0,472766.0,69.44,2.25,5816057.0,11776173.0
850353.SI,20260702,改性塑料,4881.8,4801.63,5201.94,4976.66,2.44,0.05,29631.0,693518.0,48.73,3.09,9706818.0,17421238.0
850354.SI,20260702,合成树脂,5939.82,5816.66,6246.44,5904.69,-262.85,-4.26,33030.0,1008150.0,64.95,5.58,9292013.0,20654138.0
850355.SI,20260702,膜材料,4260.56,4137.28,4464.26,4227.62,-196.86,-4.45,61602.0,1459535.0,141.9,5.18,15525533.0,31745997.0
850362.SI,20260702,其他橡胶制品,4216.36,4093.65,4413.7,4208.28,-24.4,-0.58,13488.0,178572.0,105.31,2.77,2733109.0,4887364.0
850363.SI,20260702,炭黑,3500.7,3444.23,3620.17,3507.17,-54.55,-1.53,8881.0,97876.0,43.97,2.08,1377993.0,2903746.0
850372.SI,20260702,聚氨酯,17021.85,16968.18,17783.78,17248.68,50.78,0.3,15829.0,461884.0,17.96,1.96,14079156.0,24628503.0
850381.SI,20260702,复合肥,4388.41,4350.68,4493.11,4415.17,3.48,0.08,21268.0,127782.0,13.57,1.48,4127275.0,7472616.0
850382.SI,20260702,氟化工,11739.61,11190.67,12640.03,12074.33,137.46,1.15,124468.0,5537742.0,53.06,6.28,23047591.0,46235976.0
850412.SI,20260702,特钢Ⅲ,2647.4,2620.4,2722.32,2654.54,-0.27,-0.01,26367.0,197400.0,17.22,1.24,7205429.0,19300178.0
850442.SI,20260702,板材,2044.37,2023.63,2081.53,2044.67,-3.04,-0.15,140984.0,366616.0,39.38,0.77,12780583.0,41352033.0
850521.SI,20260702,其他金属新材料,9298.69,9072.27,9835.41,9351.78,-121.4,-1.28,37749.0,930477.0,102.26,5.34,11113365.0,22033079.0
850522.SI,20260702,磁性材料,12051.47,11728.98,12885.4,12223.08,-36.99,-0.3,63092.0,1586688.0,72.18,4.93,11341955.0,22818425.0
850523.SI,20260702,非金属材料Ⅲ,7599.5,7354.21,7995.81,7500.69,-442.99,-5.58,11700.0,847657.0,76.06,4.63,7051742.0,15443612.0
850531.SI,20260702,黄金,19958.09,19716.57,20962.49,20559.18,1120.39,5.76,72502.0,1619846.0,18.09,3.18,21324055.0,39630857.0
850544.SI,20260702,其他小金属,29458.56,28520.2,31174.08,29527.49,-851.83,-2.8,67706.0,3209608.0,70.68,4.94,23529795.0,42905277.0
850551.SI,20260702,铝,4582.99,4501.04,4685.76,4559.71,-23.54,-0.51,146172.0,1543045.0,11.42,1.69,32458222.0,57049419.0
850552.SI,20260702,铜,7898.28,7793.02,8249.65,8039.05,229.38,2.94,228019.0,3797992.0,14.38,3.04,76173291.0,138749428.0
850553.SI,20260702,铅锌,5633.26,5441.39,5761.33,5546.07,-119.8,-2.11,115935.0,1743852.0,26.39,3.28,17737856.0,29659576.0
850614.SI,20260702,其他建材,7744.84,7608.51,7966.4,7708.37,-68.37,-0.88,16324.0,236007.0,26.8,1.82,5772844.0,12021258.0
850615.SI,20260702,耐火材料,6433.74,6390.54,6902.04,6748.7,218.04,3.34,17547.0,127103.0,56.1,1.89,1843255.0,3267189.0
850616.SI,20260702,管材,3848.84,3802.68,3967.72,3877.79,30.15,0.78,7738.0,67242.0,31.03,1.84,1555301.0,3415688.0
850623.SI,20260702,房屋建设Ⅲ,2726.95,2713.06,2780.63,2734.68,5.79,0.21,38492.0,197190.0,7.33,0.43,7194750.0,25156892.0
850702.SI,20260702,安防设备,14780.97,14524.5,15296.74,14758.51,-198.61,-1.33,31300.0,756541.0,22.05,2.89,20389780.0,49057261.0
850703.SI,20260702,其他计算机设备,5332.51,5161.3,5465.65,5206.63,-261.92,-4.79,104828.0,3312279.0,60.61,4.11,45648504.0,76622567.0
850711.SI,20260702,机床工具,1825.43,1793.05,1968.32,1883.87,62.46,3.43,44159.0,803554.0,91.86,4.48,7247372.0,14874888.0
850713.SI,20260702,磨具磨料,4359.81,4278.5,4859.09,4631.89,89.36,1.97,50187.0,1574351.0,150.86,6.46,9232177.0,17295285.0
850715.SI,20260702,制冷空调设备,21238.38,20842.28,22584.93,21245.47,-751.99,-3.42,26286.0,934676.0,60.5,3.73,9689093.0,20147427.0
850716.SI,20260702,其他通用设备,9883.91,9625.56,10470.09,9994.0,-35.5,-0.35,104206.0,2317560.0,49.09,4.01,21989082.0,42486954.0
850721.SI,20260702,纺织服装设备,1697.46,1668.0,1776.38,1713.8,-20.32,-1.17,29632.0,279295.0,47.59,2.89,3797248.0,8772661.0
850725.SI,20260702,能源及重型设备,2434.49,2399.61,2541.22,2446.37,-50.52,-2.02,97118.0,1629159.0,35.72,2.71,27713181.0,57025850.0
850726.SI,20260702,印刷包装机械,3855.83,3797.63,3983.93,3835.11,-18.67,-0.48,11914.0,183441.0,47.39,2.81,2738399.0,5170601.0
850727.SI,20260702,其他专用设备,25785.84,25138.3,27100.57,25666.74,-880.46,-3.32,104986.0,3798009.0,65.48,5.2,48352270.0,97144846.0
850728.SI,20260702,楼宇设备,13867.6,13712.98,14521.3,14049.0,110.32,0.79,14837.0,170466.0,36.42,2.03,3687417.0,8044847.0
850731.SI,20260702,仪器仪表,7842.29,7468.57,8086.1,7593.68,-481.56,-5.96,45453.0,2477760.0,135.13,7.12,27742586.0,68490192.0
850741.SI,20260702,电机Ⅲ,13509.79,13343.29,14216.8,13655.93,130.45,0.96,46080.0,1099061.0,51.96,3.42,13118828.0,31486745.0
850751.SI,20260702,金属制品,10903.88,10650.85,11569.69,10980.94,-80.9,-0.73,162810.0,3872816.0,74.3,3.84,39400793.0,89200550.0
850771.SI,20260702,工程机械整机,17873.28,17757.89,18691.63,18345.28,272.6,1.51,73528.0,846390.0,16.58,1.64,29068462.0,49929303.0
850772.SI,20260702,工程机械器件,5886.32,5761.66,6186.81,5940.39,220.76,3.86,6888.0,374854.0,56.37,7.52,7173036.0,21248525.0
850781.SI,20260702,机器人,16807.31,16041.11,17443.96,16324.12,-358.81,-2.15,55303.0,2557820.0,204.98,7.91,15721488.0,27254325.0
850782.SI,20260702,工控设备,6506.75,6355.98,6807.98,6436.28,-211.66,-3.18,52572.0,2109601.0,59.69,5.19,30670926.0,51404111.0
850783.SI,20260702,激光设备,18494.0,17584.84,18749.28,17641.53,-1790.91,-9.22,29996.0,2956370.0,103.84,8.29,29740647.0,41644372.0
850784.SI,20260702,其他自动化设备,7377.7,7072.4,7588.31,7162.37,-444.9,-5.85,17905.0,1081555.0,199.11,10.4,14521892.0,30960480.0
850812.SI,20260702,分立器件,5157.2,4935.28,5392.17,5027.41,-394.26,-7.27,60319.0,4343308.0,213.02,7.99,44939710.0,77630537.0
850813.SI,20260702,半导体材料,20736.3,19560.78,22036.04,20384.48,-1691.1,-7.66,103491.0,8901896.0,292.6,11.12,53834551.0,144363115.0
850814.SI,20260702,数字芯片设计,7948.32,7608.25,8258.02,7717.77,-689.44,-8.2,128476.0,22778012.0,121.85,15.49,272443351.0,558202617.0
850815.SI,20260702,模拟芯片设计,5268.3,5080.66,5635.22,5259.03,-147.99,-2.74,47757.0,3284224.0,204.82,6.79,41219397.0,72280784.0
850817.SI,20260702,集成电路封测,14084.33,13544.27,14785.0,13857.79,-1061.73,-7.12,118779.0,6095523.0,110.45,6.29,40307932.0,87550422.0
850818.SI,20260702,半导体设备,94376.65,88686.91,97617.88,89918.92,-10459.39,-10.42,39145.0,9236775.0,151.18,17.77,133786296.0,256729654.0
850822.SI,20260702,印制电路板,21620.44,20828.13,22430.19,21124.23,-1636.13,-7.19,189171.0,12240667.0,94.67,12.59,143724494.0,287155672.0
850823.SI,20260702,被动元件,26395.04,24572.07,26986.97,24912.33,-2999.99,-10.75,75157.0,4637839.0,90.14,9.21,42965597.0,68305968.0
850831.SI,20260702,面板,1752.07,1684.43,1931.46,1840.49,-11.38,-0.61,1025389.0,9572404.0,57.95,2.57,57145451.0,93449992.0
850832.SI,20260702,LED,2236.56,2160.69,2325.37,2206.89,-102.38,-4.43,153525.0,2163437.0,204.83,3.0,19791326.0,32615512.0
850833.SI,20260702,光学元件,6663.21,6368.11,6958.17,6489.7,-296.24,-4.37,80910.0,3568898.0,124.0,9.47,28346337.0,47440581.0
850841.SI,20260702,其他电子Ⅲ,21820.23,21022.06,22871.17,21494.42,-1431.51,-6.24,79109.0,3471671.0,76.09,7.27,29215447.0,54830252.0
850853.SI,20260702,品牌消费电子,3227.36,3157.71,3329.99,3193.97,-59.89,-1.84,8354.0,358259.0,28.31,3.23,9857653.0,25316272.0
850854.SI,20260702,消费电子零部件及组装,8855.39,8463.39,9056.36,8532.12,-619.64,-6.77,266714.0,10658700.0,42.28,5.29,137131973.0,347181092.0
850861.SI,20260702,电子化学品Ⅲ,16951.9,16175.17,18134.05,16973.29,-841.7,-4.72,166413.0,8810280.0,142.62,9.34,59957433.0,102456075.0
850912.SI,20260702,商用载货车,3524.0,3478.48,3672.6,3557.93,24.36,0.69,29990.0,297472.0,39.53,2.1,8082480.0,17550964.0
850913.SI,20260702,商用载客车,8735.89,8499.57,8893.92,8525.19,-159.91,-1.84,8680.0,95658.0,12.61,3.17,4601884.0,8011639.0
850922.SI,20260702,车身附件及饰件,10772.9,10651.03,11180.73,10863.43,66.42,0.62,47415.0,998052.0,18.46,2.15,23121783.0,44663207.0
850923.SI,20260702,底盘与发动机系统,6821.18,6688.98,7096.78,6816.49,-46.83,-0.68,163237.0,3182362.0,29.63,2.78,55411848.0,103099585.0
850924.SI,20260702,轮胎轮毂,3337.35,3307.79,3427.55,3367.59,33.27,1.0,31564.0,321103.0,16.01,1.42,9846896.0,22857224.0
850925.SI,20260702,其他汽车零部件,2832.17,2795.34,2967.78,2850.37,8.88,0.31,53783.0,1175725.0,37.94,2.41,16681365.0,35941958.0
850926.SI,20260702,汽车电子电气系统,4791.82,4686.85,4969.3,4782.3,-16.26,-0.34,59288.0,1251031.0,40.17,3.05,16856464.0,41948248.0
850935.SI,20260702,航海装备Ⅲ,3154.71,3080.41,3254.1,3101.62,-58.44,-1.85,27273.0,760074.0,26.36,2.11,24778694.0,47853988.0
850936.SI,20260702,轨交设备Ⅲ,5609.19,5506.88,5725.86,5570.33,-55.48,-0.99,64938.0,674025.0,18.05,1.19,13555286.0,36217879.0
850952.SI,20260702,综合乘用车,5499.65,5444.11,5641.46,5494.83,22.14,0.4,28007.0,222140.0,17.62,0.65,8816641.0,31760050.0
851024.SI,20260702,通信网络设备及器件,55439.41,52753.27,56619.21,53327.58,-4934.96,-8.47,100172.0,14133721.0,85.05,16.07,227398338.0,340111610.0
851025.SI,20260702,通信线缆及配套,12766.71,12187.21,13111.36,12383.32,-1058.85,-7.88,81172.0,4886004.0,92.75,7.61,47315161.0,80841904.0
851026.SI,20260702,通信终端及配件,2443.26,2368.86,2494.34,2379.87,-152.93,-6.04,42465.0,1453638.0,69.57,5.45,21267670.0,40638830.0
851027.SI,20260702,其他通信设备,1900.37,1856.04,1967.67,1879.64,-35.39,-1.85,11658.0,282972.0,89.45,4.02,4339259.0,8360149.0
851041.SI,20260702,垂直应用软件,5086.71,4906.61,5237.45,4949.22,-148.43,-2.91,163498.0,4433969.0,84.94,4.7,59750489.0,110652816.0
851042.SI,20260702,横向通用软件,22964.68,22173.43,23283.6,22329.69,-317.03,-1.4,52203.0,1333509.0,82.73,3.41,28737529.0,50283971.0
851112.SI,20260702,空调,38573.24,38327.67,39383.46,38501.2,7.76,0.02,15033.0,729265.0,10.7,2.03,52211755.0,77549816.0
851116.SI,20260702,冰洗,11030.17,10923.11,11256.09,11090.87,68.27,0.62,18700.0,200951.0,11.27,1.57,9122111.0,16866191.0
851122.SI,20260702,其他黑色家电,2067.52,2031.68,2168.32,2088.79,16.01,0.77,11589.0,151526.0,70.93,2.88,2126411.0,4071628.0
851131.SI,20260702,厨房小家电,3088.98,3057.36,3177.9,3137.12,64.69,2.11,5051.0,62076.0,23.25,2.54,1968703.0,7186482.0
851141.SI,20260702,厨房电器,11675.33,11540.72,12153.61,11796.47,71.96,0.61,5387.0,67277.0,19.3,1.47,1515060.0,3315148.0
851151.SI,20260702,照明设备Ⅲ,4859.8,4724.31,5010.18,4785.43,-126.13,-2.57,25623.0,205347.0,55.55,2.03,2860658.0,8874155.0
851161.SI,20260702,家电零部件Ⅲ,7449.19,7288.24,7739.89,7447.13,-18.04,-0.24,55998.0,1490757.0,43.71,3.97,18334041.0,35091677.0
851232.SI,20260702,啤酒,3772.2,3741.7,3855.07,3807.79,27.34,0.72,7858.0,113230.0,17.0,2.49,4056084.0,11132533.0
851233.SI,20260702,其他酒类,3209.88,3163.09,3301.61,3218.56,5.82,0.18,9368.0,90890.0,43.03,2.08,2428401.0,5434994.0
851241.SI,20260702,肉制品,5437.0,5335.91,5569.26,5421.42,-33.65,-0.62,23967.0,170810.0,26.41,2.56,4180265.0,11011002.0
851242.SI,20260702,调味发酵品Ⅲ,5758.88,5709.05,5946.44,5806.78,7.77,0.13,35322.0,504116.0,26.61,3.28,12373250.0,32143416.0
851243.SI,20260702,乳品,7769.8,7718.66,7915.1,7817.19,43.74,0.56,28571.0,301350.0,14.68,2.4,16953311.0,22811386.0
851246.SI,20260702,预加工食品,3008.23,2973.15,3086.26,3005.18,-9.38,-0.31,4887.0,93187.0,19.44,1.61,3115728.0,5583977.0
851247.SI,20260702,保健品,915.06,903.67,937.93,920.99,8.48,0.93,7094.0,45709.0,31.85,1.67,2025732.0,4969189.0
851251.SI,20260702,白酒Ⅲ,34109.45,33834.81,34698.3,34114.73,15.66,0.05,21681.0,1401054.0,18.31,3.4,91266118.0,227884372.0
851271.SI,20260702,软饮料,2987.81,2914.55,3075.89,2930.73,-87.51,-2.9,9431.0,207610.0,23.4,3.93,7005394.0,17669212.0
851281.SI,20260702,零食,1522.12,1515.63,1580.28,1553.36,32.03,2.11,8337.0,109911.0,12.93,1.95,2729812.0,5821563.0
851282.SI,20260702,烘焙食品,952.13,932.22,978.81,960.91,8.66,0.91,5931.0,64469.0,25.7,1.93,1489929.0,3780220.0
851312.SI,20260702,棉纺,1896.44,1859.34,1976.55,1916.28,31.54,1.67,20434.0,172739.0,18.05,1.05,2167370.0,4449791.0
851314.SI,20260702,印染,1619.95,1604.0,1700.7,1684.1,88.46,5.54,6270.0,55944.0,17.18,1.39,649081.0,1660556.0
851315.SI,20260702,辅料,4584.91,4503.44,4970.47,4940.93,280.12,6.01,5876.0,123942.0,22.5,2.47,1123450.0,2130512.0
851316.SI,20260702,其他纺织,1729.38,1703.51,1824.81,1767.76,25.59,1.47,16367.0,158781.0,35.29,2.07,2951627.0,6757077.0
851325.SI,20260702,鞋帽及其他,943.21,934.65,980.28,964.07,12.56,1.32,7964.0,131804.0,94.06,3.65,2136746.0,4450076.0
851326.SI,20260702,家纺,1616.24,1602.55,1671.58,1642.16,27.18,1.68,5074.0,51955.0,19.94,1.93,1166828.0,3064954.0
851329.SI,20260702,非运动服装,1457.14,1444.13,1506.95,1484.11,28.31,1.94,56297.0,380414.0,22.17,1.39,8276202.0,21850416.0
851331.SI,20260702,钟表珠宝,1317.22,1310.01,1365.94,1339.17,25.17,1.92,20232.0,180222.0,17.82,1.79,3794293.0,9680823.0
851412.SI,20260702,大宗用纸,3095.3,3068.51,3210.24,3141.99,39.62,1.28,30230.0,128517.0,21.52,0.92,4515467.0,8262204.0
851413.SI,20260702,特种纸,1498.27,1480.23,1569.28,1523.02,10.78,0.71,26285.0,193223.0,40.86,1.68,2934493.0,6612811.0
851422.SI,20260702,印刷,3271.47,3260.69,3362.32,3280.45,-4.15,-0.13,1933.0,14581.0,48.23,2.77,576871.0,1128611.0
851423.SI,20260702,金属包装,2057.69,2033.21,2149.7,2048.72,-47.96,-2.29,14895.0,187569.0,34.59,2.25,2538319.0,5573521.0
851424.SI,20260702,塑料包装,3505.13,3407.65,3542.96,3424.53,-127.0,-3.58,9331.0,151890.0,22.19,2.87,2300521.0,4554161.0
851425.SI,20260702,纸包装,2402.36,2307.68,2469.99,2330.42,-99.16,-4.08,36577.0,398174.0,55.84,2.4,6247609.0,12763869.0
851436.SI,20260702,瓷砖地板,815.55,803.32,852.57,829.32,9.32,1.14,16988.0,230238.0,55.37,1.68,2533690.0,8367253.0
851437.SI,20260702,成品家居,1227.75,1212.11,1283.4,1251.72,14.53,1.17,22045.0,215326.0,23.43,1.83,3976592.0,10360683.0
851438.SI,20260702,定制家居,1413.08,1395.3,1475.8,1432.42,12.35,0.87,7406.0,109443.0,20.89,1.35,2348849.0,6394812.0
851439.SI,20260702,卫浴制品,460.67,457.5,480.1,465.61,3.11,0.67,5685.0,42886.0,47.92,1.54,892014.0,3500691.0
851452.SI,20260702,娱乐用品,1456.34,1439.29,1517.37,1466.78,5.2,0.36,8496.0,110467.0,81.01,3.49,2292517.0,5457670.0
851491.SI,20260702,其他家居用品,1450.89,1439.19,1511.93,1470.28,14.34,0.99,15711.0,214119.0,29.71,2.59,4601246.0,17624842.0
851511.SI,20260702,原料药,10285.19,10110.83,10699.66,10380.85,104.1,1.01,77974.0,1188735.0,49.59,2.57,16178082.0,33445898.0
851512.SI,20260702,化学制剂,8204.62,8079.96,8609.63,8314.67,95.93,1.17,281137.0,5500995.0,39.32,3.23,84873586.0,170543890.0
851521.SI,20260702,中药Ⅲ,5290.72,5252.03,5463.93,5359.85,54.42,1.03,138449.0,1186595.0,22.23,1.84,36780322.0,73087488.0
851522.SI,20260702,血液制品,5662.61,5611.35,5805.3,5705.88,42.47,0.75,12761.0,103465.0,28.9,1.23,4337832.0,9697100.0
851523.SI,20260702,疫苗,9590.52,9419.14,9809.54,9531.89,-102.83,-1.07,19411.0,316260.0,58.61,1.65,8666532.0,15657681.0
851524.SI,20260702,其他生物制品,9955.29,9769.6,10336.14,9954.31,-35.16,-0.35,43120.0,1246152.0,41.27,3.11,18473652.0,42131596.0
851532.SI,20260702,医疗设备,8307.53,8150.95,8540.51,8243.14,-79.68,-0.96,32028.0,1136025.0,36.12,3.18,26079911.0,54483268.0
851533.SI,20260702,医疗耗材,5386.85,5295.91,5569.92,5389.5,-23.24,-0.43,39078.0,994365.0,33.99,2.19,19466049.0,42409745.0
851534.SI,20260702,体外诊断,6987.24,6890.0,7201.4,7014.07,9.05,0.13,21639.0,489871.0,38.29,1.63,12734170.0,26792379.0
851542.SI,20260702,医药流通,2402.69,2390.38,2481.04,2438.01,30.93,1.28,34328.0,275273.0,17.17,1.01,7612532.0,20482473.0
851543.SI,20260702,线下药店,10134.75,10031.59,10423.18,10225.04,109.47,1.08,7310.0,108123.0,15.8,1.55,3132015.0,7257383.0
851563.SI,20260702,医疗研发外包,14550.12,14133.25,15161.1,14203.92,-506.44,-3.44,54356.0,2677550.0,24.51,3.56,42172103.0,64735344.0
851564.SI,20260702,医院,3892.56,3843.27,3986.88,3873.89,-14.63,-0.38,52657.0,430907.0,40.19,3.29,10014132.0,18550865.0
851610.SI,20260702,电能综合服务,2877.53,2834.8,2937.56,2860.6,-24.75,-0.86,89922.0,367103.0,36.67,1.08,9598413.0,23707417.0
851611.SI,20260702,火力发电,3264.43,3146.99,3340.72,3179.13,-77.99,-2.39,351042.0,2698094.0,13.51,1.19,26775191.0,92650780.0
851612.SI,20260702,水力发电,5087.88,5038.66,5162.51,5124.78,63.24,1.25,47998.0,690998.0,18.3,2.41,35759012.0,118765934.0
851614.SI,20260702,热力服务,2571.54,2517.04,2693.48,2573.72,-38.8,-1.49,55813.0,598870.0,43.0,2.32,6276122.0,14345373.0
851616.SI,20260702,光伏发电,951.59,922.98,972.13,932.39,-28.14,-2.93,97014.0,522650.0,75.23,1.49,7684007.0,13150299.0
851617.SI,20260702,风力发电,1227.52,1213.04,1253.17,1219.64,-8.33,-0.68,73991.0,394353.0,36.67,1.32,10911560.0,53344445.0
851631.SI,20260702,燃气Ⅲ,3038.65,2976.24,3113.52,3017.82,-23.14,-0.76,40513.0,490723.0,22.86,1.79,9459084.0,25008832.0
851711.SI,20260702,港口,3603.59,3587.56,3685.66,3643.5,33.09,0.92,48304.0,197824.0,13.32,0.87,7873397.0,45133473.0
851721.SI,20260702,公交,2156.41,2144.07,2237.44,2164.13,-4.97,-0.23,5681.0,35720.0,62.31,1.27,1147225.0,2245565.0
851731.SI,20260702,高速公路,2960.55,2939.88,3043.84,2999.79,42.62,1.44,21518.0,118809.0,14.22,0.9,7749742.0,32044649.0
851741.SI,20260702,航空运输,1805.88,1755.72,1823.64,1765.1,-24.43,-1.37,80198.0,350212.0,26.61,2.82,13488811.0,38292268.0
851761.SI,20260702,航运,2473.76,2434.84,2537.2,2461.27,-7.3,-0.3,84215.0,740957.0,13.04,1.41,18290329.0,55052708.0
851771.SI,20260702,铁路运输,737.5,733.66,749.04,743.09,5.7,0.77,41733.0,198002.0,16.38,0.75,10522228.0,35730006.0
851782.SI,20260702,原材料供应链服务,2574.75,2560.12,2637.7,2600.85,25.01,0.97,15725.0,94418.0,16.98,0.49,4870100.0,10471146.0
851783.SI,20260702,中间产品及消费品供应链服务,975.81,971.32,1045.04,1001.56,13.91,1.41,12977.0,227363.0,65.38,2.39,1426205.0,2889632.0
851784.SI,20260702,快递,2263.0,2233.65,2303.64,2267.04,34.53,1.55,26873.0,438596.0,14.08,1.59,11315025.0,26248894.0
851785.SI,20260702,跨境物流,1306.51,1293.68,1350.84,1327.28,25.39,1.95,13465.0,115714.0,14.1,1.49,3778394.0,14592880.0
851786.SI,20260702,仓储物流,3071.77,3021.4,3191.59,3055.24,-69.78,-2.23,9839.0,110014.0,26.86,1.31,1737953.0,3428432.0
851787.SI,20260702,公路货运,2167.53,2141.08,2242.94,2193.82,25.76,1.19,5704.0,29885.0,32.83,1.03,869964.0,2238465.0
851811.SI,20260702,住宅开发,2071.72,2030.45,2136.16,2049.53,-32.99,-1.58,337134.0,1523311.0,15.26,0.7,27423314.0,55986153.0
851812.SI,20260702,商业地产,2206.26,2168.27,2260.83,2197.14,-0.41,-0.02,31442.0,140364.0,69.33,0.62,5140354.0,16975087.0
851813.SI,20260702,产业地产,2564.67,2510.71,2604.91,2530.19,-74.57,-2.86,17668.0,215722.0,40.34,1.71,4943163.0,12519045.0
851831.SI,20260702,物业管理,529.98,516.49,544.26,525.58,-1.57,-0.3,17286.0,63922.0,32.06,1.86,1322051.0,2865263.0
851922.SI,20260702,金融控股,2134.92,2100.97,2175.13,2109.7,-31.86,-1.49,28166.0,184501.0,19.83,0.8,4826108.0,19537758.0
851927.SI,20260702,资产管理,1960.58,1947.28,2051.27,1992.85,24.64,1.25,4523.0,54915.0,42.61,2.3,1449029.0,3938570.0
851931.SI,20260702,证券Ⅲ,6662.75,6489.96,6724.26,6523.41,-170.14,-2.54,534264.0,6704284.0,16.13,1.24,163652016.0,334313466.0
851941.SI,20260702,保险Ⅲ,1120.06,1106.1,1141.56,1109.24,-14.32,-1.27,37847.0,1224709.0,6.44,0.95,66404678.0,191490059.0
852021.SI,20260702,贸易Ⅲ,4191.92,4128.06,4308.86,4190.07,-30.93,-0.73,28601.0,196889.0,22.7,1.32,4068951.0,12973427.0
852031.SI,20260702,百货,2021.03,1995.02,2085.43,2017.4,-5.39,-0.27,58336.0,276578.0,150.14,1.22,5652665.0,11512465.0
852032.SI,20260702,超市,7968.56,7854.09,8265.3,8039.36,84.08,1.06,64274.0,322509.0,36.34,3.7,4503270.0,10140665.0
852033.SI,20260702,多业态零售,1633.84,1618.83,1674.92,1638.76,-0.25,-0.02,20932.0,137867.0,22.69,1.0,3338538.0,6399593.0
852034.SI,20260702,商业物业经营,2410.76,2375.04,2480.49,2403.59,-10.26,-0.42,41320.0,311158.0,28.46,1.29,6971043.0,17118247.0
852041.SI,20260702,专业连锁Ⅲ,3400.57,3339.26,3485.58,3377.31,-25.95,-0.76,10173.0,88793.0,55.51,2.54,2446094.0,4274738.0
852062.SI,20260702,跨境电商,675.29,658.1,690.2,663.81,-13.03,-1.93,13845.0,137428.0,39.64,4.33,2394302.0,4711195.0
852063.SI,20260702,电商服务,2455.68,2359.32,2541.13,2408.09,-51.81,-2.11,13666.0,270914.0,108.06,3.15,2362425.0,4148364.0
852111.SI,20260702,人工景区,25678.28,25366.69,26137.71,25686.39,68.02,0.27,6313.0,50898.0,32.56,1.76,1749550.0,3122928.0
852112.SI,20260702,自然景区,2049.12,2032.99,2090.65,2050.18,-1.81,-0.09,12197.0,104349.0,39.07,2.51,2827808.0,6055111.0
852121.SI,20260702,酒店,2171.6,2141.34,2227.83,2177.38,-7.33,-0.34,6278.0,80590.0,19.44,1.2,1817704.0,4011240.0
852131.SI,20260702,旅游综合,10608.61,10553.93,10933.68,10678.96,21.13,0.2,7769.0,44877.0,88.23,3.03,1570773.0,3128009.0
852182.SI,20260702,检测服务,5235.77,5105.71,5445.13,5206.83,-137.14,-2.57,25599.0,526342.0,40.85,3.53,7987785.0,16139162.0
852183.SI,20260702,会展服务,1884.32,1830.54,1936.21,1855.14,-20.25,-1.08,2417.0,31324.0,28.78,1.84,546108.0,1455061.0
852213.SI,20260702,通信工程及服务,901.35,879.82,926.23,888.84,-17.12,-1.89,31010.0,542012.0,677.8,3.59,5696913.0,9281820.0
852214.SI,20260702,通信应用增值服务,2784.8,2744.64,2905.56,2772.27,-76.21,-2.68,57503.0,1347095.0,56.9,5.15,15166660.0,28993411.0
852226.SI,20260702,IT服务Ⅲ,4283.31,4169.33,4409.94,4208.76,-102.83,-2.39,324468.0,5491703.0,113.13,3.35,78698843.0,131795316.0
852311.SI,20260702,综合Ⅲ,4504.67,4384.99,4756.47,4550.46,-35.05,-0.76,63163.0,886912.0,99.55,2.96,10543540.0,21003330.0
857111.SI,20260702,水泥制造,3866.16,3808.96,3953.84,3870.49,-54.33,-1.38,28090.0,267570.0,18.26,0.59,8626551.0,19206156.0
857112.SI,20260702,水泥制品,844.11,837.58,885.47,863.8,14.21,1.67,8068.0,40270.0,241.73,1.68,1017922.0,2062156.0
857121.SI,20260702,玻璃制造,3518.04,3420.55,3620.0,3500.43,-176.08,-4.79,52097.0,340299.0,227.56,1.47,3198624.0,6009961.0
857122.SI,20260702,玻纤制造,140906.29,133833.47,148168.75,139576.21,-7557.79,-5.14,61675.0,3046252.0,80.92,8.02,28056517.0,86345894.0
857221.SI,20260702,装修装饰Ⅲ,4349.58,4244.32,4502.38,4317.74,-37.56,-0.86,51559.0,320246.0,75.67,2.62,5417795.0,11686775.0
857236.SI,20260702,基建市政工程,1587.94,1577.1,1620.1,1595.56,2.15,0.13,104996.0,492086.0,8.46,0.45,21834292.0,61712814.0
857241.SI,20260702,钢结构,2166.13,2151.01,2248.1,2192.97,15.54,0.71,17604.0,94219.0,26.35,1.13,2640904.0,5580734.0
857242.SI,20260702,化学工程,1278.48,1264.09,1323.02,1283.5,-1.18,-0.09,17137.0,159609.0,9.69,0.89,3650090.0,7449597.0
857243.SI,20260702,国际工程,1279.34,1270.21,1312.9,1291.7,-5.29,-0.41,11105.0,99599.0,12.12,0.91,1926895.0,5105695.0
857244.SI,20260702,其他专业工程,2967.84,2837.91,3044.89,2879.74,-145.88,-4.82,41375.0,1044776.0,70.86,1.49,9670305.0,24293248.0
857251.SI,20260702,园林工程,5599.64,5489.79,5864.31,5607.87,12.42,0.22,54316.0,164568.0,1219.55,2.51,2304100.0,4364991.0
857261.SI,20260702,工程咨询服务Ⅲ,2417.7,2373.04,2512.7,2399.09,-99.46,-3.98,61871.0,1518452.0,52.68,2.18,10539222.0,22126747.0
857321.SI,20260702,电网自动化设备,8290.59,8132.78,8501.81,8208.1,-164.28,-1.96,40553.0,941102.0,30.25,3.66,23970701.0,49147275.0
857323.SI,20260702,电工仪器仪表,8277.19,8109.98,8485.69,8202.17,-168.27,-2.01,13489.0,200689.0,31.32,1.98,3957123.0,8485691.0
857334.SI,20260702,火电设备,3985.13,3880.02,4037.76,3892.37,-112.07,-2.8,6834.0,67444.0,25.58,2.01,1203764.0,2372667.0
857336.SI,20260702,其他电源设备Ⅲ,2348.52,2283.79,2448.35,2303.9,-113.12,-4.68,48908.0,1878663.0,98.31,5.04,25948753.0,49530767.0
857344.SI,20260702,线缆部件及其他,14324.21,14027.28,14946.18,14308.38,-284.8,-1.95,106729.0,1579297.0,58.29,3.56,19785318.0,38032653.0
857352.SI,20260702,光伏电池组件,1049.0,1025.53,1086.19,1041.19,-22.92,-2.15,133267.0,1382068.0,152.25,2.38,23657222.0,43294471.0
857354.SI,20260702,光伏辅材,961.42,929.99,997.98,946.37,-39.69,-4.03,30968.0,749054.0,73.49,2.63,9625212.0,19167518.0
857355.SI,20260702,光伏加工设备,2735.26,2544.02,2772.89,2571.27,-276.16,-9.7,20373.0,1590529.0,54.43,4.52,16675563.0,33996908.0
857362.SI,20260702,风电零部件,7639.79,7459.5,7829.92,7545.14,-169.42,-2.2,43003.0,728435.0,37.1,1.92,12439550.0,24256666.0
857371.SI,20260702,锂电池,29599.65,29028.03,30245.97,29346.65,-235.37,-0.8,84734.0,4713255.0,25.11,4.18,144911997.0,246619917.0
857372.SI,20260702,电池化学品,19706.48,19265.4,20377.69,19620.88,-327.7,-1.64,126124.0,4281934.0,47.01,2.99,59059962.0,99034920.0
857373.SI,20260702,锂电专用设备,18659.3,18136.02,19277.81,18415.84,-550.53,-2.9,18887.0,682374.0,51.5,3.82,11128545.0,21448277.0
857375.SI,20260702,蓄电池及其他电池,1861.26,1818.08,1983.1,1927.91,48.47,2.58,21018.0,477682.0,40.11,2.63,4055586.0,8602712.0
857381.SI,20260702,输变电设备,7742.06,7562.87,7907.04,7599.16,-252.88,-3.22,62347.0,1300631.0,29.49,2.77,33226611.0,54844845.0
857382.SI,20260702,配电设备,2292.43,2263.45,2377.95,2301.79,-10.34,-0.45,38357.0,540539.0,24.49,1.87,8872160.0,19083519.0
857411.SI,20260702,航天装备Ⅲ,32403.74,31742.3,33623.12,31886.16,-1083.63,-3.29,29457.0,1215184.0,465.24,5.83,14009025.0,46405658.0
857421.SI,20260702,航空装备Ⅲ,8850.87,8682.58,9057.35,8739.82,-218.0,-2.43,63862.0,1990348.0,68.74,3.28,46577575.0,94383064.0
857431.SI,20260702,地面兵装Ⅲ,16178.56,15892.07,16818.72,16270.1,-182.18,-1.11,27098.0,520617.0,121.05,3.16,6936071.0,14146541.0
857451.SI,20260702,军工电子Ⅲ,7111.38,6904.22,7395.41,7049.03,-192.6,-2.66,111655.0,4404789.0,108.94,5.08,56392188.0,117875611.0
857641.SI,20260702,游戏Ⅲ,2842.08,2778.45,2966.15,2853.48,27.58,0.98,139861.0,2345444.0,24.43,3.23,32921102.0,48402642.0
857651.SI,20260702,营销代理,2459.74,2372.81,2566.77,2443.32,74.62,3.15,159889.0,1887756.0,195.68,4.05,15029094.0,19782265.0
857661.SI,20260702,影视动漫制作,1069.57,1058.97,1113.52,1078.81,7.3,0.68,65761.0,470157.0,194.46,2.48,7093350.0,13955615.0
857674.SI,20260702,门户网站,1443.44,1412.96,1473.64,1419.62,-15.83,-1.1,10874.0,152355.0,86.43,3.62,2186432.0,4960418.0
857691.SI,20260702,教育出版,169.7,168.34,172.93,171.02,1.94,1.15,9298.0,65639.0,12.62,1.13,3065286.0,10856171.0
857692.SI,20260702,大众出版,1859.09,1818.47,1930.51,1869.08,19.56,1.06,30966.0,375703.0,43.03,1.81,4946956.0,13041933.0
857821.SI,20260702,国有大型银行Ⅲ,1803.58,1779.8,1829.26,1796.49,-4.04,-0.22,154357.0,984865.0,6.83,0.57,68454648.0,618904271.0
857831.SI,20260702,股份制银行Ⅲ,3869.81,3849.41,3935.85,3907.06,62.46,1.62,116539.0,981597.0,5.2,0.41,92177339.0,231645934.0
857841.SI,20260702,城商行Ⅲ,979.0,975.05,1001.94,993.04,17.01,1.74,88372.0,789421.0,5.58,0.5,58478527.0,117178536.0
857851.SI,20260702,农商行Ⅲ,710.29,705.2,728.09,716.92,8.62,1.22,31646.0,149616.0,5.35,0.5,13460693.0,22414148.0
858811.SI,20260702,其他运输设备,1556.22,1525.8,1590.43,1547.49,-13.16,-0.84,3579.0,51929.0,19.61,2.21,1351560.0,3584076.0
858812.SI,20260702,摩托车,4104.76,4059.39,4218.94,4115.11,-20.04,-0.48,6751.0,150832.0,24.89,3.12,6515402.0,14382989.0
859511.SI,20260702,动力煤,1865.58,1849.46,1922.4,1891.7,37.9,2.04,70136.0,969789.0,15.62,1.67,29072709.0,139950653.0
859512.SI,20260702,焦煤,4041.24,3993.76,4188.95,4073.57,32.67,0.81,38266.0,288095.0,32.79,0.83,8569708.0,21889069.0
859521.SI,20260702,焦炭Ⅲ,1081.13,1068.44,1115.65,1075.27,-9.1,-0.84,25135.0,77886.0,538.35,1.16,2345410.0,4488507.0
859621.SI,20260702,油田服务,660.83,657.19,680.58,670.28,3.01,0.45,24250.0,129459.0,19.7,1.8,2929521.0,10954712.0
859622.SI,20260702,油气及炼化工程,2854.41,2825.04,2917.72,2852.41,-27.81,-0.97,15730.0,99786.0,27.16,1.16,2793544.0,6212132.0
859631.SI,20260702,炼油化工,2952.33,2933.16,3046.19,3007.03,23.35,0.78,81517.0,670729.0,16.03,1.08,24638480.0,228293823.0
859632.SI,20260702,油品石化贸易,5822.07,5760.77,6043.96,5890.62,-5.44,-0.09,18324.0,160068.0,34.24,1.6,3015169.0,6090233.0
859633.SI,20260702,其他石化,2476.94,2450.35,2585.95,2503.37,-13.02,-0.52,25376.0,224626.0,31.8,1.46,6491898.0,11417229.0
859711.SI,20260702,大气治理,2695.13,2616.81,2806.15,2681.97,-13.83,-0.51,6225.0,69579.0,137.9,3.09,678627.0,1585119.0
859712.SI,20260702,水务及水治理,1348.47,1325.67,1388.66,1343.3,-5.64,-0.42,60852.0,526646.0,21.25,1.09,12124355.0,27481756.0
859713.SI,20260702,固废治理,2309.85,2273.03,2396.48,2307.54,-23.57,-1.01,59030.0,660153.0,20.45,1.72,14089191.0,31860563.0
859714.SI,20260702,综合环境治理,1628.04,1591.81,1668.53,1624.14,15.85,0.99,24995.0,172806.0,70.37,2.29,3920669.0,6966634.0
859721.SI,20260702,环保设备Ⅲ,2394.37,2349.54,2499.57,2395.35,-44.01,-1.8,43108.0,735833.0,44.4,2.61,9141986.0,17837790.0
859811.SI,20260702,生活用纸,1118.67,1111.02,1153.99,1133.31,12.51,1.12,4806.0,69001.0,25.65,1.8,1856725.0,4967816.0
859821.SI,20260702,化妆品制造及其他,2364.31,2338.33,2427.7,2368.64,4.27,0.18,4481.0,40096.0,51.23,2.51,992129.0,1864720.0
859822.SI,20260702,品牌化妆品,6839.14,6709.26,7099.89,6925.15,82.32,1.2,9115.0,199110.0,24.97,2.47,3172391.0,9136883.0
859852.SI,20260702,培训教育,516.39,505.29,534.31,514.57,-7.11,-1.36,49675.0,215989.0,68.85,6.85,3677577.0,5874273.0
859951.SI,20260702,电视广播Ⅲ,951.5,935.25,971.14,939.98,-8.66,-0.91,39399.0,208047.0,59.93,1.03,6025746.0,12975353.0
801001.SI,20260703,申万50,4089.5,4075.99,4209.52,4129.91,25.65,0.62,969331.0,57217062.0,27.13,3.77,1234233991.0,2455785849.0
801002.SI,20260703,申万中小,8679.85,8665.49,8872.43,8796.47,110.17,1.27,3026671.0,57925433.0,34.57,2.94,875357008.0,1600890900.0
801003.SI,20260703,申万Ａ指,5011.64,4996.18,5089.41,5034.54,23.6,0.47,13827930.0,317105710.0,24.82,2.28,5060661048.0,11586347972.0
801005.SI,20260703,申万创业,4512.96,4494.13,4600.46,4522.69,9.45,0.21,2375981.0,80757194.0,48.77,5.2,977874290.0,2124319309.0
801010.SI,20260703,农林牧渔,2350.97,2316.42,2377.75,2340.46,-9.34,-0.4,232628.0,1930218.0,38.25,2.11,53252315.0,113181985.0
801012.SI,20260703,农产品加工,2012.22,1985.59,2064.78,2019.06,15.06,0.75,25302.0,250743.0,37.16,1.84,7014954.0,25641904.0
801014.SI,20260703,饲料,3516.67,3433.35,3575.42,3482.0,-37.4,-1.06,43280.0,301908.0,45.96,1.97,9640265.0,19972879.0
801015.SI,20260703,渔业,623.66,614.74,631.88,626.16,6.26,1.01,8467.0,29374.0,131.0,2.14,908446.0,1506504.0
801016.SI,20260703,种植业,2132.34,2106.99,2180.9,2148.76,15.75,0.74,44276.0,278053.0,34.65,2.03,6709360.0,13283580.0
801017.SI,20260703,养殖业,2544.45,2481.05,2586.5,2519.48,-22.94,-0.9,74200.0,774609.0,34.01,2.26,23934343.0,44498477.0
801018.SI,20260703,动物保健Ⅱ,4207.32,4180.59,4373.14,4342.59,154.24,3.68,7693.0,90782.0,42.56,1.95,3177885.0,5396795.0
801030.SI,20260703,基础化工,4859.04,4749.87,4870.26,4755.7,-90.64,-1.87,961984.0,19143818.0,31.93,2.42,241167707.0,497250951.0
801032.SI,20260703,化学纤维,4973.8,4738.94,5087.92,4827.88,-81.11,-1.65,86127.0,781164.0,42.26,1.84,10590304.0,28240298.0
801033.SI,20260703,化学原料,3477.65,3357.71,3526.65,3389.62,-79.56,-2.29,181078.0,2300798.0,31.21,1.78,35702550.0,78176925.0
801034.SI,20260703,化学制品,7542.8,7197.04,7695.02,7299.73,-254.4,-3.37,338565.0,8611101.0,31.09,2.5,93158003.0,189303621.0
801036.SI,20260703,塑料,5873.32,5704.77,6139.99,5885.37,29.98,0.51,152221.0,3646134.0,76.22,4.05,40616165.0,82226537.0
801037.SI,20260703,橡胶,5885.13,5635.59,6051.87,5734.71,-190.8,-3.22,30513.0,713068.0,71.19,3.19,6477363.0,13863369.0
801038.SI,20260703,农化制品,5182.21,5029.96,5285.62,5106.9,-21.58,-0.42,162657.0,2382893.0,20.11,2.15,47695311.0,90269888.0
801039.SI,20260703,非金属材料Ⅱ,8363.23,8083.93,8647.17,8266.58,-147.64,-1.75,10822.0,708660.0,75.32,4.59,6928011.0,15170313.0
801040.SI,20260703,钢铁,2214.76,2185.59,2220.31,2197.78,-3.15,-0.14,220149.0,913573.0,29.04,0.98,28256369.0,82317702.0
801043.SI,20260703,冶钢原料,3432.55,3290.81,3479.6,3315.92,-71.14,-2.1,53780.0,377383.0,45.19,1.86,6149807.0,17218657.0
801044.SI,20260703,普钢,2012.25,1986.86,2039.42,2011.14,6.35,0.32,144455.0,379840.0,35.5,0.75,14856626.0,45630152.0
801045.SI,20260703,特钢Ⅱ,3897.11,3844.93,3958.73,3900.42,23.94,0.62,21915.0,156350.0,17.33,1.25,7249936.0,19468892.0
801050.SI,20260703,有色金属,8593.07,8498.25,8683.88,8515.8,82.02,0.97,872167.0,20532532.0,21.86,3.27,270718846.0,512843779.0
801051.SI,20260703,金属新材料,11853.39,11485.26,12280.36,11822.53,-22.09,-0.19,89331.0,2402442.0,84.69,5.12,22403821.0,44744238.0
801053.SI,20260703,贵金属,21672.27,21425.01,22492.44,22197.1,1572.06,7.62,91099.0,1943726.0,20.32,3.52,24572383.0,45137269.0
801054.SI,20260703,小金属,46452.19,44161.07,47357.48,44986.65,-1507.12,-3.24,140499.0,6635082.0,62.78,6.29,60946186.0,142748433.0
801055.SI,20260703,工业金属,3098.65,3053.9,3187.14,3096.08,84.71,2.81,514928.0,7526434.0,14.75,2.62,129937974.0,231197308.0
801056.SI,20260703,能源金属,21368.97,20602.78,21695.98,20808.23,-382.7,-1.81,36310.0,2024848.0,31.19,2.76,32858481.0,49016532.0
801072.SI,20260703,通用设备,9477.81,9239.19,9981.99,9644.08,166.94,1.76,430217.0,12169807.0,80.02,4.7,117332103.0,257454374.0
801074.SI,20260703,专用设备,13256.36,13007.52,13976.23,13597.65,323.74,2.44,294330.0,6152635.0,49.55,3.65,89802643.0,184024179.0
801076.SI,20260703,轨交设备Ⅱ,5578.15,5500.32,5703.12,5582.58,8.79,0.16,55340.0,551190.0,18.08,1.19,13576667.0,36252592.0
801077.SI,20260703,工程机械,21829.97,21716.74,22854.57,22624.55,872.37,4.01,89273.0,1444848.0,19.81,1.99,37694962.0,74422610.0
801078.SI,20260703,自动化设备,24699.79,24263.16,26338.31,25455.37,680.19,2.75,170886.0,8655155.0,97.36,7.2,93151196.0,155440546.0
801080.SI,20260703,电子,11002.67,10798.56,11387.51,11024.08,-87.07,-0.78,2277180.0,102507964.0,96.87,8.14,1159495240.0,2355119139.0
801081.SI,20260703,半导体,12766.01,12311.98,13378.5,12745.45,-176.25,-1.36,506703.0,52434859.0,145.17,11.4,629700365.0,1260961232.0
801082.SI,20260703,其他电子Ⅱ,21368.43,20851.35,22310.58,21460.8,18.03,0.08,69073.0,2818618.0,76.22,7.28,29240009.0,54864109.0
801083.SI,20260703,元件,26088.03,25222.44,28110.14,26935.47,504.75,1.91,255616.0,16901770.0,95.44,11.84,190255300.0,363671013.0
801084.SI,20260703,光学光电子,2442.72,2327.33,2510.61,2369.79,-103.18,-4.17,1005672.0,11877760.0,78.21,3.19,102822251.0,198207600.0
801085.SI,20260703,消费电子,11535.43,11391.75,12131.43,11807.53,311.72,2.71,282583.0,10643274.0,42.13,5.22,150975446.0,381132640.0
801086.SI,20260703,电子化学品Ⅱ,16753.64,15679.77,17314.33,15970.27,-1003.0,-5.91,157534.0,7831683.0,134.3,8.77,56501869.0,96282544.0
801092.SI,20260703,汽车服务,440.83,431.1,450.46,438.53,-1.6,-0.36,13910.0,97598.0,40.14,1.69,2295353.0,5158971.0
801093.SI,20260703,汽车零部件,7638.25,7566.76,8126.69,7978.35,366.9,4.82,457844.0,9171868.0,27.45,2.53,127795676.0,260381567.0
801095.SI,20260703,乘用车,13683.22,13646.98,14331.62,14234.15,575.15,4.21,59780.0,1268464.0,24.88,1.63,35552926.0,93649205.0
801096.SI,20260703,商用车,6674.28,6648.99,6996.84,6908.37,250.5,3.76,51316.0,566058.0,22.72,2.5,13161606.0,26437644.0
801101.SI,20260703,计算机设备,2951.91,2917.93,3054.81,2973.07,22.42,0.76,116442.0,3626079.0,39.96,3.67,66539964.0,126922483.0
801102.SI,20260703,通信设备,11569.56,11400.39,12184.2,11593.4,-45.26,-0.39,214436.0,18827710.0,84.57,11.79,299178071.0,469047835.0
801103.SI,20260703,IT服务Ⅱ,4862.22,4790.07,4998.68,4863.64,26.61,0.55,259589.0,4581756.0,113.64,3.36,79131743.0,132728731.0
801104.SI,20260703,软件开发,5699.39,5589.57,5823.56,5682.99,-17.84,-0.31,162861.0,4441753.0,84.0,4.16,88211074.0,160178932.0
801110.SI,20260703,家用电器,8470.47,8470.47,8643.43,8621.96,171.55,2.03,181088.0,4102378.0,14.76,2.21,101979399.0,182011549.0
801111.SI,20260703,白色家电,18028.26,17950.32,18494.27,18127.42,193.22,1.08,31752.0,882419.0,10.89,1.97,61994683.0,95422126.0
801112.SI,20260703,黑色家电,2091.67,2035.02,2132.94,2070.18,-23.14,-1.11,29434.0,333515.0,31.54,2.23,8402507.0,15483931.0
801113.SI,20260703,小家电,3847.2,3803.2,4000.61,3953.0,140.01,3.67,13415.0,290237.0,22.87,2.39,6613635.0,19117985.0
801114.SI,20260703,厨卫电器,7585.0,7469.45,7823.97,7660.23,83.73,1.11,9157.0,88958.0,20.47,1.46,1975869.0,4765954.0
801115.SI,20260703,照明设备Ⅱ,4785.31,4717.54,4985.84,4880.26,94.82,1.98,18366.0,176796.0,57.08,2.09,2917342.0,9082442.0
801116.SI,20260703,家电零部件Ⅱ,7390.9,7336.92,8030.44,7908.32,461.2,6.19,76603.0,2314842.0,46.46,4.22,19469463.0,37162965.0
801120.SI,20260703,食品饮料,13240.05,13132.17,13349.69,13207.68,-1.47,-0.01,141973.0,2597202.0,18.87,2.99,148275987.0,350428285.0
801124.SI,20260703,食品加工,12336.45,12163.64,12597.18,12376.09,83.47,0.68,35706.0,275000.0,24.56,1.96,9385021.0,21733297.0
801125.SI,20260703,白酒Ⅱ,34183.25,33679.22,34480.53,33973.58,-141.15,-0.41,19188.0,1124629.0,18.23,3.38,90888510.0,226931417.0
801126.SI,20260703,非白酒,3229.16,3197.72,3287.71,3240.23,21.29,0.66,13869.0,167587.0,22.13,2.33,6527380.0,16685328.0
801127.SI,20260703,饮料乳品,6594.58,6535.71,6729.12,6633.6,47.24,0.72,30053.0,449564.0,16.59,2.73,24130546.0,40793310.0
801128.SI,20260703,休闲食品,1599.94,1585.66,1636.74,1611.31,13.38,0.84,12288.0,144520.0,17.76,1.9,4932448.0,11879970.0
801129.SI,20260703,调味发酵品Ⅱ,6670.51,6601.41,6779.35,6653.64,22.62,0.34,30870.0,435902.0,26.7,3.29,12412082.0,32404963.0
801130.SI,20260703,纺织服饰,1563.56,1563.56,1591.78,1583.74,26.35,1.69,161307.0,1559278.0,25.1,1.76,25318424.0,61764528.0
801131.SI,20260703,纺织制造,1699.04,1652.47,1765.12,1713.88,12.77,0.75,54338.0,572271.0,22.49,1.6,7405106.0,18839410.0
801132.SI,20260703,服装家纺,1558.83,1539.95,1608.66,1580.37,29.4,1.9,77196.0,738955.0,29.22,1.84,13688909.0,32578935.0
801133.SI,20260703,饰品,1332.88,1319.88,1382.06,1355.97,35.79,2.71,29773.0,248052.0,19.97,1.81,4224409.0,10346183.0
801140.SI,20260703,轻工制造,2134.61,2129.5,2154.25,2140.75,13.41,0.63,200776.0,1972672.0,32.08,1.8,38431173.0,96470686.0
801141.SI,20260703,包装印刷,2947.63,2892.52,3012.24,2935.32,-7.38,-0.25,66606.0,694841.0,39.9,2.41,12567107.0,25638691.0
801142.SI,20260703,家居用品,1642.98,1610.13,1688.73,1651.84,12.65,0.77,66582.0,787231.0,28.66,1.83,14463129.0,46664882.0
801143.SI,20260703,造纸,2023.02,1998.36,2097.69,2042.48,32.38,1.61,55358.0,339001.0,26.79,1.13,7569980.0,14960519.0
801145.SI,20260703,文娱用品,1618.73,1594.61,1655.8,1624.35,17.65,1.1,12230.0,151598.0,39.13,2.79,3830956.0,9206594.0
801150.SI,20260703,医药生物,7587.12,7478.18,7694.54,7675.19,148.41,1.97,765075.0,14723406.0,32.7,2.53,299376600.0,595447116.0
801151.SI,20260703,化学制药,12014.29,11673.14,12397.58,12188.06,269.39,2.26,357962.0,6630475.0,41.51,3.18,103417182.0,208376972.0
801152.SI,20260703,生物制品,5390.78,5292.54,5564.08,5481.93,130.86,2.45,65779.0,1531963.0,43.19,2.17,32250847.0,69130947.0
801153.SI,20260703,医疗器械,5662.32,5570.76,5825.01,5714.34,88.61,1.58,84445.0,2328586.0,36.55,2.37,59198055.0,125491172.0
801154.SI,20260703,医药商业,4261.78,4224.98,4371.03,4332.49,85.36,2.01,42263.0,361951.0,17.11,1.14,10960485.0,28279757.0
801155.SI,20260703,中药Ⅱ,5382.06,5319.95,5489.25,5426.72,65.08,1.21,111853.0,1072951.0,22.5,1.87,37226793.0,73928671.0
801156.SI,20260703,医疗服务,7008.02,6795.31,7144.7,7058.21,144.47,2.09,102773.0,2797481.0,28.16,3.42,56323239.0,90239597.0
801160.SI,20260703,公用事业,2479.0,2472.0,2496.73,2482.44,2.02,0.08,612553.0,4569882.0,20.72,1.57,115082304.0,385978274.0
801161.SI,20260703,电力,3266.59,3228.3,3313.97,3269.61,-1.16,-0.04,572771.0,4083186.0,20.53,1.55,105492217.0,360526194.0
801163.SI,20260703,燃气Ⅱ,3040.1,2993.79,3131.31,3061.54,41.82,1.38,39782.0,486696.0,23.18,1.82,9590087.0,25452081.0
801170.SI,20260703,交通运输,2004.56,2000.09,2026.77,2010.11,17.92,0.9,349130.0,2455313.0,16.32,1.16,87230374.0,280783256.0
801178.SI,20260703,物流,4080.52,4025.63,4167.23,4085.06,16.83,0.41,71988.0,732339.0,16.38,1.08,24096931.0,60152894.0
801179.SI,20260703,铁路公路,1426.6,1420.92,1455.62,1444.36,18.68,1.31,64654.0,331001.0,16.32,0.84,19673653.0,70905690.0
801180.SI,20260703,房地产,1862.44,1854.38,1880.09,1856.63,3.24,0.18,343792.0,1643682.0,19.5,0.77,39813798.0,90769638.0
801181.SI,20260703,房地产开发,2158.44,2121.9,2202.91,2149.62,2.21,0.1,315418.0,1548814.0,18.84,0.75,37545362.0,85804755.0
801183.SI,20260703,房地产服务,717.49,708.27,739.29,726.89,9.95,1.39,28374.0,94867.0,46.72,1.38,2268436.0,4964884.0
801191.SI,20260703,多元金融,1113.67,1105.85,1139.44,1125.63,17.49,1.58,61504.0,430184.0,20.19,1.19,14677814.0,45064881.0
801193.SI,20260703,证券Ⅱ,6558.41,6451.81,6636.57,6560.6,43.77,0.67,410154.0,5192643.0,16.24,1.25,164751068.0,336266500.0
801194.SI,20260703,保险Ⅱ,1120.46,1094.81,1130.54,1112.0,3.32,0.3,28929.0,961384.0,6.46,0.95,66603280.0,192112159.0
801200.SI,20260703,商贸零售,1755.62,1742.51,1773.18,1757.94,4.35,0.25,212504.0,1577422.0,33.72,1.6,38460878.0,85494295.0
801202.SI,20260703,贸易Ⅱ,4199.86,4133.75,4292.07,4212.72,-0.83,-0.02,23483.0,169474.0,22.7,1.32,4068148.0,13010344.0
801203.SI,20260703,一般零售,2612.86,2571.92,2677.4,2623.29,15.98,0.61,146612.0,816054.0,37.19,1.41,20590909.0,45470252.0
801204.SI,20260703,专业连锁Ⅱ,3406.19,3361.67,3473.07,3403.95,26.66,0.79,8705.0,77123.0,55.91,2.56,2465403.0,4311943.0
801206.SI,20260703,互联网电商,10126.19,9896.37,10392.25,10145.11,6.82,0.07,28592.0,341325.0,34.29,2.48,6143681.0,11468826.0
801210.SI,20260703,社会服务,7418.76,7357.22,7454.52,7405.05,17.5,0.24,109016.0,988163.0,39.86,2.55,24122709.0,47789540.0
801218.SI,20260703,专业服务,6468.5,6285.02,6571.41,6377.22,-63.22,-0.98,25955.0,488456.0,31.35,2.65,10075541.0,21664459.0
801219.SI,20260703,酒店餐饮,1394.9,1377.93,1419.05,1401.82,11.02,0.79,7081.0,68559.0,25.34,1.48,2400506.0,5115543.0
801223.SI,20260703,通信服务,2166.62,2138.97,2215.91,2160.45,-8.71,-0.4,94409.0,1601392.0,26.15,1.73,37351956.0,100730349.0
801230.SI,20260703,综合,4560.05,4462.02,4618.28,4518.38,-42.73,-0.94,46050.0,585581.0,98.62,2.93,10444766.0,20792792.0
801231.SI,20260703,综合Ⅱ,4556.39,4412.72,4644.48,4514.76,-42.69,-0.94,46050.0,585581.0,98.62,2.93,10444766.0,20792792.0
801250.SI,20260703,申万制造,8709.14,8642.38,8980.29,8785.05,37.98,0.43,5495617.0,198072838.0,53.98,6.66,2639636692.0,5113616827.0
801260.SI,20260703,申万消费,5666.95,5650.24,5742.71,5725.92,81.17,1.44,1579047.0,25623799.0,19.96,3.05,660005020.0,1428935472.0
801270.SI,20260703,申万投资,4390.06,4347.52,4408.64,4352.21,2.0,0.05,2902668.0,49801294.0,21.66,2.56,722266086.0,1778922940.0
801280.SI,20260703,申万服务,2526.59,2513.74,2543.52,2527.78,7.42,0.29,3804549.0,43022199.0,11.22,1.44,1197237044.0,3244116225.0
801300.SI,20260703,申万300指数,3768.49,3754.22,3855.64,3792.48,18.59,0.49,3140014.0,136007760.0,23.33,2.61,2556076791.0,5663991779.0
801710.SI,20260703,建筑材料,7519.87,7438.11,7895.76,7683.18,167.54,2.23,220298.0,5119067.0,45.17,1.89,54930418.0,142187120.0
801711.SI,20260703,水泥,3851.14,3821.43,3975.47,3929.36,89.35,2.33,37548.0,296560.0,20.7,0.65,9868886.0,21782211.0
801712.SI,20260703,玻璃玻纤,30310.59,29460.07,32938.72,31260.66,888.02,2.92,130099.0,4286175.0,89.71,5.49,32168963.0,94970217.0
801713.SI,20260703,装修建材,4732.66,4646.73,4844.7,4730.26,21.86,0.46,52651.0,536333.0,36.98,1.84,12892569.0,25434692.0
801720.SI,20260703,建筑装饰,2033.44,2033.44,2068.41,2054.45,17.44,0.86,363646.0,3712005.0,13.95,0.73,65736446.0,168936948.0
801721.SI,20260703,房屋建设Ⅱ,2740.7,2731.14,2795.05,2767.99,33.46,1.22,36249.0,181216.0,7.42,0.44,7282784.0,25435406.0
801722.SI,20260703,装修装饰Ⅱ,4350.75,4257.27,4459.61,4350.56,28.58,0.66,43783.0,281356.0,76.17,2.64,5453616.0,11790381.0
801723.SI,20260703,基础建设,2052.49,2038.75,2088.77,2065.68,13.56,0.66,130319.0,536922.0,9.35,0.49,24297892.0,66607173.0
801724.SI,20260703,专业工程,1961.12,1927.97,2032.22,1981.32,8.82,0.45,88566.0,1173292.0,23.06,1.19,17968144.0,42613409.0
801726.SI,20260703,工程咨询服务Ⅱ,2383.66,2323.49,2511.99,2443.42,44.34,1.85,64730.0,1539219.0,53.74,2.22,10734010.0,22490579.0
801730.SI,20260703,电力设备,10427.83,10398.64,10571.0,10454.19,48.88,0.47,928112.0,23812442.0,35.83,3.28,467251425.0,853727252.0
801731.SI,20260703,电机Ⅱ,13828.92,13686.63,14704.88,14503.31,858.39,6.29,57009.0,1442047.0,55.33,3.64,13944121.0,33425426.0
801733.SI,20260703,其他电源设备Ⅱ,43907.01,43347.37,45693.21,44215.41,418.72,0.96,64703.0,2054911.0,69.94,3.79,33826273.0,69936949.0
801735.SI,20260703,光伏设备,6380.35,6177.56,6522.98,6281.99,-90.36,-1.42,230740.0,4853357.0,51.78,3.09,86483971.0,161378385.0
801736.SI,20260703,风电设备,2461.26,2440.0,2591.59,2546.86,93.02,3.79,82788.0,1539359.0,37.93,1.86,22188607.0,40763607.0
801737.SI,20260703,电池,25634.06,25221.96,26231.44,25528.84,-55.6,-0.22,236841.0,9273519.0,29.72,3.72,218985348.0,375198629.0
801738.SI,20260703,电网设备,5768.62,5712.12,6007.18,5884.29,124.95,2.17,256032.0,4649249.0,33.49,2.99,91823105.0,173024256.0
801740.SI,20260703,国防军工,1828.08,1828.06,1903.63,1885.81,64.29,3.53,319617.0,10068212.0,68.4,3.67,153941984.0,332254999.0
801741.SI,20260703,航天装备Ⅱ,31779.17,31745.97,34508.56,33907.59,2022.07,6.34,39377.0,1596707.0,494.75,6.2,14897429.0,49462331.0
801742.SI,20260703,航空装备Ⅱ,8829.38,8775.74,9286.49,9125.89,314.55,3.57,84213.0,2474287.0,71.19,3.4,48240312.0,97854417.0
801743.SI,20260703,地面兵装Ⅱ,16263.86,15925.08,16678.25,16352.81,82.8,0.51,27667.0,490414.0,121.58,3.18,6971370.0,14215134.0
801744.SI,20260703,航海装备Ⅱ,3138.23,3128.24,3366.79,3311.15,209.74,6.76,41317.0,1128683.0,28.14,2.25,26454406.0,50534180.0
801745.SI,20260703,军工电子Ⅱ,7073.5,6927.7,7414.68,7172.32,123.29,1.75,127043.0,4378122.0,110.82,5.17,57378467.0,120188939.0
801750.SI,20260703,计算机,4506.6,4499.85,4561.02,4511.27,12.68,0.28,538892.0,12649587.0,67.98,3.73,233882781.0,419830146.0
801760.SI,20260703,传媒,676.38,661.93,682.22,668.26,-12.23,-1.8,460192.0,5148710.0,34.85,2.51,79939210.0,140817484.0
801764.SI,20260703,游戏Ⅱ,2839.15,2763.33,2894.68,2802.0,-51.47,-1.8,105246.0,1753563.0,23.99,3.17,32327290.0,47511006.0
801765.SI,20260703,广告营销,2526.93,2432.84,2560.85,2459.48,-111.4,-4.33,192434.0,1907439.0,56.82,4.0,19185569.0,26492717.0
801766.SI,20260703,影视院线,1052.47,1022.57,1071.83,1049.76,7.41,0.71,68453.0,503654.0,244.8,2.62,8929497.0,17844025.0
801767.SI,20260703,数字媒体,1568.53,1536.81,1607.85,1572.69,-12.67,-0.8,29088.0,476474.0,63.51,2.55,5477690.0,11958938.0
801769.SI,20260703,出版,1365.77,1341.23,1390.12,1360.31,-8.84,-0.65,33268.0,338685.0,21.77,1.45,7960494.0,23924938.0
801770.SI,20260703,通信,8487.27,8467.48,8826.9,8500.12,-33.3,-0.39,308846.0,20429102.0,67.94,7.2,336530027.0,569778184.0
801780.SI,20260703,银行,3730.64,3694.0,3766.14,3730.16,-2.73,-0.07,336364.0,2441912.0,5.7,0.48,232400835.0,987090456.0
801782.SI,20260703,国有大型银行Ⅱ,1791.53,1772.15,1805.42,1786.11,-10.38,-0.58,127978.0,811875.0,6.79,0.56,68059177.0,615170034.0
801783.SI,20260703,股份制银行Ⅱ,3910.06,3870.53,3960.76,3916.92,9.85,0.25,108248.0,891463.0,5.21,0.41,92409676.0,232312288.0
801784.SI,20260703,城商行Ⅱ,992.17,981.11,1005.54,992.01,-1.03,-0.1,72112.0,603749.0,5.58,0.5,58417899.0,117118422.0
801785.SI,20260703,农商行Ⅱ,718.48,711.01,729.38,719.77,2.84,0.4,28026.0,134824.0,5.37,0.5,13514085.0,22489713.0
801790.SI,20260703,非银金融,1796.36,1775.58,1805.27,1794.21,11.13,0.62,500586.0,6584211.0,11.61,1.15,246032161.0,573443540.0
801811.SI,20260703,大盘指数,4156.35,4153.39,4247.72,4193.72,31.78,0.76,2354701.0,90304996.0,18.92,2.06,2143934069.0,5190337374.0
801812.SI,20260703,中盘指数,5622.48,5570.17,5711.51,5624.0,7.32,0.13,2376034.0,75448057.0,34.81,2.66,1071196799.0,2271067703.0
801813.SI,20260703,小盘指数,6295.27,6243.42,6368.54,6298.36,4.09,0.06,3003456.0,69223885.0,38.86,2.52,873031183.0,1771610809.0
801821.SI,20260703,高市盈率指数,1754.86,1743.97,1826.06,1778.54,15.48,0.88,731492.0,44492069.0,206.52,12.4,489598745.0,1026754018.0
801822.SI,20260703,中市盈率指数,5125.77,5097.3,5225.32,5151.03,32.69,0.64,752475.0,22165779.0,41.81,3.4,276143749.0,538338184.0
801823.SI,20260703,低市盈率指数,7166.66,7123.36,7232.27,7185.73,38.99,0.55,1197851.0,12692217.0,7.88,0.74,674702179.0,2192507955.0
801831.SI,20260703,高市净率指数,2913.41,2872.48,3048.43,2945.61,2.72,0.09,706457.0,86304994.0,130.15,21.27,1084494946.0,2199862112.0
801832.SI,20260703,中市净率指数,4562.09,4562.09,4613.62,4583.33,54.09,1.19,690050.0,9755428.0,26.57,2.57,205323459.0,395957797.0
801833.SI,20260703,低市净率指数,6643.31,6606.06,6707.56,6663.91,26.89,0.41,1133296.0,6390843.0,7.77,0.52,414482107.0,1487099160.0
801841.SI,20260703,高价股指数,5390.9,5334.59,5598.48,5440.06,9.73,0.18,404758.0,89653150.0,61.37,10.82,1422072853.0,2749992874.0
801842.SI,20260703,中价股指数,4298.41,4287.57,4336.3,4307.22,23.74,0.55,675119.0,10762637.0,28.96,2.26,161901559.0,356591663.0
801843.SI,20260703,低价股指数,14209.86,14138.27,14327.49,14262.46,99.85,0.71,1684877.0,4080516.0,24.53,0.96,128859619.0,267982113.0
801851.SI,20260703,亏损股指数,4110.82,4070.3,4135.93,4092.05,-15.31,-0.37,3580270.0,45522616.0,,2.95,605375629.0,1226892267.0
801852.SI,20260703,微利股指数,2806.47,2773.3,2821.16,2791.85,-15.45,-0.55,233641.0,3787189.0,65.7,2.31,63168856.0,118147545.0
801853.SI,20260703,绩优股指数,6487.75,6487.75,6665.67,6528.33,47.13,0.73,282029.0,27491652.0,26.8,7.07,702935303.0,1461631276.0
801863.SI,20260703,新股指数,2680.54,2609.2,2715.6,2659.48,-35.55,-1.32,52482.0,4335966.0,150.8,8.32,38263054.0,387507168.0
801880.SI,20260703,汽车,6671.09,6671.09,6977.53,6944.37,294.85,4.43,594567.0,11339972.0,26.47,2.27,186822752.0,403957518.0
801881.SI,20260703,摩托车及其他,3150.44,3096.15,3229.35,3187.91,59.58,1.9,11717.0,235984.0,24.45,3.0,8017191.0,18330131.0
801890.SI,20260703,机械设备,2555.72,2552.62,2657.26,2617.75,60.56,2.37,1040045.0,28973635.0,50.25,3.75,351557570.0,707594301.0
801950.SI,20260703,煤炭,2920.36,2910.84,2960.77,2928.38,21.86,0.75,102846.0,995484.0,18.94,1.35,40288657.0,167193510.0
801951.SI,20260703,煤炭开采,3341.89,3309.87,3419.67,3354.15,27.93,0.84,82470.0,933482.0,17.88,1.37,37958515.0,162722681.0
801952.SI,20260703,焦炭Ⅱ,1081.3,1058.43,1092.67,1068.27,-7.0,-0.65,20376.0,62002.0,534.84,1.15,2330142.0,4470829.0
801960.SI,20260703,石油石化,2391.14,2385.98,2424.5,2416.17,40.35,1.7,211244.0,1591191.0,18.16,1.25,49358727.0,280120655.0
801962.SI,20260703,油服工程,2115.88,2096.89,2161.89,2135.68,27.64,1.31,36458.0,207089.0,23.05,1.43,5798108.0,17441601.0
801963.SI,20260703,炼化及贸易,2769.06,2721.87,2845.29,2789.07,39.0,1.42,132231.0,1120442.0,18.94,1.19,34629743.0,249991252.0
801970.SI,20260703,环保,2004.79,1998.48,2047.56,2035.81,36.48,1.82,197747.0,2272025.0,27.08,1.65,40683801.0,87035782.0
801971.SI,20260703,环境治理,1898.86,1865.66,1969.37,1931.19,39.5,2.09,155767.0,1565743.0,24.02,1.47,31456312.0,69030945.0
801972.SI,20260703,环保设备Ⅱ,2393.31,2346.67,2488.69,2417.76,22.4,0.94,41980.0,706282.0,44.79,2.63,9227489.0,18004837.0
801980.SI,20260703,美容护理,3395.26,3393.82,3445.06,3436.91,46.8,1.38,20217.0,376105.0,30.02,2.41,8800587.0,23077396.0
801981.SI,20260703,个护用品,1198.18,1187.4,1224.08,1209.11,11.74,0.98,5654.0,78167.0,27.42,1.88,2425157.0,6784418.0
801982.SI,20260703,化妆品,5840.03,5781.12,6002.48,5902.11,71.62,1.23,13195.0,245310.0,29.05,2.51,4215673.0,11122106.0
801991.SI,20260703,航空机场,2387.31,2356.73,2416.22,2374.15,-10.82,-0.45,75321.0,361546.0,24.93,2.18,16791229.0,47558520.0
801992.SI,20260703,航运港口,3146.34,3105.74,3231.91,3154.04,59.17,1.91,137167.0,1030427.0,13.37,1.21,26668561.0,102166153.0
801993.SI,20260703,旅游及景区,1832.34,1820.33,1866.72,1849.35,19.42,1.06,23165.0,177423.0,43.17,2.35,6213382.0,12425293.0
801994.SI,20260703,教育,1611.9,1582.37,1662.25,1630.94,24.04,1.5,45158.0,198362.0,85.47,4.01,4827481.0,7724376.0
801995.SI,20260703,电视广播Ⅱ,941.3,930.16,956.68,945.11,5.14,0.55,31704.0,168895.0,60.23,1.04,6058671.0,13085861.0
850111.SI,20260703,种子,2406.61,2374.38,2435.89,2401.98,-4.11,-0.17,14238.0,76018.0,111.19,2.25,2611316.0,4325387.0
850113.SI,20260703,其他种植业,1458.24,1437.26,1488.03,1461.86,8.27,0.57,18771.0,83078.0,39.96,2.01,2251240.0,4493991.0
850122.SI,20260703,水产养殖,394.82,388.06,399.3,395.14,2.79,0.71,7444.0,21465.0,287.18,2.41,681705.0,1033569.0
850135.SI,20260703,食品及饲料添加剂,2476.87,2412.99,2503.26,2451.86,-3.8,-0.15,20623.0,273113.0,17.05,1.77,11114621.0,24048977.0
850136.SI,20260703,有机硅,5459.56,5078.8,5519.34,5107.57,-425.4,-7.69,26936.0,594763.0,66.87,2.61,4559723.0,12874919.0
850142.SI,20260703,畜禽饲料,1096.99,1071.29,1116.07,1086.79,-10.37,-0.95,32975.0,161778.0,1173.03,1.54,4655920.0,8255051.0
850151.SI,20260703,果蔬加工,1804.92,1750.0,1833.74,1781.8,-14.05,-0.78,6360.0,94061.0,47.79,4.11,1415165.0,3737330.0
850152.SI,20260703,粮油加工,1268.34,1263.12,1294.56,1282.34,15.32,1.21,3785.0,44806.0,36.88,1.5,2186366.0,15350402.0
850154.SI,20260703,其他农产品加工,2612.77,2581.98,2701.27,2626.82,28.76,1.11,15158.0,111877.0,34.18,1.69,3413423.0,6554172.0
850172.SI,20260703,生猪养殖,4787.36,4668.57,4863.71,4740.09,-46.92,-0.98,48399.0,541711.0,35.18,2.33,20629219.0,37163039.0
850173.SI,20260703,肉鸡养殖,742.01,721.97,755.58,732.62,-5.17,-0.7,21557.0,217644.0,25.02,1.79,2907806.0,6508160.0
850181.SI,20260703,动物保健Ⅲ,4207.65,4180.92,4373.49,4342.93,154.25,3.68,7693.0,90782.0,42.56,1.95,3177885.0,5396795.0
850232.SI,20260703,汽车经销商,386.11,383.72,396.46,392.78,8.57,2.23,3945.0,14912.0,56.13,1.41,661425.0,1645766.0
850233.SI,20260703,汽车综合服务,1729.22,1680.31,1763.63,1704.93,-23.78,-1.38,9965.0,82685.0,35.58,1.85,1633927.0,3513204.0
850322.SI,20260703,氯碱,1404.94,1339.37,1419.58,1350.43,-46.82,-3.35,77127.0,617362.0,44.7,1.34,7535404.0,14930638.0
850323.SI,20260703,无机盐,26941.45,25903.86,27439.65,26115.5,-982.56,-3.63,19185.0,643407.0,75.19,3.44,6571839.0,13214631.0
850324.SI,20260703,其他化学原料,4648.34,4465.94,4720.96,4500.26,-121.64,-2.63,23642.0,526070.0,22.55,2.29,7240539.0,16344031.0
850325.SI,20260703,煤化工,6813.13,6682.04,6927.03,6730.9,-46.37,-0.68,24661.0,283648.0,17.31,1.64,7350054.0,22149678.0
850326.SI,20260703,钛白粉,676.8,658.18,684.25,667.42,-9.54,-1.41,21856.0,144844.0,60.84,1.68,4222128.0,6922708.0
850331.SI,20260703,氮肥,5230.0,5090.68,5307.92,5131.91,-32.78,-0.63,18714.0,199546.0,17.73,1.53,5402351.0,8596120.0
850332.SI,20260703,磷肥及磷化工,2236.57,2158.5,2269.52,2184.54,-50.89,-2.28,51937.0,774251.0,23.82,2.16,12210068.0,21040023.0
850333.SI,20260703,农药,3263.89,3175.14,3329.3,3234.95,-21.23,-0.65,48029.0,521469.0,28.32,1.61,9878761.0,19774277.0
850335.SI,20260703,涂料油墨,8279.35,7980.72,8530.52,8218.68,-115.9,-1.39,17549.0,383388.0,117.55,4.54,3783208.0,9263935.0
850337.SI,20260703,民爆制品,4234.91,4144.44,4338.32,4225.0,37.47,0.89,17719.0,294891.0,26.08,2.27,6851280.0,12363114.0
850338.SI,20260703,纺织化学制品,2395.4,2320.26,2446.82,2346.0,-79.3,-3.27,24705.0,263347.0,24.87,1.34,5697308.0,9361098.0
850339.SI,20260703,其他化学制品,2506.86,2409.7,2558.67,2445.01,-66.42,-2.64,111586.0,2126503.0,50.87,2.49,24441943.0,51957276.0
850341.SI,20260703,涤纶,6421.75,6087.97,6602.64,6183.54,-280.33,-4.34,22467.0,187855.0,29.39,1.46,2686702.0,7624439.0
850343.SI,20260703,粘胶,2862.07,2722.72,2922.14,2781.05,-42.61,-1.51,20566.0,86188.0,76.0,1.94,1468060.0,2212526.0
850351.SI,20260703,其他塑料制品,4032.92,3924.93,4156.14,4028.22,12.62,0.31,28294.0,463610.0,69.55,2.26,5890705.0,11872821.0
850353.SI,20260703,改性塑料,5039.52,4960.69,5313.19,5161.75,185.09,3.72,34288.0,750920.0,50.56,3.21,10067833.0,18057092.0
850354.SI,20260703,合成树脂,5927.26,5771.83,6316.12,5989.05,84.35,1.43,33425.0,1098837.0,66.03,5.67,9424757.0,21253985.0
850355.SI,20260703,膜材料,4211.39,4046.27,4351.36,4144.56,-83.06,-1.96,56214.0,1332767.0,139.38,5.09,15232870.0,31042639.0
850362.SI,20260703,其他橡胶制品,4211.62,4156.88,4394.74,4239.92,31.64,0.75,11929.0,151768.0,106.0,2.79,2753661.0,4909868.0
850363.SI,20260703,炭黑,3526.13,3371.17,3564.57,3456.49,-50.67,-1.44,9027.0,104361.0,43.27,2.04,1358083.0,2862581.0
850372.SI,20260703,聚氨酯,17441.08,17070.68,17808.08,17337.21,88.53,0.51,14152.0,381976.0,18.05,1.97,14151416.0,24760432.0
850381.SI,20260703,复合肥,4438.94,4355.97,4487.47,4408.72,-6.44,-0.15,20970.0,120900.0,13.55,1.48,4121253.0,7470969.0
850382.SI,20260703,氟化工,11939.48,10892.66,12191.39,10980.01,-1094.31,-9.06,97355.0,4121871.0,48.25,5.71,20958755.0,42099192.0
850412.SI,20260703,特钢Ⅲ,2668.67,2632.95,2710.88,2670.94,16.4,0.62,21915.0,156350.0,17.33,1.25,7249936.0,19468892.0
850442.SI,20260703,板材,2051.64,2027.44,2080.49,2052.54,7.87,0.39,131433.0,337674.0,39.53,0.77,12829799.0,41397930.0
850521.SI,20260703,其他金属新材料,9350.73,9111.78,9768.48,9400.74,48.95,0.52,36800.0,1007182.0,102.57,5.37,11161845.0,22151958.0
850522.SI,20260703,磁性材料,12242.34,11796.3,12579.77,12115.33,-107.75,-0.88,52531.0,1395260.0,71.57,4.89,11241976.0,22592280.0
850523.SI,20260703,非金属材料Ⅲ,7455.24,7206.26,7708.35,7369.08,-131.61,-1.75,10822.0,708660.0,75.32,4.59,6928011.0,15170313.0
850531.SI,20260703,黄金,21623.7,21386.39,22465.38,22194.49,1635.31,7.95,72186.0,1782535.0,19.53,3.43,23020200.0,42754582.0
850544.SI,20260703,其他小金属,29561.65,28212.14,30251.16,28860.32,-667.17,-2.26,60763.0,2633076.0,69.09,4.83,22998145.0,42001655.0
850551.SI,20260703,铝,4643.83,4583.32,4766.12,4652.0,92.29,2.02,162651.0,1735685.0,11.65,1.72,33115211.0,58186672.0
850552.SI,20260703,铜,8320.65,8246.47,8586.35,8372.92,333.87,4.15,238982.0,4097523.0,14.98,3.17,79336804.0,143881651.0
850553.SI,20260703,铅锌,5669.87,5437.23,5771.62,5463.22,-82.85,-1.49,113295.0,1693226.0,25.99,3.23,17485958.0,29128984.0
850614.SI,20260703,其他建材,7746.69,7582.74,7909.74,7721.09,12.72,0.16,19646.0,238955.0,26.83,1.82,5782368.0,12043182.0
850615.SI,20260703,耐火材料,6773.86,6602.22,6940.42,6717.36,-31.34,-0.46,15422.0,111367.0,55.84,1.88,1834695.0,3254735.0
850616.SI,20260703,管材,3874.26,3830.18,3966.2,3894.58,16.79,0.43,6570.0,58564.0,31.19,1.84,1564712.0,3428205.0
850623.SI,20260703,房屋建设Ⅲ,2740.85,2731.29,2795.21,2768.14,33.46,1.22,36249.0,181216.0,7.42,0.44,7282784.0,25435406.0
850702.SI,20260703,安防设备,14836.02,14687.58,15245.54,14971.92,213.41,1.45,29982.0,729297.0,22.34,2.93,20684621.0,49770684.0
850703.SI,20260703,其他计算机设备,5197.6,5134.27,5395.75,5230.22,23.59,0.45,86460.0,2896782.0,60.88,4.13,45855343.0,77151799.0
850711.SI,20260703,机床工具,1884.79,1852.41,1982.61,1925.47,41.6,2.21,49438.0,891891.0,93.32,4.55,7407403.0,15319170.0
850713.SI,20260703,磨具磨料,4592.22,4374.64,4718.77,4518.02,-113.87,-2.46,48152.0,1297281.0,147.15,6.3,9005216.0,16903826.0
850715.SI,20260703,制冷空调设备,21335.71,21007.65,22857.38,21987.82,742.36,3.49,23592.0,975789.0,61.67,3.8,10027648.0,20870104.0
850716.SI,20260703,其他通用设备,10052.45,9850.03,10583.79,10237.58,243.58,2.44,105041.0,2393015.0,50.24,4.1,22525013.0,43511186.0
850721.SI,20260703,纺织服装设备,1712.48,1685.82,1797.08,1749.57,35.76,2.09,28864.0,304995.0,48.61,2.95,3876491.0,9012262.0
850725.SI,20260703,能源及重型设备,2437.55,2407.39,2578.23,2533.19,86.83,3.55,103547.0,1601342.0,36.99,2.8,28696763.0,58980574.0
850726.SI,20260703,印刷包装机械,3828.72,3800.46,4021.66,3971.51,136.4,3.56,13901.0,215337.0,49.03,2.92,2866300.0,5354764.0
850727.SI,20260703,其他专用设备,25656.6,25027.0,27013.93,26097.02,430.29,1.68,119388.0,3742710.0,66.95,5.31,49162865.0,98447536.0
850728.SI,20260703,楼宇设备,14058.24,13956.83,14776.56,14441.14,392.13,2.79,16859.0,208171.0,37.45,2.09,3790339.0,8246668.0
850731.SI,20260703,仪器仪表,7557.08,7322.21,7954.07,7693.77,100.09,1.32,44416.0,2457038.0,136.61,7.2,28108262.0,70054997.0
850741.SI,20260703,电机Ⅲ,13840.07,13697.67,14716.74,14515.01,859.08,6.29,57009.0,1442047.0,55.33,3.64,13944121.0,33425426.0
850751.SI,20260703,金属制品,10994.23,10745.68,11605.14,11220.0,239.06,2.18,159578.0,4154793.0,76.16,3.93,40258561.0,90795091.0
850771.SI,20260703,工程机械整机,18410.12,18328.37,19106.38,18887.33,542.05,2.95,78200.0,933594.0,17.07,1.68,29927343.0,51439927.0
850772.SI,20260703,工程机械器件,5962.64,5913.67,6462.73,6432.79,492.41,8.29,11073.0,511255.0,61.45,8.2,7767619.0,22982683.0
850781.SI,20260703,机器人,16735.88,16459.31,18470.32,18045.83,1721.7,10.55,67518.0,3132443.0,226.45,8.74,17381625.0,30074525.0
850782.SI,20260703,工控设备,6379.27,6278.99,6847.27,6624.54,188.27,2.93,60278.0,2269493.0,61.39,5.34,31568079.0,52846044.0
850783.SI,20260703,激光设备,17409.33,17157.95,18389.64,17683.39,41.86,0.24,23312.0,2284616.0,104.17,8.32,29811215.0,41740059.0
850784.SI,20260703,其他自动化设备,7157.76,6945.88,7375.96,7094.84,-67.53,-0.94,19778.0,968603.0,197.15,10.3,14390277.0,30779918.0
850812.SI,20260703,分立器件,5002.6,4808.61,5207.52,4924.97,-102.43,-2.04,59712.0,3688628.0,208.68,7.83,44024056.0,75773909.0
850813.SI,20260703,半导体材料,20114.03,18759.44,20657.08,19148.3,-1236.18,-6.06,109336.0,8381264.0,274.26,10.42,50569849.0,134039371.0
850814.SI,20260703,数字芯片设计,7636.22,7426.44,8089.77,7727.23,9.46,0.12,109144.0,21691251.0,121.87,15.5,272868870.0,558797296.0
850815.SI,20260703,模拟芯片设计,5249.66,5081.49,5486.74,5246.7,-12.32,-0.23,39722.0,2796988.0,204.34,6.78,41122803.0,71979261.0
850817.SI,20260703,集成电路封测,13673.82,12908.59,13872.65,13154.48,-703.31,-5.08,98181.0,4857110.0,104.85,5.97,38262220.0,83404494.0
850818.SI,20260703,半导体设备,87453.0,84446.97,92351.13,88803.96,-1114.96,-1.24,35507.0,7930032.0,149.62,17.59,132338359.0,254235643.0
850822.SI,20260703,印制电路板,20832.34,20265.76,22681.0,21867.16,742.93,3.52,188035.0,13089274.0,98.05,13.03,148779222.0,297680981.0
850823.SI,20260703,被动元件,24660.32,23350.44,25648.94,24048.68,-863.65,-3.47,67581.0,3812496.0,87.06,8.9,41476078.0,65990032.0
850831.SI,20260703,面板,1803.75,1706.46,1851.34,1734.86,-105.64,-5.74,804613.0,7168452.0,56.43,2.49,55765734.0,119790927.0
850832.SI,20260703,LED,2199.24,2112.69,2261.05,2154.08,-52.81,-2.39,142506.0,1944180.0,199.92,2.93,19317694.0,31813028.0
850833.SI,20260703,光学元件,6475.38,6222.75,6672.61,6350.62,-139.09,-2.14,58552.0,2765127.0,121.29,9.26,27738823.0,46603646.0
850841.SI,20260703,其他电子Ⅲ,21419.9,20901.57,22364.32,21512.49,18.07,0.08,69073.0,2818618.0,76.22,7.28,29240009.0,54864109.0
850853.SI,20260703,品牌消费电子,3206.05,3182.69,3417.57,3345.66,151.69,4.75,8514.0,364782.0,29.78,3.39,10325814.0,26425551.0
850854.SI,20260703,消费电子零部件及组装,8561.31,8451.49,8994.84,8750.98,218.86,2.57,274069.0,10278492.0,43.43,5.43,140649632.0,354707089.0
850861.SI,20260703,电子化学品Ⅲ,16753.66,15679.79,17314.35,15970.29,-1003.0,-5.91,157534.0,7831683.0,134.3,8.77,56501869.0,96282544.0
850912.SI,20260703,商用载货车,3564.15,3548.81,3736.36,3679.32,121.39,3.41,41633.0,439297.0,40.96,2.17,8358233.0,18073037.0
850913.SI,20260703,商用载客车,8556.93,8532.25,8970.65,8898.46,373.27,4.38,9683.0,126761.0,13.16,3.31,4803373.0,8364608.0
850922.SI,20260703,车身附件及饰件,10865.79,10755.73,11368.45,11138.22,274.79,2.53,63284.0,1306650.0,18.88,2.2,23707604.0,46043797.0
850923.SI,20260703,底盘与发动机系统,6853.34,6797.36,7373.69,7249.58,433.09,6.35,228038.0,4371149.0,31.51,2.95,58931832.0,109647303.0
850924.SI,20260703,轮胎轮毂,3383.29,3362.58,3542.15,3496.82,129.23,3.84,38207.0,435034.0,16.62,1.47,10224761.0,23733041.0
850925.SI,20260703,其他汽车零部件,2862.66,2837.08,3052.89,2994.32,143.95,5.05,64676.0,1630068.0,39.71,2.52,17523830.0,37786236.0
850926.SI,20260703,汽车电子电气系统,4784.26,4714.62,5052.71,4938.68,156.38,3.27,63640.0,1428968.0,41.6,3.16,17407650.0,43171191.0
850935.SI,20260703,航海装备Ⅲ,3138.44,3128.45,3367.02,3311.37,209.75,6.76,41317.0,1128683.0,28.14,2.25,26454406.0,50534180.0
850936.SI,20260703,轨交设备Ⅲ,5574.69,5496.91,5699.58,5579.12,8.79,0.16,55340.0,551190.0,18.08,1.19,13576667.0,36252592.0
850952.SI,20260703,综合乘用车,5500.3,5471.63,5625.12,5580.12,85.29,1.55,38032.0,257606.0,17.9,0.66,8953497.0,32374858.0
851024.SI,20260703,通信网络设备及器件,53062.24,52383.1,56194.36,53362.88,35.3,0.07,86273.0,12599138.0,85.1,16.08,227574384.0,340788644.0
851025.SI,20260703,通信线缆及配套,12263.65,11962.51,12684.12,12062.58,-320.73,-2.59,78043.0,4706012.0,90.35,7.41,46089681.0,79450144.0
851026.SI,20260703,通信终端及配件,2358.56,2325.64,2439.86,2358.27,-21.6,-0.91,39490.0,1263210.0,68.91,5.4,21074632.0,40274506.0
851027.SI,20260703,其他通信设备,1877.93,1867.38,1951.92,1923.01,43.37,2.31,10631.0,259350.0,91.49,4.11,4439374.0,8534540.0
851041.SI,20260703,垂直应用软件,4958.15,4847.14,5067.89,4934.5,-14.72,-0.3,124629.0,3472829.0,84.81,4.69,59572745.0,110181597.0
851042.SI,20260703,横向通用软件,22228.56,21945.42,22696.63,22252.61,-77.08,-0.35,38232.0,968924.0,82.43,3.4,28638329.0,49997336.0
851112.SI,20260703,空调,38729.94,38572.39,39780.07,38929.95,428.76,1.11,13925.0,704526.0,10.81,2.05,52793197.0,78409630.0
851116.SI,20260703,冰洗,11104.84,11040.51,11311.08,11187.38,96.51,0.87,17828.0,177893.0,11.37,1.58,9201486.0,17012496.0
851122.SI,20260703,其他黑色家电,2083.02,2000.25,2114.12,2040.65,-48.14,-2.3,9576.0,124908.0,69.03,2.8,2077402.0,3976966.0
851131.SI,20260703,厨房小家电,3158.65,3121.62,3229.07,3205.95,68.83,2.19,6704.0,61112.0,23.76,2.6,2011899.0,7310897.0
851141.SI,20260703,厨房电器,11842.42,11612.02,12120.89,11897.16,100.69,0.85,5120.0,60077.0,19.47,1.49,1527992.0,3346127.0
851151.SI,20260703,照明设备Ⅲ,4785.3,4717.54,4985.83,4880.25,94.82,1.98,18366.0,176796.0,57.08,2.09,2917342.0,9082442.0
851161.SI,20260703,家电零部件Ⅲ,7390.91,7336.93,8030.44,7908.33,461.2,6.19,76603.0,2314842.0,46.46,4.22,19469463.0,37162965.0
851232.SI,20260703,啤酒,3818.33,3786.54,3880.67,3835.34,27.54,0.72,6187.0,94609.0,17.13,2.51,4085424.0,11224666.0
851233.SI,20260703,其他酒类,3231.0,3191.94,3299.32,3236.53,17.97,0.56,7682.0,72978.0,43.27,2.09,2441956.0,5460662.0
851241.SI,20260703,肉制品,5415.55,5316.33,5496.32,5391.26,-30.16,-0.56,19909.0,126574.0,26.26,2.55,4157010.0,10987600.0
851242.SI,20260703,调味发酵品Ⅲ,5841.36,5780.85,5936.67,5826.58,19.81,0.34,30870.0,435902.0,26.7,3.29,12412082.0,32404963.0
851243.SI,20260703,乳品,7834.54,7776.79,7942.89,7872.69,55.5,0.71,22441.0,255056.0,14.78,2.41,17073672.0,22992253.0
851246.SI,20260703,预加工食品,3033.68,3001.46,3117.16,3058.75,53.57,1.78,4705.0,103100.0,19.79,1.64,3171267.0,5667714.0
851247.SI,20260703,保健品,924.73,915.12,946.95,935.09,14.1,1.53,11092.0,45326.0,32.34,1.7,2056745.0,5077983.0
851251.SI,20260703,白酒Ⅲ,34183.25,33679.22,34480.53,33973.58,-141.15,-0.41,19188.0,1124629.0,18.23,3.38,90888510.0,226931417.0
851271.SI,20260703,软饮料,2927.5,2890.3,3033.94,2952.26,21.54,0.73,7612.0,194508.0,23.57,3.96,7056874.0,17801057.0
851281.SI,20260703,零食,1556.28,1538.59,1587.16,1557.91,4.55,0.29,6151.0,77022.0,12.96,1.96,2737806.0,5842312.0
851282.SI,20260703,烘焙食品,959.89,954.31,984.8,971.89,10.98,1.14,4538.0,47768.0,25.99,1.95,1506955.0,3822258.0
851312.SI,20260703,棉纺,1912.66,1852.38,1964.24,1888.4,-27.88,-1.45,16802.0,129844.0,17.79,1.04,2135836.0,4387878.0
851314.SI,20260703,印染,1688.12,1643.35,1746.28,1723.99,39.88,2.37,6267.0,59435.0,17.59,1.43,664451.0,1693489.0
851315.SI,20260703,辅料,4896.36,4699.93,5126.15,4961.74,20.81,0.42,5224.0,125080.0,22.6,2.48,1128182.0,2143838.0
851316.SI,20260703,其他纺织,1768.87,1733.37,1859.6,1807.3,39.55,2.24,25769.0,249302.0,36.06,2.11,3017661.0,6947492.0
851325.SI,20260703,鞋帽及其他,963.47,953.09,1013.81,991.87,27.8,2.88,11953.0,215047.0,96.77,3.76,2198354.0,4583076.0
851326.SI,20260703,家纺,1643.9,1615.59,1689.01,1666.94,24.78,1.51,4936.0,46693.0,20.24,1.95,1184436.0,3096031.0
851329.SI,20260703,非运动服装,1493.77,1473.06,1531.95,1509.47,25.36,1.71,51970.0,350520.0,22.53,1.41,8417643.0,22178310.0
851331.SI,20260703,钟表珠宝,1353.13,1339.96,1403.19,1376.23,37.07,2.77,25694.0,236286.0,18.39,1.85,3899316.0,9809624.0
851412.SI,20260703,大宗用纸,3173.05,3146.64,3299.82,3215.43,73.44,2.34,28485.0,142325.0,22.02,0.94,4621016.0,8446230.0
851413.SI,20260703,特种纸,1524.71,1496.97,1573.78,1530.53,7.51,0.49,26873.0,196676.0,41.05,1.69,2948963.0,6514289.0
851422.SI,20260703,印刷,3302.92,3292.71,3491.87,3438.21,157.76,4.81,3635.0,26941.0,50.55,2.91,604614.0,1179080.0
851423.SI,20260703,金属包装,2049.69,2018.49,2107.24,2046.46,-2.26,-0.11,13606.0,155627.0,34.55,2.25,2535515.0,5584325.0
851424.SI,20260703,塑料包装,3421.31,3385.49,3489.18,3402.68,-21.85,-0.64,8467.0,122703.0,22.04,2.85,2285841.0,4542479.0
851425.SI,20260703,纸包装,2345.1,2289.12,2378.38,2320.54,-9.88,-0.42,31526.0,319330.0,55.52,2.38,6221128.0,12690389.0
851436.SI,20260703,瓷砖地板,828.49,810.47,869.93,850.91,21.59,2.6,20463.0,264438.0,56.44,1.72,2599649.0,8539131.0
851437.SI,20260703,成品家居,1257.57,1223.81,1286.62,1247.42,-4.3,-0.34,20421.0,204210.0,23.27,1.82,3962923.0,10359858.0
851438.SI,20260703,定制家居,1435.79,1407.22,1468.79,1441.6,9.18,0.64,6110.0,88289.0,20.95,1.35,2363897.0,6459607.0
851439.SI,20260703,卫浴制品,466.31,459.64,479.98,471.31,5.7,1.22,5391.0,43018.0,48.35,1.56,902939.0,3543324.0
851452.SI,20260703,娱乐用品,1480.85,1449.48,1513.81,1472.23,5.45,0.37,8136.0,107017.0,81.07,3.49,2301035.0,5496760.0
851491.SI,20260703,其他家居用品,1473.54,1452.57,1505.93,1480.66,10.38,0.71,14197.0,187276.0,29.95,2.61,4633720.0,17762962.0
851511.SI,20260703,原料药,10481.95,10131.29,10762.02,10471.97,91.11,0.88,77912.0,1345832.0,50.12,2.59,16320081.0,33928055.0
851512.SI,20260703,化学制剂,8378.66,8148.83,8654.26,8524.49,209.82,2.52,280050.0,5284643.0,40.34,3.31,87097101.0,174448917.0
851521.SI,20260703,中药Ⅲ,5380.27,5318.17,5487.42,5424.91,65.06,1.21,111853.0,1072951.0,22.5,1.87,37226793.0,73928671.0
851522.SI,20260703,血液制品,5723.8,5690.73,5855.94,5789.32,83.44,1.46,11200.0,90539.0,29.32,1.25,4401265.0,9834804.0
851523.SI,20260703,疫苗,9594.66,9449.75,9857.78,9722.87,190.98,2.0,16864.0,293856.0,59.8,1.69,8840170.0,15931993.0
851524.SI,20260703,其他生物制品,10042.09,9815.26,10408.38,10241.36,287.05,2.88,37715.0,1147568.0,42.47,3.2,19009411.0,43364150.0
851532.SI,20260703,医疗设备,8301.05,8176.23,8573.98,8384.86,141.72,1.72,28969.0,1019400.0,36.74,3.23,26528282.0,55337031.0
851533.SI,20260703,医疗耗材,5416.65,5325.92,5560.58,5451.19,61.69,1.14,34428.0,840476.0,34.58,2.23,19688853.0,42872334.0
851534.SI,20260703,体外诊断,7067.95,6943.53,7234.3,7149.98,135.91,1.94,21048.0,468709.0,39.03,1.66,12980920.0,27281807.0
851542.SI,20260703,医药流通,2446.45,2426.04,2500.6,2479.65,41.64,1.71,35672.0,263365.0,17.47,1.03,7742540.0,20824702.0
851543.SI,20260703,线下药店,10260.02,10164.11,10610.26,10505.57,280.53,2.74,6590.0,98585.0,16.28,1.6,3217945.0,7455055.0
851563.SI,20260703,医疗研发外包,14433.98,13946.94,14726.36,14561.42,357.5,2.52,46536.0,2290246.0,25.13,3.65,43233532.0,66207176.0
851564.SI,20260703,医院,3890.98,3818.24,3947.34,3894.0,20.11,0.52,48511.0,361301.0,40.34,3.31,10066113.0,18669278.0
851610.SI,20260703,电能综合服务,2858.44,2840.33,2921.0,2886.36,25.76,0.9,72108.0,301900.0,37.0,1.09,9684852.0,23926521.0
851611.SI,20260703,火力发电,3166.42,3111.42,3219.2,3163.76,-15.37,-0.48,260061.0,1906601.0,13.44,1.19,26645707.0,92233715.0
851612.SI,20260703,水力发电,5123.17,5086.54,5187.36,5136.41,11.63,0.23,46026.0,585310.0,18.34,2.41,35840168.0,119142901.0
851614.SI,20260703,热力服务,2559.15,2504.38,2616.57,2543.69,-30.03,-1.17,44465.0,458919.0,42.5,2.29,6202177.0,14234848.0
851616.SI,20260703,光伏发电,932.23,910.34,941.63,918.25,-14.14,-1.52,73586.0,406899.0,74.09,1.47,7567473.0,12988648.0
851617.SI,20260703,风力发电,1223.71,1211.55,1238.08,1225.8,6.16,0.51,55864.0,294006.0,36.85,1.32,10966672.0,53744870.0
851631.SI,20260703,燃气Ⅲ,3038.19,2991.9,3129.34,3059.61,41.8,1.38,39782.0,486696.0,23.18,1.82,9590087.0,25452081.0
851711.SI,20260703,港口,3642.82,3623.34,3714.54,3670.15,26.65,0.73,40884.0,175606.0,13.41,0.88,7930976.0,45619280.0
851721.SI,20260703,公交,2172.32,2157.04,2215.56,2198.74,34.62,1.6,4959.0,30939.0,63.3,1.29,1165577.0,2281611.0
851731.SI,20260703,高速公路,2999.71,2979.21,3053.78,3030.42,30.63,1.02,18056.0,102872.0,14.36,0.91,7828871.0,32399944.0
851741.SI,20260703,航空运输,1765.74,1742.92,1787.44,1753.69,-11.42,-0.65,71063.0,306675.0,26.44,2.8,13401577.0,37994274.0
851761.SI,20260703,航运,2520.01,2479.49,2596.5,2520.83,59.56,2.42,96283.0,854822.0,13.35,1.44,18737585.0,56546873.0
851771.SI,20260703,铁路运输,743.68,742.53,760.11,754.18,11.09,1.49,41639.0,197189.0,16.62,0.77,10679205.0,36224135.0
851782.SI,20260703,原材料供应链服务,2615.05,2596.36,2665.58,2646.41,45.55,1.75,20654.0,95936.0,17.27,0.5,4955401.0,10661553.0
851783.SI,20260703,中间产品及消费品供应链服务,1008.99,987.09,1040.05,1013.74,12.18,1.22,10642.0,168492.0,66.18,2.42,1443551.0,2932073.0
851784.SI,20260703,快递,2269.64,2228.2,2306.65,2242.04,-25.0,-1.1,17917.0,286740.0,13.93,1.57,11190261.0,25942302.0
851785.SI,20260703,跨境物流,1330.49,1321.84,1363.63,1345.11,17.83,1.34,10895.0,82347.0,14.29,1.51,3829147.0,14815684.0
851786.SI,20260703,仓储物流,3070.17,3047.1,3217.76,3173.65,118.41,3.88,7162.0,75225.0,27.9,1.36,1805309.0,3557054.0
851787.SI,20260703,公路货运,2205.8,2172.86,2230.05,2202.14,8.32,0.38,4717.0,23599.0,32.96,1.04,873262.0,2244228.0
851811.SI,20260703,住宅开发,2062.16,2026.97,2108.8,2053.59,4.07,0.2,269173.0,1252990.0,15.29,0.71,27477751.0,56270370.0
851812.SI,20260703,商业地产,2207.44,2178.42,2243.46,2214.73,17.58,0.8,30558.0,123885.0,69.89,0.63,5181495.0,17080033.0
851813.SI,20260703,产业地产,2530.0,2479.03,2564.97,2500.99,-29.2,-1.15,15687.0,171939.0,39.87,1.69,4886116.0,12454351.0
851831.SI,20260703,物业管理,523.59,518.79,541.6,533.94,8.36,1.59,14828.0,58516.0,32.57,1.89,1343088.0,2908819.0
851922.SI,20260703,金融控股,2119.31,2099.41,2157.0,2132.91,23.22,1.1,23282.0,153230.0,20.05,0.81,4879225.0,19781401.0
851927.SI,20260703,资产管理,1999.84,1979.0,2062.95,2007.59,14.74,0.74,3816.0,43778.0,42.93,2.32,1459745.0,3967530.0
851931.SI,20260703,证券Ⅲ,6565.04,6458.33,6643.27,6567.22,43.81,0.67,410154.0,5192643.0,16.24,1.25,164751068.0,336266500.0
851941.SI,20260703,保险Ⅲ,1121.02,1095.36,1131.11,1112.56,3.32,0.3,28929.0,961384.0,6.46,0.95,66603280.0,192112159.0
852021.SI,20260703,贸易Ⅲ,4176.46,4110.72,4268.15,4189.24,-0.83,-0.02,23483.0,169474.0,22.7,1.32,4068148.0,13010344.0
852031.SI,20260703,百货,2024.44,1991.06,2072.95,2030.69,13.29,0.66,48221.0,227978.0,151.13,1.23,5689898.0,11598066.0
852032.SI,20260703,超市,8035.74,7874.24,8248.81,8045.31,5.95,0.07,39518.0,220698.0,36.37,3.7,4506602.0,10166953.0
852033.SI,20260703,多业态零售,1648.73,1628.45,1672.96,1654.35,15.59,0.95,18953.0,114723.0,22.9,1.01,3370291.0,6465124.0
852034.SI,20260703,商业物业经营,2405.48,2372.37,2475.14,2421.89,18.3,0.76,39921.0,252654.0,28.68,1.3,7024119.0,17240110.0
852041.SI,20260703,专业连锁Ⅲ,3406.21,3361.69,3473.09,3403.97,26.66,0.79,8705.0,77123.0,55.91,2.56,2465403.0,4311943.0
852062.SI,20260703,跨境电商,661.74,643.04,674.54,656.19,-7.62,-1.15,11600.0,135071.0,39.1,4.27,2366832.0,4679561.0
852063.SI,20260703,电商服务,2406.66,2338.92,2443.86,2370.45,-37.64,-1.56,9450.0,161261.0,105.95,3.09,2325498.0,4090108.0
852111.SI,20260703,人工景区,25706.85,25519.39,26173.41,25889.57,203.17,0.79,5477.0,43615.0,32.81,1.77,1763388.0,3146823.0
852112.SI,20260703,自然景区,2051.23,2042.89,2093.04,2076.28,26.09,1.27,11188.0,95747.0,39.56,2.55,2863800.0,6122542.0
852121.SI,20260703,酒店,2183.8,2153.16,2218.79,2187.37,9.99,0.46,4852.0,57874.0,19.5,1.21,1826045.0,4031187.0
852131.SI,20260703,旅游综合,10714.75,10605.57,10891.92,10783.79,104.84,0.98,6500.0,38061.0,89.1,3.05,1586194.0,3155928.0
852182.SI,20260703,检测服务,5229.72,5060.16,5308.23,5135.12,-71.72,-1.38,20384.0,419348.0,40.11,3.47,7877766.0,15973984.0
852183.SI,20260703,会展服务,1862.32,1839.9,1918.88,1873.51,18.37,0.99,1812.0,22307.0,29.06,1.86,551515.0,1468601.0
852213.SI,20260703,通信工程及服务,889.57,880.36,920.36,901.05,12.21,1.37,25984.0,398440.0,687.37,3.64,5775188.0,9378599.0
852214.SI,20260703,通信应用增值服务,2766.83,2714.31,2853.8,2736.09,-36.18,-1.31,42742.0,1008696.0,56.02,5.07,14968725.0,28576773.0
852226.SI,20260703,IT服务Ⅲ,4230.68,4167.9,4349.42,4231.91,23.15,0.55,259589.0,4581756.0,113.64,3.36,79131743.0,132728731.0
852311.SI,20260703,综合Ⅲ,4549.4,4405.94,4637.35,4507.83,-42.63,-0.94,46050.0,585581.0,98.62,2.93,10444766.0,20792792.0
857111.SI,20260703,水泥制造,3879.75,3858.67,4007.74,3967.71,97.23,2.51,25313.0,242178.0,18.72,0.6,8843251.0,19694884.0
857112.SI,20260703,水泥制品,870.0,846.56,892.91,870.35,6.55,0.76,12235.0,54381.0,243.57,1.69,1025634.0,2087327.0
857121.SI,20260703,玻璃制造,3459.89,3340.22,3519.72,3388.36,-112.07,-3.2,46057.0,289874.0,220.28,1.42,3096217.0,5815545.0
857122.SI,20260703,玻纤制造,139442.83,135632.76,152625.23,144631.77,5055.56,3.62,84042.0,3996301.0,83.82,8.3,29072746.0,89154672.0
857221.SI,20260703,装修装饰Ⅲ,4346.47,4253.09,4455.22,4346.28,28.55,0.66,43783.0,281356.0,76.17,2.64,5453616.0,11790381.0
857236.SI,20260703,基建市政工程,1594.8,1586.92,1621.58,1606.54,10.98,0.69,87281.0,403030.0,8.51,0.45,21984592.0,62223759.0
857241.SI,20260703,钢结构,2200.26,2182.57,2267.87,2232.75,39.78,1.81,17057.0,90360.0,26.83,1.15,2688813.0,5686264.0
857242.SI,20260703,化学工程,1283.81,1275.39,1313.54,1292.96,9.46,0.74,14594.0,130470.0,9.76,0.9,3676993.0,7509868.0
857243.SI,20260703,国际工程,1291.42,1267.26,1317.29,1283.02,-8.68,-0.67,10226.0,94679.0,12.04,0.9,1913947.0,5064595.0
857244.SI,20260703,其他专业工程,2846.26,2780.92,2977.34,2885.12,5.39,0.19,46689.0,857784.0,70.92,1.49,9688391.0,24352682.0
857251.SI,20260703,园林工程,5643.91,5512.95,5790.31,5630.27,22.39,0.4,43038.0,133892.0,1227.2,2.52,2313300.0,4383414.0
857261.SI,20260703,工程咨询服务Ⅲ,2383.67,2323.5,2512.0,2443.43,44.34,1.85,64730.0,1539219.0,53.74,2.22,10734010.0,22490579.0
857321.SI,20260703,电网自动化设备,8217.56,8155.66,8555.74,8380.1,172.01,2.1,46487.0,1050250.0,30.9,3.74,24535762.0,50020082.0
857323.SI,20260703,电工仪器仪表,8213.8,8136.22,8502.44,8337.52,135.34,1.65,12187.0,236885.0,31.84,2.01,4022418.0,8648548.0
857334.SI,20260703,火电设备,3924.23,3879.33,4079.2,4026.66,134.29,3.45,5810.0,66595.0,26.46,2.08,1245293.0,2486872.0
857336.SI,20260703,其他电源设备Ⅲ,2309.9,2275.1,2409.17,2316.08,12.18,0.53,43266.0,1742221.0,98.82,5.07,26089062.0,49857101.0
857344.SI,20260703,线缆部件及其他,14350.76,14060.67,14904.6,14447.37,138.99,0.97,102398.0,1578701.0,58.85,3.6,19977516.0,38411503.0
857352.SI,20260703,光伏电池组件,1043.65,1010.2,1067.1,1032.02,-9.17,-0.88,113234.0,1294074.0,150.83,2.35,23448889.0,43028815.0
857354.SI,20260703,光伏辅材,945.48,906.02,962.61,923.0,-23.37,-2.47,27188.0,629339.0,71.63,2.56,9387496.0,18743268.0
857355.SI,20260703,光伏加工设备,2568.0,2448.91,2622.75,2529.16,-42.11,-1.64,16845.0,1134860.0,53.54,4.44,16402452.0,33321786.0
857362.SI,20260703,风电零部件,7575.2,7478.77,7929.21,7798.85,253.72,3.36,45416.0,834405.0,38.11,1.97,12857848.0,25101854.0
857371.SI,20260703,锂电池,29381.08,29069.06,30119.91,29400.49,53.85,0.18,89950.0,4595260.0,25.14,4.18,145180033.0,247052959.0
857372.SI,20260703,电池化学品,19714.23,19169.22,20063.83,19421.1,-199.77,-1.02,110144.0,3623120.0,46.65,2.97,58458632.0,98021430.0
857373.SI,20260703,锂电专用设备,18349.37,17992.76,18925.4,18307.11,-108.73,-0.59,18805.0,659129.0,51.21,3.8,11062843.0,21219636.0
857375.SI,20260703,蓄电池及其他电池,1934.89,1869.62,1967.87,1890.6,-37.31,-1.94,17604.0,389497.0,39.3,2.57,3977106.0,8527714.0
857381.SI,20260703,输变电设备,7605.33,7564.77,7953.43,7833.44,234.28,3.08,58341.0,1264113.0,30.4,2.86,34250971.0,56497000.0
857382.SI,20260703,配电设备,2308.51,2286.59,2387.74,2344.41,42.62,1.85,36619.0,519299.0,24.91,1.9,9036438.0,19447124.0
857411.SI,20260703,航天装备Ⅲ,31779.81,31746.61,34509.26,33908.27,2022.11,6.34,39377.0,1596707.0,494.75,6.2,14897429.0,49462331.0
857421.SI,20260703,航空装备Ⅲ,8757.71,8704.52,9211.12,9051.82,312.0,3.57,84213.0,2474287.0,71.19,3.4,48240312.0,97854417.0
857431.SI,20260703,地面兵装Ⅲ,16263.95,15925.17,16678.34,16352.9,82.8,0.51,27667.0,490414.0,121.58,3.18,6971370.0,14215134.0
857451.SI,20260703,军工电子Ⅲ,7073.49,6927.69,7414.67,7172.31,123.28,1.75,127043.0,4378122.0,110.82,5.17,57378467.0,120188939.0
857641.SI,20260703,游戏Ⅲ,2839.16,2763.34,2894.69,2802.01,-51.47,-1.8,105246.0,1753563.0,23.99,3.17,32327290.0,47511006.0
857651.SI,20260703,营销代理,2387.5,2281.18,2415.51,2303.14,-140.18,-5.74,171386.0,1805881.0,185.51,3.84,14166835.0,18719892.0
857661.SI,20260703,影视动漫制作,1092.38,1063.33,1110.29,1083.06,4.25,0.39,57456.0,390372.0,195.23,2.48,7121319.0,14009637.0
857674.SI,20260703,门户网站,1410.2,1385.33,1430.01,1403.49,-16.13,-1.14,8969.0,114931.0,85.39,3.58,2161589.0,4905311.0
857691.SI,20260703,教育出版,171.05,168.84,173.81,170.66,-0.35,-0.21,9586.0,69455.0,12.6,1.12,3058934.0,10884840.0
857692.SI,20260703,大众出版,1861.4,1822.12,1896.57,1851.93,-17.15,-0.92,23681.0,269230.0,42.62,1.79,4901560.0,13040098.0
857821.SI,20260703,国有大型银行Ⅲ,1791.53,1772.15,1805.42,1786.11,-10.38,-0.58,127978.0,811875.0,6.79,0.56,68059177.0,615170034.0
857831.SI,20260703,股份制银行Ⅲ,3910.05,3870.52,3960.75,3916.91,9.85,0.25,108248.0,891463.0,5.21,0.41,92409676.0,232312288.0
857841.SI,20260703,城商行Ⅲ,992.18,981.11,1005.55,992.01,-1.03,-0.1,72112.0,603749.0,5.58,0.5,58417899.0,117118422.0
857851.SI,20260703,农商行Ⅲ,718.48,711.01,729.38,719.76,2.84,0.4,28026.0,134824.0,5.37,0.5,13514085.0,22489713.0
858811.SI,20260703,其他运输设备,1542.98,1522.26,1571.53,1545.37,-2.12,-0.14,3621.0,47958.0,19.83,2.23,1350105.0,3580821.0
858812.SI,20260703,摩托车,4152.71,4077.91,4262.3,4210.91,95.8,2.33,8096.0,188025.0,25.44,3.19,6667086.0,14749310.0
859511.SI,20260703,动力煤,1900.94,1880.78,1943.18,1904.03,12.34,0.65,52587.0,711422.0,15.72,1.68,29262301.0,140497477.0
859512.SI,20260703,焦煤,4090.36,4065.38,4200.2,4133.7,60.13,1.48,29883.0,222060.0,33.27,0.84,8696214.0,22225203.0
859521.SI,20260703,焦炭Ⅲ,1081.3,1058.43,1092.67,1068.27,-7.0,-0.65,20376.0,62002.0,534.84,1.15,2330142.0,4470829.0
859621.SI,20260703,油田服务,672.94,666.8,689.45,681.11,10.83,1.62,21788.0,119203.0,20.02,1.83,2976861.0,11163744.0
859622.SI,20260703,油气及炼化工程,2862.24,2836.99,2916.13,2880.7,28.29,0.99,14670.0,87887.0,27.43,1.17,2821247.0,6277857.0
859631.SI,20260703,炼油化工,3031.72,2986.67,3109.98,3059.07,52.04,1.73,87395.0,719359.0,16.31,1.1,25064884.0,232387310.0
859632.SI,20260703,油品石化贸易,5903.87,5867.0,6052.16,5945.09,54.46,0.92,15975.0,139382.0,34.55,1.61,3043046.0,6139752.0
859633.SI,20260703,其他石化,2513.7,2437.34,2602.1,2514.91,11.54,0.46,28860.0,261701.0,31.95,1.47,6521813.0,11464190.0
859711.SI,20260703,大气治理,2674.86,2616.14,2780.83,2722.77,40.8,1.52,4777.0,53395.0,139.99,3.1,688950.0,1609404.0
859712.SI,20260703,水务及水治理,1342.22,1319.94,1377.59,1352.02,8.72,0.65,56328.0,530235.0,21.42,1.1,12203033.0,27644892.0
859713.SI,20260703,固废治理,2320.29,2279.16,2433.2,2384.82,77.28,3.35,64451.0,764138.0,21.22,1.78,14561043.0,32689801.0
859714.SI,20260703,综合环境治理,1645.1,1614.57,1691.97,1658.37,34.22,2.11,30211.0,217975.0,71.74,2.35,4003286.0,7086847.0
859721.SI,20260703,环保设备Ⅲ,2393.3,2346.66,2488.68,2417.75,22.4,0.94,41980.0,706282.0,44.79,2.63,9227489.0,18004837.0
859811.SI,20260703,生活用纸,1134.35,1122.65,1157.71,1142.99,9.67,0.85,4569.0,64353.0,25.87,1.81,1872572.0,5012493.0
859821.SI,20260703,化妆品制造及其他,2380.68,2341.35,2431.66,2405.02,36.38,1.54,4448.0,39916.0,52.01,2.55,1007368.0,1888329.0
859822.SI,20260703,品牌化妆品,6928.99,6873.11,7135.69,7003.55,78.4,1.13,8747.0,205394.0,25.3,2.5,3208305.0,9233777.0
859852.SI,20260703,培训教育,516.31,505.51,533.44,522.14,7.57,1.47,36482.0,169177.0,69.86,6.95,3731675.0,5964305.0
859951.SI,20260703,电视广播Ⅲ,941.3,930.16,956.68,945.11,5.14,0.55,31704.0,168895.0,60.23,1.04,6058671.0,13085861.0
801001.SI,20260706,申万50,4163.51,4042.53,4167.13,4108.62,-21.29,-0.52,876243.0,53516746.0,26.97,3.75,1227040718.0,2451657754.0
801002.SI,20260706,申万中小,8829.2,8654.31,8878.87,8691.49,-104.98,-1.19,2987617.0,56205312.0,34.21,2.9,865031775.0,1583023581.0
801003.SI,20260706,申万Ａ指,5059.29,4951.71,5069.52,4990.57,-43.97,-0.87,13534394.0,308171942.0,24.64,2.26,5018729076.0,11511955509.0
801005.SI,20260706,申万创业,4544.99,4397.97,4556.33,4429.54,-93.15,-2.06,2253540.0,76790981.0,47.78,5.09,957388378.0,2082948594.0
801010.SI,20260706,农林牧渔,2357.41,2349.24,2404.43,2400.65,60.19,2.57,254764.0,2233818.0,39.24,2.16,54616410.0,115953408.0
801012.SI,20260706,农产品加工,2016.39,1984.85,2068.35,2019.86,0.8,0.04,23157.0,234162.0,37.18,1.84,7017726.0,25813831.0
801014.SI,20260706,饲料,3491.72,3465.54,3640.82,3601.69,119.69,3.44,52160.0,377263.0,47.59,2.04,9966758.0,20647525.0
801015.SI,20260706,渔业,629.73,623.14,639.69,628.01,1.84,0.29,7380.0,25238.0,131.38,2.15,911117.0,1510905.0
801016.SI,20260706,种植业,2150.74,2119.34,2194.0,2145.33,-3.43,-0.16,40866.0,257954.0,34.59,2.03,6698634.0,13295909.0
801017.SI,20260706,养殖业,2556.23,2527.21,2653.3,2632.55,113.07,4.49,96381.0,1037085.0,35.54,2.36,25007893.0,46446481.0
801018.SI,20260706,动物保健Ⅱ,4352.26,4291.53,4492.6,4410.07,67.48,1.55,10448.0,141729.0,43.23,1.98,3227263.0,5459333.0
801030.SI,20260706,基础化工,4762.55,4703.03,4833.4,4705.49,-50.21,-1.06,877915.0,17050444.0,31.6,2.39,238635964.0,491717990.0
801032.SI,20260706,化学纤维,4828.36,4643.15,5003.92,4753.65,-74.23,-1.54,83208.0,728547.0,41.62,1.81,10427478.0,27816209.0
801033.SI,20260706,化学原料,3384.18,3316.92,3533.23,3403.19,13.57,0.4,169357.0,2095562.0,31.36,1.79,35850623.0,78721197.0
801034.SI,20260706,化学制品,7294.59,7056.15,7561.37,7216.53,-83.2,-1.14,307339.0,7614404.0,30.74,2.47,92096225.0,187031614.0
801036.SI,20260706,塑料,5927.51,5576.96,6057.21,5693.79,-191.57,-3.26,136862.0,3186153.0,73.75,3.91,39303486.0,79325462.0
801037.SI,20260706,橡胶,5778.03,5483.87,5960.74,5536.11,-198.6,-3.46,30545.0,664284.0,68.68,3.07,6253047.0,13364186.0
801038.SI,20260706,农化制品,5109.27,5033.8,5301.87,5140.38,33.48,0.66,139677.0,2005438.0,20.24,2.16,48007999.0,90832006.0
801039.SI,20260706,非金属材料Ⅱ,8391.13,7825.92,8581.58,7991.06,-275.52,-3.33,10927.0,756056.0,71.92,4.38,6697107.0,14627317.0
801040.SI,20260706,钢铁,2197.82,2172.64,2211.96,2186.24,-11.54,-0.53,190340.0,784304.0,28.89,0.97,28111197.0,82238708.0
801043.SI,20260706,冶钢原料,3317.76,3214.76,3421.83,3256.44,-59.48,-1.79,43382.0,296374.0,44.4,1.82,6042637.0,16962596.0
801044.SI,20260706,普钢,2007.73,1977.79,2035.77,2003.75,-7.39,-0.37,124700.0,337864.0,35.37,0.75,14802042.0,45605395.0
801045.SI,20260706,特钢Ⅱ,3912.4,3850.81,3972.88,3909.34,8.92,0.23,22258.0,150066.0,17.37,1.25,7266518.0,19670718.0
801050.SI,20260706,有色金属,8527.18,8366.52,8759.01,8371.17,-144.63,-1.7,861902.0,19498499.0,21.49,3.21,266120917.0,502439928.0
801051.SI,20260706,金属新材料,11911.95,11094.04,12163.91,11236.69,-585.84,-4.96,77687.0,2017350.0,80.55,4.87,21293653.0,42528449.0
801053.SI,20260706,贵金属,21860.03,21567.56,23529.31,21993.69,-203.4,-0.92,120668.0,2550544.0,20.14,3.49,24347213.0,44738280.0
801054.SI,20260706,小金属,45301.62,42557.47,46339.86,42847.73,-2138.91,-4.75,131173.0,6076373.0,59.78,5.99,58048471.0,136027662.0
801055.SI,20260706,工业金属,3097.94,3054.98,3234.91,3094.43,-1.64,-0.05,490110.0,6594165.0,14.74,2.61,129868978.0,230586585.0
801056.SI,20260706,能源金属,20846.79,20367.71,21785.25,20620.86,-187.37,-0.9,42264.0,2260067.0,30.88,2.73,32562602.0,48558951.0
801072.SI,20260706,通用设备,9659.34,9200.66,10001.69,9412.73,-231.35,-2.4,434656.0,11759935.0,78.03,4.59,114520841.0,251094162.0
801074.SI,20260706,专用设备,13649.63,13079.93,14106.19,13419.05,-178.6,-1.31,264631.0,6130775.0,48.96,3.61,88623140.0,181418366.0
801076.SI,20260706,轨交设备Ⅱ,5587.71,5488.42,5693.93,5573.61,-8.97,-0.16,48449.0,458587.0,18.06,1.19,13554853.0,36253717.0
801077.SI,20260706,工程机械,22646.83,22188.73,23205.04,22589.84,-34.71,-0.15,72192.0,1203353.0,19.79,1.98,37637132.0,73888161.0
801078.SI,20260706,自动化设备,25495.17,24221.67,26014.64,24671.87,-783.5,-3.08,162707.0,8233991.0,94.38,6.98,90288022.0,150514283.0
801080.SI,20260706,电子,11180.77,10538.29,11194.96,10864.64,-159.44,-1.45,2120789.0,96620960.0,95.43,8.02,1143142860.0,2322184460.0
801081.SI,20260706,半导体,13010.03,12163.66,13318.92,12781.28,35.83,0.28,484938.0,51713797.0,145.52,11.41,631889324.0,1265523257.0
801082.SI,20260706,其他电子Ⅱ,21884.73,20932.09,22744.98,21511.38,50.58,0.24,80585.0,3322843.0,76.72,7.33,29308930.0,54799294.0
801083.SI,20260706,元件,27210.11,25068.52,27680.33,25861.81,-1073.67,-3.99,231758.0,14544587.0,91.63,11.37,182671597.0,349355284.0
801084.SI,20260706,光学光电子,2353.83,2208.83,2412.01,2236.27,-133.52,-5.63,930271.0,10947417.0,73.72,3.01,97026868.0,186220582.0
801085.SI,20260706,消费电子,11842.36,11208.69,12053.29,11495.3,-312.23,-2.64,266345.0,9461489.0,40.98,5.08,146983188.0,372428742.0
801086.SI,20260706,电子化学品Ⅱ,16180.83,15089.29,16618.12,15617.96,-352.31,-2.21,126892.0,6630827.0,131.31,8.58,55262952.0,93857301.0
801092.SI,20260706,汽车服务,438.75,429.09,445.93,435.2,-3.33,-0.76,10584.0,73838.0,39.83,1.67,2277919.0,5146742.0
801093.SI,20260706,汽车零部件,8016.76,7800.68,8272.41,7937.61,-40.74,-0.51,406825.0,8747317.0,27.38,2.53,127144044.0,257791546.0
801095.SI,20260706,乘用车,14241.76,13960.6,14370.08,14108.99,-125.16,-0.88,48848.0,844448.0,24.67,1.61,35240311.0,93135526.0
801096.SI,20260706,商用车,6880.15,6740.48,7079.04,6866.31,-42.06,-0.61,44162.0,432891.0,22.62,2.49,13081477.0,26401764.0
801101.SI,20260706,计算机设备,2992.95,2886.37,3058.86,2986.41,13.33,0.45,124878.0,3883808.0,40.2,3.7,66838350.0,126931897.0
801102.SI,20260706,通信设备,11730.24,10939.83,11845.9,11222.63,-370.77,-3.2,244992.0,18750357.0,81.8,11.41,289609960.0,454250619.0
801103.SI,20260706,IT服务Ⅱ,4872.26,4683.1,4966.49,4782.34,-81.3,-1.67,255559.0,4533473.0,112.16,3.32,77808990.0,130155705.0
801104.SI,20260706,软件开发,5695.5,5517.71,5794.37,5593.59,-89.4,-1.57,162603.0,4493349.0,82.4,4.08,86822821.0,158347555.0
801110.SI,20260706,家用电器,8636.2,8610.2,8679.37,8645.8,23.84,0.28,174753.0,3598840.0,14.82,2.22,102261432.0,181995718.0
801111.SI,20260706,白色家电,18213.47,18067.06,18564.94,18483.14,355.72,1.96,32637.0,859667.0,11.11,2.01,63211212.0,97216923.0
801112.SI,20260706,黑色家电,2098.93,2045.59,2143.37,2072.61,2.42,0.12,36184.0,408449.0,31.59,2.23,8412347.0,15572300.0
801113.SI,20260706,小家电,3931.2,3852.52,4002.96,3893.94,-59.06,-1.49,9339.0,205449.0,22.53,2.35,6514822.0,18864626.0
801114.SI,20260706,厨卫电器,7647.3,7508.95,7831.52,7658.21,-2.02,-0.03,9982.0,92807.0,20.46,1.45,1975348.0,4764810.0
801115.SI,20260706,照明设备Ⅱ,4901.02,4606.75,4975.4,4696.26,-184.0,-3.77,16788.0,197941.0,55.99,2.05,2807349.0,8778776.0
801116.SI,20260706,家电零部件Ⅱ,7823.61,7507.32,7980.73,7611.41,-296.91,-3.75,67694.0,1821035.0,44.69,4.06,18738499.0,35826338.0
801120.SI,20260706,食品饮料,13163.07,13111.72,13420.65,13348.72,141.04,1.07,139367.0,2749105.0,19.07,3.02,149859386.0,354073836.0
801124.SI,20260706,食品加工,12414.05,12156.44,12700.06,12483.41,107.32,0.87,34085.0,310438.0,24.77,1.98,9466402.0,21891671.0
801125.SI,20260706,白酒Ⅱ,33778.65,33596.61,34623.3,34326.22,352.64,1.04,19306.0,1272171.0,18.42,3.42,91831914.0,229385362.0
801126.SI,20260706,非白酒,3244.4,3206.91,3317.91,3274.91,34.69,1.07,14008.0,168255.0,22.37,2.36,6597260.0,16873730.0
801127.SI,20260706,饮料乳品,6620.73,6544.05,6799.6,6724.75,91.16,1.37,31966.0,452017.0,16.82,2.76,24462137.0,41217458.0
801128.SI,20260706,休闲食品,1609.52,1591.45,1653.55,1626.3,14.99,0.93,13414.0,157962.0,17.93,1.92,4978324.0,11976858.0
801129.SI,20260706,调味发酵品Ⅱ,6672.8,6551.74,6830.92,6713.28,59.65,0.9,26588.0,388261.0,26.94,3.32,12523349.0,32728757.0
801130.SI,20260706,纺织服饰,1584.17,1569.44,1594.64,1569.52,-14.22,-0.9,146510.0,1321055.0,24.89,1.74,25094184.0,61362053.0
801131.SI,20260706,纺织制造,1720.23,1677.47,1767.47,1705.71,-8.17,-0.48,43671.0,467968.0,22.4,1.59,7369815.0,18810386.0
801132.SI,20260706,服装家纺,1580.41,1533.0,1616.98,1563.59,-16.78,-1.06,79897.0,645129.0,28.91,1.82,13546584.0,32324952.0
801133.SI,20260706,饰品,1349.24,1323.98,1388.54,1341.0,-14.97,-1.1,22942.0,207957.0,19.77,1.79,4177785.0,10226715.0
801140.SI,20260706,轻工制造,2136.07,2118.46,2157.42,2121.39,-19.36,-0.9,191371.0,1855630.0,31.76,1.78,38083532.0,95825735.0
801141.SI,20260706,包装印刷,2939.03,2837.57,3020.24,2872.7,-62.63,-2.13,65404.0,665310.0,38.99,2.35,12298975.0,25206045.0
801142.SI,20260706,家居用品,1643.89,1603.54,1685.38,1638.95,-12.89,-0.78,52551.0,669891.0,28.4,1.81,14350263.0,46426588.0
801143.SI,20260706,造纸,2036.36,1995.24,2099.91,2050.71,8.23,0.4,61531.0,373535.0,26.9,1.14,7600482.0,14973570.0
801145.SI,20260706,文娱用品,1621.17,1595.6,1664.66,1625.56,1.21,0.07,11886.0,146894.0,39.23,2.79,3833813.0,9219531.0
801150.SI,20260706,医药生物,7627.29,7612.76,7902.55,7728.55,53.36,0.7,863591.0,18188280.0,32.94,2.55,301511166.0,598905226.0
801151.SI,20260706,化学制药,12069.68,11879.31,12887.1,12326.96,138.91,1.14,402890.0,8272848.0,42.03,3.22,104649382.0,209947426.0
801152.SI,20260706,生物制品,5451.18,5391.22,5734.13,5551.51,69.58,1.27,83017.0,1923314.0,43.74,2.2,32660206.0,69716719.0
801153.SI,20260706,医疗器械,5698.61,5569.32,5863.42,5700.39,-13.94,-0.24,92676.0,2570252.0,36.48,2.37,59053598.0,125268862.0
801154.SI,20260706,医药商业,4325.22,4270.3,4432.58,4380.66,48.18,1.11,50178.0,384388.0,17.31,1.16,11082363.0,28657408.0
801155.SI,20260706,中药Ⅱ,5420.72,5356.79,5567.65,5494.46,67.74,1.25,111315.0,1203439.0,22.79,1.89,37691455.0,74775933.0
801156.SI,20260706,医疗服务,7000.53,6918.45,7362.13,7064.59,6.38,0.09,123514.0,3834039.0,28.15,3.42,56374163.0,90538878.0
801160.SI,20260706,公用事业,2478.63,2464.42,2485.9,2473.11,-9.33,-0.38,573664.0,4238822.0,20.65,1.57,114652524.0,384825905.0
801161.SI,20260706,电力,3264.22,3211.8,3305.11,3255.46,-14.15,-0.43,540068.0,3827797.0,20.44,1.55,105035630.0,359178185.0
801163.SI,20260706,燃气Ⅱ,3059.03,2973.96,3130.77,3069.22,7.68,0.25,33596.0,411025.0,23.23,1.82,9616894.0,25647720.0
801170.SI,20260706,交通运输,2019.42,2015.45,2042.57,2039.24,29.13,1.45,344808.0,2595627.0,16.55,1.17,88599677.0,285121483.0
801178.SI,20260706,物流,4086.17,4048.06,4210.6,4151.46,66.4,1.63,72467.0,777947.0,16.62,1.1,24593892.0,61192632.0
801179.SI,20260706,铁路公路,1443.58,1427.27,1469.28,1460.4,16.03,1.11,63883.0,351360.0,16.5,0.85,19892034.0,71800027.0
801180.SI,20260706,房地产,1866.3,1860.06,1881.3,1873.17,16.54,0.89,382361.0,1593204.0,19.67,0.77,40168431.0,91449963.0
801181.SI,20260706,房地产开发,2161.71,2124.11,2214.93,2170.67,21.05,0.98,358475.0,1514467.0,19.02,0.76,37913044.0,86512656.0
801183.SI,20260706,房地产服务,725.68,710.83,741.75,722.71,-4.18,-0.58,23886.0,78738.0,46.45,1.37,2255388.0,4937307.0
801191.SI,20260706,多元金融,1127.05,1110.98,1147.13,1128.03,2.41,0.21,64495.0,420980.0,20.23,1.19,14709179.0,45079653.0
801193.SI,20260706,证券Ⅱ,6680.31,6506.12,6720.44,6595.69,35.09,0.53,384645.0,5089886.0,16.33,1.26,165632230.0,337926842.0
801194.SI,20260706,保险Ⅱ,1110.94,1104.12,1135.63,1131.45,19.45,1.75,34257.0,1147560.0,6.57,0.97,67768334.0,194125698.0
801200.SI,20260706,商贸零售,1753.48,1741.58,1763.27,1748.45,-9.49,-0.54,184657.0,1373363.0,33.55,1.6,38253353.0,85229395.0
801202.SI,20260706,贸易Ⅱ,4234.34,4095.9,4294.66,4141.07,-71.64,-1.7,24463.0,181732.0,22.31,1.3,3998965.0,12916815.0
801203.SI,20260706,一般零售,2616.27,2574.66,2673.91,2624.27,0.98,0.04,120980.0,685310.0,37.21,1.41,20598640.0,45544738.0
801204.SI,20260706,专业连锁Ⅱ,3398.47,3333.71,3446.51,3368.78,-35.17,-1.03,7716.0,65706.0,55.76,2.56,2439930.0,4265167.0
801206.SI,20260706,互联网电商,10103.89,9807.86,10301.98,9965.82,-179.29,-1.77,26655.0,284697.0,33.62,2.43,6035109.0,11296742.0
801210.SI,20260706,社会服务,7461.0,7365.65,7520.05,7396.52,-8.53,-0.12,98372.0,980497.0,39.85,2.54,24094934.0,47634146.0
801218.SI,20260706,专业服务,6408.54,6187.15,6544.95,6326.85,-50.37,-0.79,25035.0,461621.0,31.13,2.63,9995965.0,21445545.0
801219.SI,20260706,酒店餐饮,1399.78,1388.89,1436.97,1419.63,17.81,1.27,7120.0,70435.0,25.71,1.5,2431001.0,5177527.0
801223.SI,20260706,通信服务,2161.5,2086.45,2191.55,2120.17,-40.28,-1.86,103781.0,1549802.0,25.68,1.7,36638678.0,100211561.0
801230.SI,20260706,综合,4538.59,4479.48,4600.17,4518.16,-0.22,0.0,45497.0,569655.0,98.62,2.93,10444260.0,20845235.0
801231.SI,20260706,综合Ⅱ,4534.95,4406.78,4647.81,4514.54,-0.22,0.0,45497.0,569655.0,98.62,2.93,10444260.0,20845235.0
801250.SI,20260706,申万制造,8863.62,8497.86,8882.43,8635.74,-149.31,-1.7,5238835.0,190253159.0,53.1,6.52,2595593420.0,5027279770.0
801260.SI,20260706,申万消费,5713.06,5703.91,5808.74,5763.08,37.16,0.65,1623026.0,27142089.0,20.11,3.08,664339003.0,1436921696.0
801270.SI,20260706,申万投资,4358.47,4307.68,4420.19,4308.68,-43.53,-1.0,2866130.0,46911856.0,21.45,2.54,715059998.0,1767259502.0
801280.SI,20260706,申万服务,2533.05,2520.65,2538.31,2532.29,4.51,0.18,3760906.0,43295182.0,11.27,1.44,1199456978.0,3259685182.0
801300.SI,20260706,申万300指数,3820.45,3721.19,3827.16,3770.22,-22.26,-0.59,3047544.0,130821117.0,23.2,2.59,2541451004.0,5648687660.0
801710.SI,20260706,建筑材料,7708.32,7237.7,7714.55,7241.63,-441.55,-5.75,212877.0,4857292.0,42.77,1.78,51773344.0,132825473.0
801711.SI,20260706,水泥,3920.08,3861.93,3998.86,3932.81,3.45,0.09,34309.0,292484.0,20.72,0.65,9877560.0,21783104.0
801712.SI,20260706,玻璃玻纤,31453.21,28166.65,31909.61,28281.34,-2979.31,-9.53,125089.0,4021970.0,81.52,4.99,29103084.0,85874461.0
801713.SI,20260706,装修建材,4732.05,4618.56,4845.41,4693.7,-36.56,-0.77,53479.0,542837.0,36.69,1.83,12792701.0,25167908.0
801720.SI,20260706,建筑装饰,2057.88,2021.9,2057.88,2030.93,-23.52,-1.14,352507.0,3398633.0,13.78,0.72,64983900.0,167601113.0
801721.SI,20260706,房屋建设Ⅱ,2767.82,2738.45,2805.48,2788.4,20.41,0.74,37565.0,187898.0,7.48,0.44,7336495.0,25661352.0
801722.SI,20260706,装修装饰Ⅱ,4361.9,4194.93,4443.47,4244.42,-106.14,-2.44,44468.0,255400.0,74.31,2.58,5320565.0,11523002.0
801723.SI,20260706,基础建设,2064.66,2036.84,2093.72,2065.79,0.11,0.01,131168.0,534394.0,9.35,0.49,24299235.0,66704734.0
801724.SI,20260706,专业工程,1989.18,1912.99,2025.45,1950.11,-31.21,-1.57,78190.0,980635.0,22.69,1.17,17685152.0,41853815.0
801726.SI,20260706,工程咨询服务Ⅱ,2451.75,2314.66,2520.28,2354.29,-89.13,-3.65,61115.0,1440306.0,51.43,2.13,10342452.0,21858211.0
801730.SI,20260706,电力设备,10467.94,10260.29,10581.57,10264.36,-189.83,-1.82,927788.0,23767045.0,35.25,3.23,459161254.0,836922585.0
801731.SI,20260706,电机Ⅱ,14539.57,13978.13,14827.53,14129.99,-373.33,-2.57,67049.0,1537328.0,54.1,3.56,13585189.0,32081426.0
801733.SI,20260706,其他电源设备Ⅱ,44503.52,43740.05,46830.83,44778.82,563.41,1.27,67174.0,2370503.0,70.88,3.84,34257298.0,70766483.0
801735.SI,20260706,光伏设备,6296.59,6073.3,6454.29,6152.99,-129.0,-2.05,211578.0,4457205.0,50.73,3.03,84708057.0,157887643.0
801736.SI,20260706,风电设备,2558.88,2442.45,2601.95,2466.02,-80.84,-3.17,72577.0,1335366.0,36.68,1.8,21484305.0,39486649.0
801737.SI,20260706,电池,25489.99,24779.68,26004.4,24956.79,-572.06,-2.24,243498.0,9131745.0,29.14,3.65,214464583.0,365897494.0
801738.SI,20260706,电网设备,5909.19,5733.18,6070.95,5809.45,-74.84,-1.27,265911.0,4934899.0,33.08,2.95,90661822.0,170802891.0
801740.SI,20260706,国防军工,1899.7,1842.81,1916.6,1854.45,-31.36,-1.66,295826.0,9676417.0,67.31,3.61,151382388.0,326783802.0
801741.SI,20260706,航天装备Ⅱ,34430.7,32191.33,35041.63,32478.44,-1429.14,-4.21,36660.0,1425170.0,473.89,5.94,14269529.0,46577725.0
801742.SI,20260706,航空装备Ⅱ,9147.73,8805.8,9295.3,8879.37,-246.52,-2.7,68688.0,2041263.0,69.27,3.31,46937199.0,95467301.0
801743.SI,20260706,地面兵装Ⅱ,16306.26,15756.24,16673.78,15991.77,-361.04,-2.21,30180.0,502365.0,118.94,3.11,6817455.0,13895015.0
801744.SI,20260706,航海装备Ⅱ,3303.92,3297.29,3427.88,3379.61,68.46,2.07,37036.0,1101163.0,28.72,2.3,27001361.0,52350995.0
801745.SI,20260706,军工电子Ⅱ,7280.64,6860.13,7502.87,7044.62,-127.7,-1.78,123261.0,4606457.0,109.06,5.08,56356844.0,118492765.0
801750.SI,20260706,计算机,4526.3,4397.52,4526.3,4464.74,-46.53,-1.03,543040.0,12910630.0,67.31,3.69,231470160.0,415435156.0
801760.SI,20260706,传媒,666.31,663.1,676.54,663.45,-4.81,-0.72,420195.0,4548911.0,34.67,2.49,79364392.0,140175098.0
801764.SI,20260706,游戏Ⅱ,2795.34,2760.29,2916.08,2835.07,33.07,1.18,100963.0,1668684.0,24.28,3.21,32708795.0,48061048.0
801765.SI,20260706,广告营销,2453.14,2354.58,2511.87,2384.83,-74.65,-3.04,158494.0,1432747.0,55.33,3.9,18603233.0,25775456.0
801766.SI,20260706,影视院线,1042.02,1018.57,1071.69,1028.84,-20.92,-1.99,71124.0,535998.0,239.92,2.56,8751537.0,17555039.0
801767.SI,20260706,数字媒体,1568.83,1523.78,1597.85,1532.17,-40.52,-2.58,31164.0,477210.0,62.31,2.5,5336571.0,11730502.0
801769.SI,20260706,出版,1356.5,1335.07,1390.79,1360.29,-0.02,0.0,28966.0,278007.0,21.8,1.45,7960370.0,24087787.0
801770.SI,20260706,通信,8589.77,8078.2,8589.79,8240.85,-259.27,-3.05,348773.0,20300159.0,65.83,6.98,326248638.0,554462180.0
801780.SI,20260706,银行,3718.86,3707.56,3805.03,3801.07,70.91,1.9,399746.0,2867506.0,5.81,0.48,236818555.0,1002854363.0
801782.SI,20260706,国有大型银行Ⅱ,1778.38,1763.54,1815.02,1811.8,25.69,1.44,143549.0,920097.0,6.89,0.57,69038115.0,622946187.0
801783.SI,20260706,股份制银行Ⅱ,3904.52,3884.53,4004.43,3996.73,79.82,2.04,127048.0,1057719.0,5.32,0.42,94292745.0,237239729.0
801784.SI,20260706,城商行Ⅱ,990.95,985.02,1016.87,1012.54,20.53,2.07,91048.0,708991.0,5.69,0.51,59627114.0,119583965.0
801785.SI,20260706,农商行Ⅱ,716.85,712.66,739.54,738.22,18.45,2.56,38101.0,180699.0,5.51,0.51,13860581.0,23084482.0
801790.SI,20260706,非银金融,1815.8,1788.69,1815.8,1809.36,15.15,0.84,483397.0,6658425.0,11.71,1.16,248109743.0,577132193.0
801811.SI,20260706,大盘指数,4220.92,4135.23,4225.35,4188.21,-5.51,-0.13,2302939.0,87231127.0,18.89,2.06,2141101530.0,5199267052.0
801812.SI,20260706,中盘指数,5658.09,5519.22,5688.7,5564.4,-59.6,-1.06,2335996.0,74216718.0,34.48,2.64,1060732756.0,2247800310.0
801813.SI,20260706,小盘指数,6324.69,6175.06,6338.52,6197.37,-100.99,-1.6,2930042.0,67509663.0,38.24,2.48,859059667.0,1746106274.0
801821.SI,20260706,高市盈率指数,1802.08,1712.87,1802.09,1749.91,-28.63,-1.61,724390.0,44438901.0,203.65,12.23,481722766.0,1008210255.0
801822.SI,20260706,中市盈率指数,5170.07,5020.35,5198.69,5038.73,-112.3,-2.18,723432.0,21252125.0,40.89,3.33,270124625.0,527122784.0
801823.SI,20260706,低市盈率指数,7199.79,7171.55,7304.15,7293.61,107.88,1.5,1272552.0,13552262.0,8.0,0.76,684831430.0,2222770505.0
801831.SI,20260706,高市净率指数,2989.06,2820.37,2989.34,2890.12,-55.49,-1.88,694529.0,83593213.0,127.75,20.88,1064070123.0,2159525704.0
801832.SI,20260706,中市净率指数,4608.13,4584.89,4649.38,4588.07,4.74,0.1,685629.0,9547951.0,26.6,2.57,205533011.0,396182104.0
801833.SI,20260706,低市净率指数,6658.94,6641.37,6771.99,6764.85,100.94,1.51,1190877.0,6797718.0,7.89,0.52,420760255.0,1508744973.0
801841.SI,20260706,高价股指数,5503.76,5257.79,5513.91,5372.48,-67.58,-1.24,404555.0,87865721.0,60.61,10.69,1404423964.0,2720362947.0
801842.SI,20260706,中价股指数,4318.9,4263.47,4345.6,4264.7,-42.52,-0.99,639941.0,9935902.0,28.68,2.23,160303284.0,354207171.0
801843.SI,20260706,低价股指数,14300.85,14220.68,14382.48,14284.69,22.23,0.16,1645888.0,3924866.0,24.58,0.97,129108817.0,268433262.0
801851.SI,20260706,亏损股指数,4105.38,3996.63,4111.28,4019.96,-72.09,-1.76,3499772.0,43855767.0,,2.9,595172066.0,1208882465.0
801852.SI,20260706,微利股指数,2812.3,2754.42,2827.72,2788.3,-3.55,-0.13,236593.0,3920949.0,65.57,2.31,63105995.0,118594810.0
801853.SI,20260706,绩优股指数,6548.44,6420.4,6585.27,6486.45,-41.88,-0.64,272988.0,26042108.0,26.62,7.03,698426390.0,1455120942.0
801863.SI,20260706,新股指数,2665.44,2556.23,2681.09,2593.28,-66.2,-2.49,62097.0,4555181.0,147.1,8.12,37310625.0,377645120.0
801880.SI,20260706,汽车,6964.99,6912.59,7032.6,6913.52,-30.85,-0.44,523085.0,10425802.0,26.39,2.27,185993918.0,401424403.0
801881.SI,20260706,摩托车及其他,3177.23,3147.08,3371.15,3280.55,92.64,2.91,12667.0,327308.0,24.98,3.07,8250167.0,18948824.0
801890.SI,20260706,机械设备,2623.49,2555.67,2645.23,2566.07,-51.68,-1.97,982635.0,27786642.0,49.27,3.68,344623989.0,693168688.0
801950.SI,20260706,煤炭,2917.32,2909.89,3056.14,3048.84,120.46,4.11,137964.0,1436789.0,19.72,1.41,41945978.0,173771183.0
801951.SI,20260706,煤炭开采,3340.82,3310.4,3520.45,3497.37,143.23,4.27,117239.0,1372950.0,18.65,1.43,39579405.0,169225707.0
801952.SI,20260706,焦炭Ⅱ,1067.67,1057.85,1089.55,1084.98,16.7,1.56,20726.0,63839.0,543.2,1.17,2366573.0,4545476.0
801960.SI,20260706,石油石化,2420.57,2420.57,2499.86,2474.95,58.78,2.43,227855.0,1803446.0,18.6,1.28,50559556.0,286180251.0
801962.SI,20260706,油服工程,2138.16,2100.72,2173.6,2130.9,-4.78,-0.22,34954.0,203028.0,23.0,1.43,5785121.0,17464493.0
801963.SI,20260706,炼化及贸易,2799.26,2776.86,2929.37,2875.7,86.63,3.11,149762.0,1327505.0,19.52,1.23,35705368.0,255840277.0
801970.SI,20260706,环保,2045.9,2002.21,2054.26,2005.12,-30.69,-1.51,211722.0,2277353.0,26.64,1.62,40070460.0,86269978.0
801971.SI,20260706,环境治理,1942.21,1876.22,1994.62,1908.91,-22.28,-1.15,172919.0,1683981.0,23.72,1.45,31093426.0,68765114.0
801972.SI,20260706,环保设备Ⅱ,2423.55,2321.4,2476.86,2352.13,-65.62,-2.71,38803.0,593372.0,43.57,2.56,8977034.0,17504864.0
801980.SI,20260706,美容护理,3431.32,3397.85,3449.54,3412.14,-24.77,-0.72,18346.0,344761.0,29.77,2.39,8737156.0,22967243.0
801981.SI,20260706,个护用品,1206.11,1184.03,1226.22,1201.87,-7.24,-0.6,5292.0,75603.0,27.14,1.86,2410635.0,6748466.0
801982.SI,20260706,化妆品,5901.11,5759.23,6013.7,5865.4,-36.71,-0.62,11775.0,221814.0,28.86,2.49,4189449.0,11104874.0
801991.SI,20260706,航空机场,2381.02,2363.48,2429.54,2403.73,29.58,1.25,71390.0,389894.0,25.24,2.21,17000439.0,48154912.0
801992.SI,20260706,航运港口,3196.64,3144.11,3252.17,3206.64,52.6,1.67,137068.0,1076426.0,13.59,1.23,27113310.0,103973912.0
801993.SI,20260706,旅游及景区,1853.26,1830.83,1884.99,1851.62,2.28,0.12,23078.0,199223.0,43.22,2.35,6221030.0,12431831.0
801994.SI,20260706,教育,1672.64,1622.87,1712.87,1639.39,8.45,0.52,37354.0,207479.0,85.91,4.02,4852498.0,7735261.0
801995.SI,20260706,电视广播Ⅱ,944.22,929.25,959.29,936.57,-8.55,-0.9,29483.0,156265.0,59.69,1.03,6003885.0,12965266.0
850111.SI,20260706,种子,2402.08,2383.28,2439.81,2406.1,4.12,0.17,12207.0,67570.0,111.38,2.25,2615800.0,4333644.0
850113.SI,20260706,其他种植业,1466.79,1444.46,1505.6,1459.39,-2.46,-0.17,18724.0,83968.0,39.89,2.01,2247447.0,4505073.0
850122.SI,20260706,水产养殖,398.04,393.57,404.22,396.65,1.51,0.38,6461.0,18134.0,288.27,2.42,684306.0,1038104.0
850135.SI,20260706,食品及饲料添加剂,2448.86,2429.02,2538.77,2499.55,47.69,1.94,21229.0,317413.0,17.39,1.81,11330784.0,24457829.0
850136.SI,20260706,有机硅,5196.72,5033.04,5468.1,5151.11,43.54,0.85,33032.0,721930.0,67.44,2.63,4598589.0,12996578.0
850142.SI,20260706,畜禽饲料,1096.23,1088.79,1147.92,1136.46,49.66,4.57,43816.0,228467.0,1225.39,1.61,4863742.0,8652562.0
850151.SI,20260706,果蔬加工,1773.5,1710.62,1811.38,1720.86,-60.95,-3.42,5047.0,80030.0,46.16,3.97,1366758.0,3595599.0
850152.SI,20260706,粮油加工,1281.65,1272.62,1306.61,1298.65,16.32,1.27,3723.0,44018.0,37.35,1.52,2214186.0,15608334.0
850154.SI,20260706,其他农产品加工,2625.67,2591.61,2708.69,2644.8,17.98,0.68,14387.0,110114.0,34.41,1.7,3436782.0,6609898.0
850172.SI,20260706,生猪养殖,4817.44,4765.54,4999.5,4966.39,226.3,4.77,71736.0,805831.0,36.86,2.44,21614108.0,38917216.0
850173.SI,20260706,肉鸡养殖,735.17,724.53,766.3,755.34,22.73,3.1,21001.0,218907.0,25.8,1.85,2997446.0,6706668.0
850181.SI,20260706,动物保健Ⅲ,4352.6,4291.87,4492.96,4410.41,67.48,1.55,10448.0,141729.0,43.23,1.98,3227263.0,5459333.0
850232.SI,20260706,汽车经销商,394.0,388.38,400.13,394.76,1.98,0.5,3452.0,12766.0,56.42,1.42,664752.0,1660957.0
850233.SI,20260706,汽车综合服务,1704.0,1661.14,1732.47,1683.27,-21.66,-1.27,7132.0,61072.0,35.1,1.82,1613167.0,3485786.0
850322.SI,20260706,氯碱,1341.53,1307.96,1387.82,1331.67,-18.76,-1.39,63802.0,515452.0,44.11,1.32,7435717.0,14873034.0
850323.SI,20260706,无机盐,26271.68,25278.21,27321.06,26045.42,-70.08,-0.27,15433.0,502754.0,75.02,3.43,6554205.0,13164731.0
850324.SI,20260706,其他化学原料,4463.45,4380.86,4684.4,4517.07,16.82,0.37,21591.0,460809.0,22.7,2.3,7267593.0,16328380.0
850325.SI,20260706,煤化工,6733.7,6670.75,7094.17,6898.12,167.22,2.48,28653.0,355448.0,17.74,1.68,7532653.0,22727653.0
850326.SI,20260706,钛白粉,667.62,660.61,698.65,675.08,7.66,1.15,22166.0,155006.0,61.53,1.7,4270587.0,7001302.0
850331.SI,20260706,氮肥,5138.05,5100.94,5404.55,5278.08,146.17,2.85,18205.0,220072.0,18.24,1.57,5556224.0,8828030.0
850332.SI,20260706,磷肥及磷化工,2184.72,2141.21,2250.31,2172.12,-12.43,-0.57,45570.0,661017.0,23.68,2.15,12140619.0,20901983.0
850333.SI,20260706,农药,3243.49,3204.41,3349.53,3261.05,26.1,0.81,37736.0,435284.0,28.56,1.62,9958456.0,19905624.0
850335.SI,20260706,涂料油墨,8204.17,7954.5,8547.35,8288.55,69.88,0.85,16029.0,399754.0,119.24,4.61,3815374.0,9378534.0
850337.SI,20260706,民爆制品,4211.73,4109.33,4312.86,4198.96,-26.04,-0.62,17131.0,275646.0,25.92,2.26,6809051.0,12239728.0
850338.SI,20260706,纺织化学制品,2338.55,2304.59,2446.41,2385.51,39.52,1.68,25127.0,267341.0,25.39,1.37,5793271.0,9450884.0
850339.SI,20260706,其他化学制品,2452.58,2354.26,2510.29,2392.68,-52.32,-2.14,95192.0,1726383.0,49.74,2.43,23918889.0,50952803.0
850341.SI,20260706,涤纶,6189.08,6078.07,6442.03,6230.67,47.13,0.76,18345.0,135096.0,29.7,1.47,2707181.0,7699816.0
850343.SI,20260706,粘胶,2776.35,2692.69,2830.81,2712.23,-68.83,-2.47,21061.0,86529.0,74.12,1.89,1431729.0,2157578.0
850351.SI,20260706,其他塑料制品,4009.65,3872.94,4134.44,3944.67,-83.54,-2.07,22571.0,408376.0,68.43,2.23,5778051.0,11666103.0
850353.SI,20260706,改性塑料,5204.75,4840.61,5281.37,4876.76,-284.99,-5.52,31480.0,678941.0,47.7,3.03,9511966.0,17089473.0
850354.SI,20260706,合成树脂,6059.17,5716.52,6216.71,5908.33,-80.72,-1.35,32668.0,938698.0,65.27,5.61,9297736.0,20784713.0
850355.SI,20260706,膜材料,4178.27,3914.33,4264.02,4003.86,-140.7,-3.39,50143.0,1160138.0,134.76,4.92,14715733.0,29785173.0
850362.SI,20260706,其他橡胶制品,4251.41,4154.15,4463.79,4181.03,-58.89,-1.39,14790.0,212732.0,104.54,2.75,2715412.0,4858234.0
850363.SI,20260706,炭黑,3465.36,3290.39,3524.55,3335.28,-121.22,-3.51,8632.0,97784.0,41.69,1.97,1310456.0,2776487.0
850372.SI,20260706,聚氨酯,17343.54,17106.63,18380.62,17718.03,380.82,2.2,15391.0,461213.0,18.45,2.02,14462260.0,25270358.0
850381.SI,20260706,复合肥,4408.99,4373.63,4578.24,4487.45,78.73,1.79,21025.0,132773.0,13.79,1.51,4194847.0,7602130.0
850382.SI,20260706,氟化工,10892.15,10278.76,11271.33,10391.19,-588.83,-5.36,76417.0,3282151.0,45.66,5.4,19834795.0,39814792.0
850412.SI,20260706,特钢Ⅲ,2679.14,2636.97,2720.56,2677.05,6.11,0.23,22258.0,150066.0,17.37,1.25,7266518.0,19670718.0
850442.SI,20260706,板材,2048.81,2018.36,2075.7,2041.12,-11.43,-0.56,111334.0,291844.0,39.31,0.77,12758380.0,41340846.0
850521.SI,20260706,其他金属新材料,9465.99,8789.16,9699.77,8883.92,-516.82,-5.5,36517.0,912962.0,96.85,5.07,10548206.0,20936984.0
850522.SI,20260706,磁性材料,12214.46,11410.15,12429.89,11580.23,-535.1,-4.42,41170.0,1104388.0,68.59,4.68,10745447.0,21591465.0
850523.SI,20260706,非金属材料Ⅲ,7480.11,6976.27,7649.88,7123.47,-245.6,-3.33,10927.0,756056.0,71.92,4.38,6697107.0,14627317.0
850531.SI,20260706,黄金,21840.05,21545.63,23467.42,21947.25,-247.24,-1.11,93417.0,2308757.0,19.31,3.39,22763766.0,42307601.0
850544.SI,20260706,其他小金属,29319.72,27769.89,30202.5,28045.71,-814.61,-2.82,57793.0,2490446.0,67.12,4.69,22349002.0,40618375.0
850551.SI,20260706,铝,4677.75,4624.01,4847.4,4688.12,36.12,0.78,159677.0,1742263.0,11.74,1.74,33372354.0,58613468.0
850552.SI,20260706,铜,8349.71,8251.18,8727.37,8368.15,-4.77,-0.06,203279.0,3141923.0,14.97,3.17,79291597.0,143314315.0
850553.SI,20260706,铅锌,5499.02,5347.01,5799.8,5375.45,-87.77,-1.61,127154.0,1709979.0,25.58,3.18,17205027.0,28658802.0
850614.SI,20260706,其他建材,7710.96,7493.29,7898.06,7617.39,-103.7,-1.34,19913.0,233379.0,26.46,1.8,5704710.0,11828087.0
850615.SI,20260706,耐火材料,6719.67,6474.21,6800.52,6556.22,-161.14,-2.4,12211.0,83078.0,54.5,1.84,1790682.0,3177226.0
850616.SI,20260706,管材,3900.22,3848.25,4042.95,3978.88,84.3,2.16,11025.0,110904.0,31.86,1.89,1598344.0,3478727.0
850623.SI,20260706,房屋建设Ⅲ,2767.98,2738.61,2805.64,2788.56,20.42,0.74,37565.0,187898.0,7.48,0.44,7336495.0,25661352.0
850702.SI,20260706,安防设备,15000.66,14446.5,15100.01,14787.5,-184.42,-1.23,27398.0,667802.0,22.11,2.9,20429828.0,49203913.0
850703.SI,20260706,其他计算机设备,5276.43,5091.68,5429.03,5293.32,63.1,1.21,97480.0,3216007.0,61.67,4.18,46408522.0,77727984.0
850711.SI,20260706,机床工具,1925.04,1824.44,1956.26,1862.39,-63.09,-3.28,51755.0,784482.0,90.2,4.4,7164709.0,14838023.0
850713.SI,20260706,磨具磨料,4534.59,4376.23,4789.27,4563.24,45.21,1.0,48369.0,1359099.0,148.63,6.36,9095337.0,16974803.0
850715.SI,20260706,制冷空调设备,22120.85,21854.4,23582.02,22366.2,378.37,1.72,24231.0,1002736.0,62.1,3.83,10200207.0,21269217.0
850716.SI,20260706,其他通用设备,10274.56,9871.34,10723.65,10148.81,-88.77,-0.87,113520.0,2477918.0,49.76,4.06,22333178.0,43394506.0
850721.SI,20260706,纺织服装设备,1759.05,1675.78,1796.91,1697.31,-52.26,-2.99,24125.0,244265.0,47.17,2.86,3760702.0,8694979.0
850725.SI,20260706,能源及重型设备,2542.16,2466.72,2641.37,2542.06,8.87,0.35,96232.0,1638235.0,37.13,2.81,28797197.0,58989673.0
850726.SI,20260706,印刷包装机械,3953.16,3785.65,3976.07,3816.85,-154.66,-3.89,11005.0,164446.0,47.04,2.8,2754679.0,5164377.0
850727.SI,20260706,其他专用设备,26219.76,24936.92,27110.53,25601.6,-495.42,-1.9,111206.0,3859342.0,65.77,5.22,48229561.0,96563184.0
850728.SI,20260706,楼宇设备,14429.9,13879.21,14750.77,14058.59,-382.54,-2.65,13941.0,166719.0,36.45,2.03,3689933.0,8082910.0
850731.SI,20260706,仪器仪表,7722.77,7280.69,7924.39,7458.35,-235.42,-3.06,40867.0,2048708.0,132.7,6.99,27248190.0,67847766.0
850741.SI,20260706,电机Ⅲ,14551.3,13989.41,14839.49,14141.39,-373.63,-2.57,67049.0,1537328.0,54.1,3.56,13585189.0,32081426.0
850751.SI,20260706,金属制品,11193.9,10565.72,11513.36,10724.1,-495.9,-4.42,155915.0,4086993.0,72.7,3.75,38479221.0,86769847.0
850771.SI,20260706,工程机械整机,18878.59,18663.27,19408.25,19043.17,155.85,0.83,63457.0,793920.0,17.21,1.7,30174288.0,51861811.0
850772.SI,20260706,工程机械器件,6474.99,6125.46,6550.17,6180.39,-252.4,-3.92,8735.0,409434.0,58.96,7.87,7462845.0,22026350.0
850781.SI,20260706,机器人,17870.57,16914.75,18281.3,17105.55,-940.28,-5.21,67990.0,3360533.0,214.46,8.28,16475951.0,28654269.0
850782.SI,20260706,工控设备,6615.54,6307.99,6712.11,6412.32,-212.22,-3.2,54006.0,1877702.0,59.42,5.17,30556766.0,51152745.0
850783.SI,20260706,激光设备,17879.25,17058.81,18375.65,17400.27,-283.12,-1.6,22091.0,2003391.0,102.57,8.19,29333925.0,41033144.0
850784.SI,20260706,其他自动化设备,7108.24,6669.04,7210.96,6861.72,-233.13,-3.29,18619.0,992365.0,190.82,9.97,13921380.0,29674125.0
850812.SI,20260706,分立器件,5013.45,4702.02,5145.32,4909.3,-15.67,-0.32,51022.0,3677846.0,208.02,7.81,43883941.0,76260605.0
850813.SI,20260706,半导体材料,19367.32,17670.46,19689.57,18248.91,-899.39,-4.7,90707.0,6702926.0,261.03,9.92,48194593.0,127189655.0
850814.SI,20260706,数字芯片设计,7923.96,7397.21,8077.58,7761.03,33.8,0.44,109644.0,22583729.0,122.06,15.52,274062458.0,564108269.0
850815.SI,20260706,模拟芯片设计,5306.02,4994.69,5472.8,5256.62,9.92,0.19,41507.0,2788998.0,204.73,6.79,41200550.0,72100416.0
850817.SI,20260706,集成电路封测,13632.11,13036.49,14242.86,13666.86,512.38,3.9,105661.0,5756604.0,109.01,6.2,39752568.0,88024958.0
850818.SI,20260706,半导体设备,90008.71,84227.04,91868.58,88847.93,43.98,0.05,31048.0,6840261.0,149.68,17.59,132403892.0,253013497.0
850822.SI,20260706,印制电路板,22041.45,20242.83,22338.73,20981.87,-885.29,-4.05,170003.0,10959658.0,94.08,12.51,142755876.0,285822710.0
850823.SI,20260706,被动元件,24485.87,22810.52,25238.9,23143.95,-904.73,-3.76,61755.0,3584929.0,83.75,8.56,39915721.0,63532574.0
850831.SI,20260706,面板,1709.53,1607.25,1761.06,1620.83,-114.02,-6.57,757293.0,6765765.0,52.59,2.32,52100586.0,111516233.0
850832.SI,20260706,LED,2170.89,2033.08,2202.97,2064.16,-89.92,-4.17,122457.0,1642665.0,191.76,2.81,18509280.0,30493197.0
850833.SI,20260706,光学元件,6343.97,5939.18,6476.81,6048.0,-302.62,-4.77,50521.0,2538986.0,115.58,8.82,26417003.0,44211152.0
850841.SI,20260706,其他电子Ⅲ,21937.44,20982.51,22799.76,21563.19,50.71,0.24,80585.0,3322843.0,76.72,7.33,29308930.0,54799294.0
850853.SI,20260706,品牌消费电子,3348.97,3247.1,3405.8,3323.29,-22.38,-0.67,8076.0,307674.0,29.6,3.37,10256756.0,26220629.0
850854.SI,20260706,消费电子零部件及组装,8778.05,8293.49,8934.94,8506.88,-244.09,-2.79,258269.0,9153814.0,42.17,5.28,136726433.0,346208114.0
850861.SI,20260706,电子化学品Ⅲ,16180.85,15089.31,16618.14,15617.98,-352.31,-2.21,126892.0,6630827.0,131.31,8.58,55262952.0,93857301.0
850912.SI,20260706,商用载货车,3656.54,3574.86,3774.32,3622.28,-57.04,-1.55,35464.0,325559.0,40.42,2.15,8228664.0,17949756.0
850913.SI,20260706,商用载客车,8894.75,8745.52,9101.03,8990.05,91.59,1.03,8698.0,107332.0,13.29,3.34,4852814.0,8452008.0
850922.SI,20260706,车身附件及饰件,11153.04,10873.02,11482.29,11187.07,48.85,0.44,47015.0,1051407.0,18.96,2.21,23811591.0,45971584.0
850923.SI,20260706,底盘与发动机系统,7321.08,7143.3,7590.33,7248.31,-1.27,-0.02,211268.0,4627206.0,31.61,2.96,58922425.0,108907652.0
850924.SI,20260706,轮胎轮毂,3494.37,3443.19,3622.78,3551.06,54.24,1.55,34893.0,407627.0,16.89,1.49,10383362.0,24118942.0
850925.SI,20260706,其他汽车零部件,2988.6,2878.75,3060.52,2918.43,-75.89,-2.53,56363.0,1398511.0,39.0,2.48,17079714.0,36901973.0
850926.SI,20260706,汽车电子电气系统,4950.92,4772.93,5066.96,4807.96,-130.72,-2.65,57286.0,1262566.0,40.42,3.07,16946952.0,41891395.0
850935.SI,20260706,航海装备Ⅲ,3304.15,3297.51,3428.12,3379.84,68.46,2.07,37036.0,1101163.0,28.72,2.3,27001361.0,52350995.0
850936.SI,20260706,轨交设备Ⅲ,5584.24,5485.01,5690.39,5570.15,-8.96,-0.16,48449.0,458587.0,18.06,1.19,13554853.0,36253717.0
850952.SI,20260706,综合乘用车,5585.69,5530.01,5679.43,5616.33,36.21,0.65,33857.0,225473.0,18.01,0.66,9011596.0,32753102.0
851024.SI,20260706,通信网络设备及器件,53844.67,50589.39,54340.8,51859.49,-1503.39,-2.82,91818.0,11850279.0,82.67,15.62,221162946.0,331602456.0
851025.SI,20260706,通信线缆及配套,12407.8,11074.75,12503.86,11398.49,-664.09,-5.51,93994.0,5273320.0,85.37,7.0,43552271.0,74843341.0
851026.SI,20260706,通信终端及配件,2373.63,2242.48,2419.83,2302.52,-55.75,-2.36,48252.0,1347363.0,66.89,5.24,20576407.0,39481873.0
851027.SI,20260706,其他通信设备,1931.77,1823.83,1970.27,1870.58,-52.43,-2.73,10928.0,279396.0,88.82,3.99,4318337.0,8322950.0
851041.SI,20260706,垂直应用软件,4960.09,4784.77,5054.53,4857.93,-76.57,-1.55,124108.0,3572496.0,83.08,4.6,58647793.0,109107748.0
851042.SI,20260706,横向通用软件,22163.54,21663.76,22469.89,21892.62,-360.0,-1.62,38495.0,920852.0,81.1,3.34,28175028.0,49239807.0
851112.SI,20260706,空调,39145.01,38849.54,39921.76,39830.97,901.01,2.31,13445.0,673190.0,11.06,2.1,54015068.0,80211591.0
851116.SI,20260706,冰洗,11190.59,11068.96,11371.31,11180.88,-6.5,-0.06,19192.0,186476.0,11.36,1.58,9196144.0,17005332.0
851122.SI,20260706,其他黑色家电,2038.52,1940.99,2061.35,1968.75,-71.91,-3.52,7638.0,95761.0,66.66,2.71,2004200.0,3821964.0
851131.SI,20260706,厨房小家电,3205.65,3172.68,3299.39,3249.16,43.21,1.35,4382.0,49520.0,24.08,2.63,2039015.0,7427675.0
851141.SI,20260706,厨房电器,11903.61,11648.19,12127.35,11813.15,-84.02,-0.71,6201.0,65819.0,19.33,1.48,1517202.0,3313099.0
851151.SI,20260706,照明设备Ⅲ,4901.01,4606.74,4975.39,4696.25,-184.0,-3.77,16788.0,197941.0,55.99,2.05,2807349.0,8778776.0
851161.SI,20260706,家电零部件Ⅲ,7823.62,7507.33,7980.74,7611.42,-296.91,-3.75,67694.0,1821035.0,44.69,4.06,18738499.0,35826338.0
851232.SI,20260706,啤酒,3833.06,3794.7,3919.06,3884.83,49.5,1.29,5990.0,100645.0,17.35,2.54,4138149.0,11364549.0
851233.SI,20260706,其他酒类,3250.89,3204.94,3325.75,3259.27,22.74,0.7,8018.0,67610.0,43.58,2.11,2459112.0,5509181.0
851241.SI,20260706,肉制品,5416.38,5276.66,5505.87,5400.23,8.98,0.17,16001.0,150794.0,26.3,2.55,4163930.0,11039749.0
851242.SI,20260706,调味发酵品Ⅲ,5843.36,5737.35,5981.83,5878.81,52.23,0.9,26588.0,388261.0,26.94,3.32,12523349.0,32728757.0
851243.SI,20260706,乳品,7856.17,7782.85,8072.02,8021.28,148.59,1.89,24870.0,287675.0,15.06,2.46,17395919.0,23390310.0
851246.SI,20260706,预加工食品,3063.03,3017.98,3162.32,3137.13,78.38,2.56,4676.0,99925.0,20.29,1.68,3252526.0,5808025.0
851247.SI,20260706,保健品,937.35,918.76,957.79,932.0,-3.09,-0.33,13409.0,59719.0,32.23,1.69,2049945.0,5043896.0
851251.SI,20260706,白酒Ⅲ,33778.65,33596.61,34623.3,34326.22,352.64,1.04,19306.0,1272171.0,18.42,3.42,91831914.0,229385362.0
851271.SI,20260706,软饮料,2947.67,2897.51,3024.04,2956.17,3.91,0.13,7096.0,164342.0,23.6,3.97,7066218.0,17827148.0
851281.SI,20260706,零食,1558.23,1546.35,1602.85,1582.05,24.15,1.55,7070.0,89220.0,13.16,1.99,2780240.0,5928838.0
851282.SI,20260706,烘焙食品,970.41,956.22,996.18,975.44,3.55,0.37,4775.0,49124.0,26.09,1.96,1512460.0,3836982.0
851312.SI,20260706,棉纺,1915.19,1873.12,1956.8,1908.33,19.93,1.06,14241.0,100701.0,17.97,1.05,2158375.0,4446478.0
851314.SI,20260706,印染,1745.52,1682.99,1784.35,1706.69,-17.29,-1.0,7242.0,84339.0,17.41,1.41,657786.0,1679070.0
851315.SI,20260706,辅料,4927.75,4851.45,5170.19,4973.62,11.88,0.24,4307.0,105133.0,22.65,2.48,1130882.0,2146108.0
851316.SI,20260706,其他纺织,1806.75,1750.8,1848.95,1770.76,-36.55,-2.02,17625.0,169606.0,35.38,2.07,2956639.0,6814834.0
851325.SI,20260706,鞋帽及其他,981.2,949.92,1023.75,980.65,-11.22,-1.13,11431.0,187909.0,95.68,3.72,2173493.0,4528458.0
851326.SI,20260706,家纺,1659.98,1628.34,1698.1,1658.29,-8.65,-0.52,3951.0,36569.0,20.15,1.95,1181334.0,3076903.0
851329.SI,20260706,非运动服装,1511.12,1475.4,1541.18,1504.96,-4.51,-0.3,57855.0,318555.0,22.47,1.41,8392472.0,22123616.0
851331.SI,20260706,钟表珠宝,1368.0,1345.28,1410.44,1363.4,-12.84,-0.93,20299.0,199036.0,18.24,1.83,3862941.0,9707085.0
851412.SI,20260706,大宗用纸,3192.38,3148.15,3311.59,3235.01,19.58,0.61,36991.0,178530.0,22.16,0.95,4649150.0,8504302.0
851413.SI,20260706,特种纸,1535.95,1489.83,1569.28,1531.76,1.23,0.08,24539.0,195005.0,41.08,1.69,2951332.0,6469268.0
851422.SI,20260706,印刷,3428.34,3357.78,3506.24,3402.64,-35.57,-1.03,2684.0,20348.0,50.03,2.88,598359.0,1172801.0
851423.SI,20260706,金属包装,2051.14,1989.17,2139.28,2031.67,-14.78,-0.72,17290.0,170579.0,34.3,2.23,2517200.0,5549522.0
851424.SI,20260706,塑料包装,3394.54,3329.89,3499.38,3369.79,-32.88,-0.97,8884.0,117564.0,21.84,2.83,2263753.0,4536433.0
851425.SI,20260706,纸包装,2327.91,2224.38,2375.1,2244.11,-76.43,-3.29,30304.0,304693.0,53.46,2.3,6016226.0,12335619.0
851436.SI,20260706,瓷砖地板,850.42,826.74,878.61,847.42,-3.49,-0.41,16162.0,227904.0,56.42,1.72,2588978.0,8508884.0
851437.SI,20260706,成品家居,1230.43,1191.7,1252.79,1224.95,-22.47,-1.8,14309.0,152340.0,22.75,1.78,3891527.0,10203267.0
851438.SI,20260706,定制家居,1435.99,1407.72,1468.57,1437.14,-4.46,-0.31,5284.0,77914.0,20.88,1.35,2356582.0,6431537.0
851439.SI,20260706,卫浴制品,470.55,457.71,475.93,461.18,-10.13,-2.15,3319.0,29107.0,47.32,1.52,883535.0,3461044.0
851452.SI,20260706,娱乐用品,1469.1,1442.04,1501.2,1460.53,-11.71,-0.8,7346.0,95602.0,80.52,3.47,2282739.0,5455971.0
851491.SI,20260706,其他家居用品,1479.53,1451.74,1525.02,1479.35,-1.3,-0.09,13477.0,182626.0,29.85,2.6,4629640.0,17821857.0
851511.SI,20260706,原料药,10410.6,10214.44,10890.86,10479.7,7.74,0.07,78535.0,1334152.0,50.23,2.6,16332137.0,33968475.0
851512.SI,20260706,化学制剂,8435.55,8307.37,9041.12,8638.66,114.17,1.34,324355.0,6938697.0,40.92,3.35,88317245.0,175978950.0
851521.SI,20260706,中药Ⅲ,5418.92,5355.01,5565.79,5492.63,67.71,1.25,111315.0,1203439.0,22.79,1.89,37691455.0,74775933.0
851522.SI,20260706,血液制品,5772.92,5724.9,5964.11,5871.74,82.41,1.42,13820.0,123290.0,29.74,1.27,4463920.0,9994611.0
851523.SI,20260706,疫苗,9676.59,9616.14,10023.45,9798.56,75.69,0.78,21288.0,341463.0,60.26,1.7,8908992.0,16062553.0
851524.SI,20260706,其他生物制品,10173.3,10032.54,10821.91,10391.07,149.71,1.46,47909.0,1458561.0,43.09,3.25,19287294.0,43659555.0
851532.SI,20260706,医疗设备,8362.76,8140.38,8550.36,8318.18,-66.67,-0.8,31212.0,1107863.0,36.4,3.2,26317336.0,55136214.0
851533.SI,20260706,医疗耗材,5434.34,5341.47,5613.01,5483.59,32.4,0.59,37393.0,863661.0,34.94,2.25,19805864.0,43081399.0
851534.SI,20260706,体外诊断,7132.26,6966.81,7390.35,7122.15,-27.83,-0.39,24072.0,598728.0,38.88,1.65,12930398.0,27051249.0
851542.SI,20260706,医药流通,2477.85,2446.46,2540.81,2509.76,30.11,1.21,43843.0,290734.0,17.68,1.04,7836555.0,21133323.0
851543.SI,20260706,线下药店,10463.86,10330.3,10708.76,10596.54,90.96,0.87,6335.0,93654.0,16.42,1.61,3245807.0,7524086.0
851563.SI,20260706,医疗研发外包,14417.55,14265.73,15299.94,14596.27,34.84,0.24,67190.0,3229524.0,25.17,3.65,43336988.0,66599795.0
851564.SI,20260706,医院,3877.47,3829.64,3966.01,3891.51,-2.49,-0.06,47497.0,459817.0,40.12,3.29,10059667.0,18643234.0
851610.SI,20260706,电能综合服务,2886.97,2834.61,2920.05,2878.64,-7.71,-0.27,70598.0,285439.0,36.9,1.09,9658970.0,23909963.0
851611.SI,20260706,火力发电,3153.36,3089.65,3195.5,3126.5,-37.26,-1.18,234859.0,1747369.0,13.28,1.17,26331873.0,90993158.0
851612.SI,20260706,水力发电,5116.63,5077.62,5178.92,5163.79,27.38,0.53,47924.0,578396.0,18.44,2.43,36031205.0,119685500.0
851614.SI,20260706,热力服务,2557.21,2445.36,2587.54,2471.38,-72.31,-2.84,43044.0,425041.0,41.29,2.23,6025868.0,13857259.0
851616.SI,20260706,光伏发电,918.67,896.92,935.12,904.17,-14.08,-1.53,66861.0,347512.0,72.95,1.44,7451435.0,12781981.0
851617.SI,20260706,风力发电,1227.27,1208.74,1244.64,1224.63,-1.17,-0.1,55454.0,310732.0,36.82,1.32,10956227.0,53754019.0
851631.SI,20260706,燃气Ⅲ,3057.1,2972.09,3128.8,3067.28,7.67,0.25,33596.0,411025.0,23.23,1.82,9616894.0,25647720.0
851711.SI,20260706,港口,3670.78,3636.43,3739.2,3721.49,51.34,1.4,45390.0,190302.0,13.6,0.89,8041926.0,46354625.0
851721.SI,20260706,公交,2195.77,2145.26,2226.51,2163.84,-34.91,-1.59,4877.0,28627.0,62.3,1.27,1147071.0,2251666.0
851731.SI,20260706,高速公路,3031.26,2999.38,3102.42,3082.37,51.95,1.71,21866.0,128936.0,14.61,0.92,7963086.0,33058492.0
851741.SI,20260706,航空运输,1760.37,1746.3,1795.93,1775.13,21.44,1.22,67724.0,342221.0,26.77,2.83,13565431.0,38464160.0
851761.SI,20260706,航运,2569.1,2519.33,2612.38,2565.73,44.91,1.78,91678.0,886124.0,13.59,1.47,19071384.0,57619288.0
851771.SI,20260706,铁路运输,753.38,745.4,763.97,761.43,7.25,0.96,37141.0,193797.0,16.78,0.77,10781877.0,36489869.0
851782.SI,20260706,原材料供应链服务,2651.18,2627.18,2760.05,2733.32,86.92,3.28,24855.0,126373.0,17.84,0.52,5118155.0,11025044.0
851783.SI,20260706,中间产品及消费品供应链服务,1017.8,1003.49,1060.36,1014.53,0.79,0.08,10269.0,150669.0,66.23,2.43,1444677.0,2944163.0
851784.SI,20260706,快递,2236.62,2230.27,2301.8,2279.74,37.7,1.68,14785.0,252265.0,14.14,1.6,11483768.0,26390519.0
851785.SI,20260706,跨境物流,1348.9,1330.21,1387.49,1365.11,20.0,1.49,11635.0,100393.0,14.5,1.53,3886074.0,15069372.0
851786.SI,20260706,仓储物流,3185.48,3087.44,3230.01,3156.0,-17.65,-0.56,6844.0,126148.0,27.74,1.35,1795268.0,3538567.0
851787.SI,20260706,公路货运,2206.22,2157.05,2229.44,2183.7,-18.44,-0.84,4078.0,22098.0,32.68,1.03,865951.0,2224967.0
851811.SI,20260706,住宅开发,2067.88,2028.45,2119.75,2076.52,22.93,1.12,316196.0,1252093.0,15.47,0.71,27784557.0,56738799.0
851812.SI,20260706,商业地产,2211.77,2188.9,2268.42,2239.12,24.39,1.1,28035.0,118931.0,70.66,0.63,5238560.0,17275866.0
851813.SI,20260706,产业地产,2514.79,2476.12,2567.48,2502.94,1.95,0.08,14244.0,143443.0,39.9,1.69,4889926.0,12497992.0
851831.SI,20260706,物业管理,532.03,521.38,548.11,532.5,-1.44,-0.27,12444.0,48640.0,32.48,1.87,1339458.0,2900648.0
851922.SI,20260706,金融控股,2141.61,2106.23,2158.2,2129.62,-3.3,-0.15,19957.0,128909.0,20.02,0.8,4871679.0,19725032.0
851927.SI,20260706,资产管理,2014.74,1981.12,2053.82,2007.53,-0.06,0.0,4090.0,43613.0,42.92,2.32,1459702.0,3964442.0
851931.SI,20260706,证券Ⅲ,6687.06,6512.69,6727.22,6602.35,35.12,0.53,384645.0,5089886.0,16.33,1.26,165632230.0,337926842.0
851941.SI,20260706,保险Ⅲ,1111.5,1104.67,1136.19,1132.02,19.46,1.75,34257.0,1147560.0,6.57,0.97,67768334.0,194125698.0
852021.SI,20260706,贸易Ⅲ,4210.75,4073.08,4270.73,4118.0,-71.24,-1.7,24463.0,181732.0,22.31,1.3,3998965.0,12916815.0
852031.SI,20260706,百货,2028.28,1991.14,2057.13,2007.6,-23.08,-1.14,36031.0,171479.0,149.41,1.21,5625224.0,11471696.0
852032.SI,20260706,超市,8004.12,7899.34,8353.31,8219.76,174.45,2.17,33165.0,198730.0,37.16,3.78,4604321.0,10393334.0
852033.SI,20260706,多业态零售,1652.45,1624.44,1679.67,1652.89,-1.47,-0.09,19608.0,108822.0,22.88,1.01,3367304.0,6478558.0
852034.SI,20260706,商业物业经营,2414.52,2377.69,2456.05,2414.19,-7.7,-0.32,32176.0,206279.0,28.59,1.29,7001791.0,17201151.0
852041.SI,20260706,专业连锁Ⅲ,3398.49,3333.73,3446.53,3368.8,-35.17,-1.03,7716.0,65706.0,55.76,2.56,2439930.0,4265167.0
852062.SI,20260706,跨境电商,653.64,635.83,669.56,646.24,-9.95,-1.52,11131.0,111937.0,38.26,4.18,2330930.0,4646701.0
852063.SI,20260706,电商服务,2372.48,2290.39,2419.04,2344.63,-25.82,-1.09,10376.0,142354.0,105.12,3.06,2300171.0,4035680.0
852111.SI,20260706,人工景区,25891.14,25804.1,26370.74,26117.65,228.08,0.88,5638.0,52244.0,33.1,1.79,1778924.0,3166523.0
852112.SI,20260706,自然景区,2088.73,2055.48,2123.37,2082.77,6.5,0.31,11345.0,111198.0,39.69,2.55,2872759.0,6137152.0
852121.SI,20260706,酒店,2184.99,2166.65,2246.33,2222.84,35.47,1.62,5005.0,58629.0,19.87,1.23,1855653.0,4089800.0
852131.SI,20260706,旅游综合,10755.71,10595.43,10933.5,10669.26,-114.53,-1.06,6095.0,35782.0,88.15,3.02,1569347.0,3128156.0
852182.SI,20260706,检测服务,5162.62,4970.51,5278.55,5092.97,-42.15,-0.82,19708.0,393958.0,39.83,3.44,7813109.0,15803043.0
852183.SI,20260706,会展服务,1884.29,1848.37,1934.09,1861.34,-12.17,-0.65,1608.0,20454.0,28.87,1.84,547933.0,1458599.0
852213.SI,20260706,通信工程及服务,902.69,854.9,916.93,859.78,-41.27,-4.58,26967.0,393833.0,655.45,3.47,5510659.0,8934091.0
852214.SI,20260706,通信应用增值服务,2740.91,2585.7,2763.26,2616.56,-119.52,-4.37,48987.0,957889.0,53.64,4.84,14298427.0,27243675.0
852226.SI,20260706,IT服务Ⅲ,4239.41,4074.82,4321.4,4161.17,-70.74,-1.67,255559.0,4533473.0,112.16,3.32,77808990.0,130155705.0
852311.SI,20260706,综合Ⅲ,4527.99,4400.02,4640.68,4507.61,-0.22,0.0,45497.0,569655.0,98.62,2.93,10444260.0,20845235.0
857111.SI,20260706,水泥制造,3955.07,3903.07,4033.37,3970.12,2.41,0.06,24265.0,241796.0,18.73,0.6,8848618.0,19676485.0
857112.SI,20260706,水泥制品,874.47,848.88,894.29,873.15,2.81,0.32,10044.0,50688.0,244.35,1.7,1028942.0,2106619.0
857121.SI,20260706,玻璃制造,3398.03,3168.64,3424.93,3183.66,-204.7,-6.04,42671.0,243096.0,206.97,1.34,2909167.0,5471777.0
857122.SI,20260706,玻纤制造,145573.54,129791.19,147787.74,130310.1,-14321.67,-9.9,82418.0,3778874.0,75.86,7.52,26193916.0,80402683.0
857221.SI,20260706,装修装饰Ⅲ,4357.61,4190.81,4439.1,4240.25,-106.04,-2.44,44468.0,255400.0,74.31,2.58,5320565.0,11523002.0
857236.SI,20260706,基建市政工程,1605.4,1586.29,1624.05,1608.55,2.01,0.13,86548.0,393695.0,8.52,0.45,22012086.0,62372376.0
857241.SI,20260706,钢结构,2240.21,2202.93,2287.56,2229.85,-2.9,-0.13,13668.0,73351.0,26.79,1.15,2685317.0,5664249.0
857242.SI,20260706,化学工程,1296.4,1274.79,1327.98,1294.16,1.21,0.09,14328.0,123281.0,9.77,0.9,3680426.0,7493306.0
857243.SI,20260706,国际工程,1277.06,1240.71,1285.88,1253.1,-29.93,-2.33,10411.0,91402.0,11.76,0.88,1869303.0,4936850.0
857244.SI,20260706,其他专业工程,2903.42,2745.48,2953.72,2814.16,-70.96,-2.46,39784.0,692601.0,69.13,1.45,9450105.0,23759410.0
857251.SI,20260706,园林工程,5639.09,5479.44,5849.93,5566.62,-63.65,-1.13,44620.0,140699.0,1207.7,2.48,2287149.0,4332357.0
857261.SI,20260706,工程咨询服务Ⅲ,2451.76,2314.67,2520.29,2354.3,-89.13,-3.65,61115.0,1440306.0,51.43,2.13,10342452.0,21858211.0
857321.SI,20260706,电网自动化设备,8424.63,8212.26,8665.51,8354.04,-26.06,-0.31,45812.0,1025327.0,30.81,3.73,24459465.0,49855126.0
857323.SI,20260706,电工仪器仪表,8352.07,8137.64,8613.25,8269.3,-68.22,-0.82,13999.0,314842.0,31.58,1.99,3989507.0,8622529.0
857334.SI,20260706,火电设备,4028.12,3912.77,4100.29,3960.7,-65.95,-1.64,5552.0,56222.0,26.03,2.06,1224896.0,2438127.0
857336.SI,20260706,其他电源设备Ⅲ,2330.59,2287.67,2471.09,2350.31,34.23,1.48,45526.0,1994819.0,100.38,5.15,26474682.0,50530027.0
857344.SI,20260706,线缆部件及其他,14490.92,13634.58,14738.81,13769.74,-677.63,-4.69,111381.0,1749998.0,56.11,3.43,19046805.0,36645464.0
857352.SI,20260706,光伏电池组件,1031.5,984.61,1045.35,994.05,-37.97,-3.68,106943.0,1166951.0,145.33,2.26,22586134.0,41402135.0
857354.SI,20260706,光伏辅材,928.09,877.85,944.4,897.38,-25.63,-2.78,24772.0,600763.0,69.66,2.49,9126861.0,18159294.0
857355.SI,20260706,光伏加工设备,2554.1,2385.23,2602.79,2421.29,-107.87,-4.27,16790.0,1102622.0,51.25,4.25,15702887.0,32079790.0
857362.SI,20260706,风电零部件,7828.4,7481.24,7990.42,7544.78,-254.07,-3.26,44352.0,795460.0,36.77,1.9,12438967.0,24316059.0
857371.SI,20260706,锂电池,29432.58,28718.51,29825.46,28805.11,-595.39,-2.03,89291.0,4450960.0,24.74,4.11,142240007.0,241255078.0
857372.SI,20260706,电池化学品,19243.83,18604.64,19959.91,18904.32,-516.79,-2.66,117196.0,3677343.0,45.37,2.89,57287713.0,95340281.0
857373.SI,20260706,锂电专用设备,18343.36,17678.52,18750.09,17927.27,-379.84,-2.07,20102.0,660910.0,50.22,3.73,10833308.0,20706120.0
857375.SI,20260706,蓄电池及其他电池,1902.16,1788.98,1922.91,1795.66,-94.94,-5.02,16162.0,327752.0,37.28,2.44,3777380.0,8195240.0
857381.SI,20260706,输变电设备,7870.32,7740.23,8140.91,7843.72,10.28,0.13,60669.0,1375963.0,30.46,2.86,34295916.0,56576497.0
857382.SI,20260706,配电设备,2352.11,2282.55,2395.48,2301.26,-43.15,-1.84,34050.0,468769.0,24.44,1.87,8870130.0,19103274.0
857411.SI,20260706,航天装备Ⅲ,34431.39,32191.98,35042.34,32479.1,-1429.17,-4.21,36660.0,1425170.0,473.89,5.94,14269529.0,46577725.0
857421.SI,20260706,航空装备Ⅲ,9073.48,8734.33,9219.85,8807.3,-244.52,-2.7,68688.0,2041263.0,69.27,3.31,46937199.0,95467301.0
857431.SI,20260706,地面兵装Ⅲ,16306.35,15756.33,16673.87,15991.86,-361.04,-2.21,30180.0,502365.0,118.94,3.11,6817455.0,13895015.0
857451.SI,20260706,军工电子Ⅲ,7280.63,6860.12,7502.86,7044.61,-127.7,-1.78,123261.0,4606457.0,109.06,5.08,56356844.0,118492765.0
857641.SI,20260706,游戏Ⅲ,2795.35,2760.3,2916.09,2835.08,33.07,1.18,100963.0,1668684.0,24.28,3.21,32708795.0,48061048.0
857651.SI,20260706,营销代理,2295.2,2178.67,2341.91,2183.64,-119.5,-5.19,132345.0,1303436.0,176.51,3.66,13431774.0,17781712.0
857661.SI,20260706,影视动漫制作,1073.21,1053.85,1100.86,1067.01,-16.05,-1.48,55890.0,378879.0,192.34,2.44,7015765.0,13845253.0
857674.SI,20260706,门户网站,1408.24,1375.01,1421.13,1381.44,-22.05,-1.57,7459.0,89030.0,84.06,3.53,2127635.0,4830954.0
857691.SI,20260706,教育出版,170.59,169.12,175.61,174.39,3.73,2.18,9571.0,75222.0,12.87,1.15,3125763.0,11126803.0
857692.SI,20260706,大众出版,1844.02,1806.59,1885.8,1826.63,-25.3,-1.37,19395.0,202785.0,42.11,1.77,4834608.0,12960984.0
857821.SI,20260706,国有大型银行Ⅲ,1778.38,1763.54,1815.02,1811.8,25.69,1.44,143549.0,920097.0,6.89,0.57,69038115.0,622946187.0
857831.SI,20260706,股份制银行Ⅲ,3904.51,3884.53,4004.42,3996.73,79.82,2.04,127048.0,1057719.0,5.32,0.42,94292745.0,237239729.0
857841.SI,20260706,城商行Ⅲ,990.96,985.02,1016.88,1012.55,20.53,2.07,91048.0,708991.0,5.69,0.51,59627114.0,119583965.0
857851.SI,20260706,农商行Ⅲ,716.85,712.66,739.54,738.22,18.45,2.56,38101.0,180699.0,5.51,0.51,13860581.0,23084482.0
858811.SI,20260706,其他运输设备,1547.21,1514.27,1581.85,1535.53,-9.84,-0.64,3149.0,41243.0,19.64,2.21,1341504.0,3567932.0
858812.SI,20260706,摩托车,4192.93,4163.21,4481.84,4363.49,152.58,3.62,9518.0,286065.0,26.13,3.27,6908663.0,15380892.0
859511.SI,20260706,动力煤,1894.01,1880.24,2004.66,1990.68,86.65,4.55,77086.0,1053642.0,16.44,1.76,30593935.0,146277353.0
859512.SI,20260706,焦煤,4135.19,4072.2,4293.14,4271.2,137.5,3.33,40152.0,319307.0,34.38,0.87,8985470.0,22948354.0
859521.SI,20260706,焦炭Ⅲ,1067.67,1057.85,1089.54,1084.97,16.7,1.56,20726.0,63839.0,543.2,1.17,2366573.0,4545476.0
859621.SI,20260706,油田服务,683.72,670.74,694.71,682.39,1.27,0.19,20619.0,115041.0,20.06,1.83,2982431.0,11209283.0
859622.SI,20260706,油气及炼化工程,2875.93,2830.07,2925.11,2861.75,-18.95,-0.66,14335.0,87987.0,27.25,1.16,2802690.0,6255210.0
859631.SI,20260706,炼油化工,3077.85,3058.21,3215.01,3166.7,107.63,3.52,97687.0,883897.0,16.89,1.14,25946749.0,237902547.0
859632.SI,20260706,油品石化贸易,5954.17,5833.21,6195.98,6084.18,139.09,2.34,21931.0,179216.0,35.36,1.65,3114241.0,6262146.0
859633.SI,20260706,其他石化,2502.59,2481.24,2644.41,2562.17,47.26,1.88,30144.0,264391.0,32.55,1.49,6644378.0,11675584.0
859711.SI,20260706,大气治理,2704.85,2586.45,2752.04,2597.27,-125.5,-4.61,4041.0,43788.0,133.54,3.06,657195.0,1539311.0
859712.SI,20260706,水务及水治理,1357.44,1323.91,1388.88,1350.91,-1.11,-0.08,65165.0,580389.0,21.39,1.1,12193031.0,27721570.0
859713.SI,20260706,固废治理,2401.52,2311.71,2474.07,2349.41,-35.41,-1.48,71440.0,857740.0,20.87,1.75,14344816.0,32591860.0
859714.SI,20260706,综合环境治理,1672.1,1591.78,1719.75,1614.91,-43.46,-2.62,32274.0,202064.0,69.7,2.27,3898383.0,6912373.0
859721.SI,20260706,环保设备Ⅲ,2423.54,2321.4,2476.85,2352.13,-65.62,-2.71,38803.0,593372.0,43.57,2.56,8977034.0,17504864.0
859811.SI,20260706,生活用纸,1138.58,1115.05,1158.76,1133.6,-9.38,-0.82,4258.0,63409.0,25.51,1.79,1857197.0,4978112.0
859821.SI,20260706,化妆品制造及其他,2414.79,2367.15,2455.87,2397.85,-7.17,-0.3,3663.0,34557.0,51.86,2.54,1004365.0,1882290.0
859822.SI,20260706,品牌化妆品,6993.05,6815.4,7131.04,6952.86,-50.69,-0.72,8112.0,187257.0,25.1,2.48,3185084.0,9222585.0
859852.SI,20260706,培训教育,537.46,519.82,550.57,526.11,3.98,0.76,27205.0,175290.0,70.39,6.99,3760105.0,5982757.0
859951.SI,20260706,电视广播Ⅲ,944.22,929.25,959.29,936.57,-8.55,-0.9,29483.0,156265.0,59.69,1.03,6003885.0,12965266.0
801001.SI,20260707,申万50,4073.59,4025.45,4114.05,4073.33,-35.29,-0.86,703441.0,44646934.0,26.75,3.72,1217108897.0,2438733221.0
801002.SI,20260707,申万中小,8665.05,8511.27,8710.18,8566.96,-124.53,-1.43,2783080.0,49480509.0,33.74,2.86,852682377.0,1558400090.0
801003.SI,20260707,申万Ａ指,4963.61,4880.2,4986.99,4907.54,-83.03,-1.66,11889980.0,257423016.0,24.25,2.22,4937682055.0,11340791837.0
801005.SI,20260707,申万创业,4412.77,4315.94,4445.31,4353.3,-76.24,-1.72,1933065.0,62534420.0,47.15,5.01,943005714.0,2042410427.0
801010.SI,20260707,农林牧渔,2387.2,2345.91,2389.41,2364.31,-36.34,-1.51,200812.0,1700761.0,38.65,2.13,53789886.0,114179801.0
801012.SI,20260707,农产品加工,2022.15,1954.48,2036.14,1974.45,-45.41,-2.25,19987.0,173741.0,36.34,1.79,6859941.0,25257776.0
801014.SI,20260707,饲料,3571.98,3508.02,3638.68,3572.93,-28.76,-0.8,38377.0,274587.0,47.25,2.03,9887368.0,20499428.0
801015.SI,20260707,渔业,625.8,606.23,630.33,610.73,-17.27,-2.75,6711.0,22040.0,127.77,2.09,886057.0,1468790.0
801016.SI,20260707,种植业,2145.91,2077.96,2155.33,2088.06,-57.26,-2.67,35884.0,215493.0,33.67,1.97,6519839.0,12958812.0
801017.SI,20260707,养殖业,2611.14,2561.77,2642.9,2604.84,-27.72,-1.05,71829.0,800181.0,35.17,2.33,24744609.0,45955369.0
801018.SI,20260707,动物保健Ⅱ,4385.68,4271.68,4435.24,4321.4,-88.66,-2.01,7450.0,94479.0,42.36,1.94,3162380.0,5334282.0
801030.SI,20260707,基础化工,4703.81,4566.23,4714.84,4576.34,-129.15,-2.74,767761.0,14226838.0,30.74,2.33,232090733.0,478145077.0
801032.SI,20260707,化学纤维,4715.81,4531.41,4791.37,4571.04,-182.61,-3.84,66144.0,537910.0,40.05,1.74,10031626.0,26825019.0
801033.SI,20260707,化学原料,3395.95,3238.06,3426.29,3265.96,-137.24,-4.03,154353.0,1912897.0,30.1,1.72,34404931.0,75682827.0
801034.SI,20260707,化学制品,7237.17,6969.52,7380.74,7064.82,-151.71,-2.1,270741.0,6383598.0,30.12,2.42,90160152.0,182844676.0
801036.SI,20260707,塑料,5678.99,5473.58,5860.4,5562.79,-131.01,-2.3,116206.0,2615258.0,72.06,3.82,38399150.0,77399560.0
801037.SI,20260707,橡胶,5523.76,5311.49,5680.73,5458.73,-77.38,-1.4,24221.0,498972.0,67.76,3.03,6165648.0,13183316.0
801038.SI,20260707,农化制品,5137.35,4941.16,5184.88,4968.23,-172.16,-3.35,126567.0,1686102.0,19.56,2.09,46400164.0,87862826.0
801039.SI,20260707,非金属材料Ⅱ,7931.28,7631.11,8159.51,7790.55,-200.51,-2.51,9530.0,592100.0,70.04,4.27,6529062.0,14346854.0
801040.SI,20260707,钢铁,2183.99,2132.84,2183.99,2148.05,-38.19,-1.75,182871.0,720919.0,28.39,0.96,27620130.0,80728638.0
801043.SI,20260707,冶钢原料,3258.66,3183.8,3308.6,3208.27,-48.17,-1.48,32394.0,216659.0,43.74,1.8,5953261.0,16737367.0
801044.SI,20260707,普钢,1998.36,1954.63,2018.9,1982.51,-21.24,-1.06,126636.0,323209.0,35.0,0.74,14645128.0,44998091.0
801045.SI,20260707,特钢Ⅱ,3912.99,3751.7,3939.01,3777.65,-131.69,-3.37,23841.0,181051.0,16.78,1.21,7021741.0,18993180.0
801050.SI,20260707,有色金属,8280.32,8108.93,8345.93,8140.89,-230.28,-2.75,613893.0,13796062.0,20.9,3.13,258806591.0,487840413.0
801051.SI,20260707,金属新材料,11195.16,10846.72,11609.63,11042.42,-194.27,-1.73,65120.0,1573280.0,79.16,4.79,20931970.0,41740067.0
801053.SI,20260707,贵金属,21365.3,20882.07,21763.3,20972.41,-1021.29,-4.64,70172.0,1316611.0,19.2,3.33,23216642.0,42726255.0
801054.SI,20260707,小金属,42413.56,40970.93,43399.8,41493.71,-1354.03,-3.16,96268.0,4460682.0,57.9,5.8,56214089.0,131293953.0
801055.SI,20260707,工业金属,3051.85,2986.51,3094.51,3011.74,-82.7,-2.67,343317.0,4364942.0,14.34,2.54,126398223.0,224295371.0
801056.SI,20260707,能源金属,20786.39,20102.67,21145.54,20293.5,-327.36,-1.59,39017.0,2080548.0,30.42,2.69,32045666.0,47784768.0
801072.SI,20260707,通用设备,9379.0,9005.24,9709.32,9159.24,-253.48,-2.69,419616.0,9962245.0,75.93,4.46,111446685.0,244721534.0
801074.SI,20260707,专用设备,13376.35,12849.58,13709.2,13103.27,-315.78,-2.35,235249.0,5105657.0,47.79,3.53,86562371.0,177317320.0
801076.SI,20260707,轨交设备Ⅱ,5571.91,5408.29,5612.91,5449.37,-124.24,-2.23,37098.0,414747.0,17.66,1.16,13252709.0,35475146.0
801077.SI,20260707,工程机械,22927.16,22577.39,23664.22,22795.49,205.64,0.91,86494.0,1241570.0,19.99,2.0,37979756.0,74295988.0
801078.SI,20260707,自动化设备,24579.2,23836.13,25421.53,24448.48,-223.4,-0.91,140583.0,6662989.0,93.63,6.92,89470496.0,148820794.0
801080.SI,20260707,电子,10721.21,10601.54,10974.64,10790.54,-74.1,-0.68,1775416.0,82921650.0,94.88,7.97,1135490132.0,2314526274.0
801081.SI,20260707,半导体,12525.6,12233.96,13223.69,12765.69,-15.59,-0.12,460854.0,46072452.0,145.54,11.41,631218712.0,1274407526.0
801082.SI,20260707,其他电子Ⅱ,21397.39,20266.33,21773.23,20594.83,-916.55,-4.26,74296.0,2925104.0,73.27,7.0,28060139.0,52480143.0
801083.SI,20260707,元件,25734.75,24676.17,26668.14,25572.6,-289.21,-1.12,205195.0,12468941.0,90.58,11.24,180628790.0,343963012.0
801084.SI,20260707,光学光电子,2222.09,2146.22,2281.07,2194.17,-42.09,-1.88,716195.0,8229363.0,72.35,2.95,95220720.0,180743398.0
801085.SI,20260707,消费电子,11449.89,11137.94,11790.15,11347.36,-147.95,-1.29,212833.0,7918472.0,40.51,5.02,145089994.0,369220885.0
801086.SI,20260707,电子化学品Ⅱ,15450.64,15039.41,16113.0,15613.34,-4.62,-0.03,106042.0,5307318.0,131.51,8.59,55271776.0,93711311.0
801092.SI,20260707,汽车服务,436.24,422.06,446.74,426.26,-8.94,-2.05,10651.0,74413.0,39.04,1.64,2231120.0,5022309.0
801093.SI,20260707,汽车零部件,7932.05,7687.87,8140.32,7771.13,-166.47,-2.1,314653.0,6337999.0,26.8,2.48,124477428.0,252193373.0
801095.SI,20260707,乘用车,14112.23,13809.06,14295.99,13885.19,-223.8,-1.59,40112.0,679873.0,24.27,1.59,34681322.0,91654263.0
801096.SI,20260707,商用车,6872.2,6635.57,6961.34,6680.07,-186.24,-2.71,37559.0,372111.0,21.99,2.42,12726663.0,25763678.0
801101.SI,20260707,计算机设备,2969.09,2905.89,3056.1,2949.42,-36.99,-1.24,119336.0,3551147.0,39.73,3.65,66010451.0,125608611.0
801102.SI,20260707,通信设备,11198.68,10917.07,11525.09,11249.64,27.01,0.24,211793.0,16841345.0,82.06,11.44,290306957.0,454031910.0
801103.SI,20260707,IT服务Ⅱ,4750.5,4574.18,4817.22,4614.09,-168.24,-3.52,216145.0,3815720.0,108.19,3.2,75071677.0,125778553.0
801104.SI,20260707,软件开发,5570.83,5416.59,5652.45,5462.99,-130.6,-2.33,149571.0,3680916.0,80.37,3.98,84800274.0,154816131.0
801110.SI,20260707,家用电器,8607.67,8477.81,8642.83,8497.19,-148.61,-1.72,141921.0,2628402.0,14.57,2.19,100515173.0,178797345.0
801111.SI,20260707,白色家电,18377.5,18140.84,18529.08,18233.94,-249.2,-1.35,23862.0,589483.0,10.96,1.98,62358980.0,95886758.0
801112.SI,20260707,黑色家电,2061.86,2010.83,2124.69,2057.81,-14.8,-0.71,33391.0,372656.0,31.37,2.22,8352274.0,15547950.0
801113.SI,20260707,小家电,3896.11,3777.18,3944.2,3800.98,-92.96,-2.39,10558.0,198132.0,22.01,2.3,6359289.0,18429491.0
801114.SI,20260707,厨卫电器,7649.91,7371.16,7713.24,7422.6,-235.61,-3.08,7637.0,71317.0,19.84,1.41,1914577.0,4616247.0
801115.SI,20260707,照明设备Ⅱ,4689.93,4483.22,4746.37,4545.27,-150.99,-3.22,11110.0,119659.0,54.14,1.98,2728370.0,8511380.0
801116.SI,20260707,家电零部件Ⅱ,7593.58,7341.6,7767.79,7396.83,-214.58,-2.82,53068.0,1263845.0,43.47,3.94,18210217.0,34851956.0
801120.SI,20260707,食品饮料,13297.74,13089.15,13300.4,13108.85,-239.86,-1.8,148394.0,2289645.0,18.73,2.96,147166546.0,347575769.0
801124.SI,20260707,食品加工,12446.74,12141.58,12545.13,12240.43,-242.98,-1.95,40229.0,240560.0,24.29,1.94,9282146.0,21494808.0
801125.SI,20260707,白酒Ⅱ,34152.15,33573.91,34235.61,33608.48,-717.74,-2.09,17181.0,998699.0,18.04,3.35,89911756.0,224704296.0
801126.SI,20260707,非白酒,3288.65,3189.79,3320.87,3217.15,-57.77,-1.76,15581.0,182216.0,21.97,2.32,6480893.0,16606470.0
801127.SI,20260707,饮料乳品,6698.97,6611.58,6780.28,6683.66,-41.1,-0.61,37454.0,393279.0,16.72,2.75,24312649.0,40794008.0
801128.SI,20260707,休闲食品,1624.08,1570.94,1630.93,1584.81,-41.49,-2.55,13181.0,136640.0,17.47,1.87,4851315.0,11666005.0
801129.SI,20260707,调味发酵品Ⅱ,6710.1,6557.71,6785.99,6608.45,-104.83,-1.56,24768.0,338250.0,26.52,3.27,12327787.0,32310182.0
801130.SI,20260707,纺织服饰,1567.01,1525.92,1567.19,1527.91,-41.61,-2.65,126193.0,1081191.0,24.23,1.7,24428891.0,59683232.0
801131.SI,20260707,纺织制造,1709.18,1637.98,1734.34,1649.95,-55.76,-3.27,41569.0,387013.0,21.67,1.54,7128897.0,18187401.0
801132.SI,20260707,服装家纺,1561.77,1511.11,1584.24,1530.13,-33.45,-2.14,67781.0,557339.0,28.29,1.79,13256695.0,31622137.0
801133.SI,20260707,饰品,1328.35,1290.32,1339.5,1297.84,-43.17,-3.22,16843.0,136838.0,19.16,1.74,4043299.0,9873694.0
801140.SI,20260707,轻工制造,2118.41,2074.65,2118.5,2083.07,-38.32,-1.81,180128.0,1617822.0,31.18,1.75,37395572.0,94054717.0
801141.SI,20260707,包装印刷,2871.95,2775.92,2918.74,2821.18,-51.52,-1.79,69607.0,604631.0,38.3,2.31,12078402.0,24792795.0
801142.SI,20260707,家居用品,1637.82,1583.05,1667.2,1608.63,-30.32,-1.85,50927.0,597706.0,27.83,1.78,14084793.0,45476551.0
801143.SI,20260707,造纸,2041.66,1987.36,2074.77,2012.13,-38.58,-1.88,49083.0,288362.0,26.4,1.12,7457496.0,14722407.0
801145.SI,20260707,文娱用品,1622.7,1578.36,1643.06,1600.57,-24.99,-1.54,10511.0,127123.0,38.65,2.75,3774880.0,9062963.0
801150.SI,20260707,医药生物,7652.58,7429.07,7652.65,7442.05,-286.5,-3.71,674271.0,13365841.0,31.73,2.46,290328408.0,576607370.0
801151.SI,20260707,化学制药,12190.13,11691.03,12312.21,11806.6,-520.36,-4.22,289294.0,5805408.0,40.26,3.08,100231834.0,200989118.0
801152.SI,20260707,生物制品,5497.25,5283.41,5544.6,5313.3,-238.21,-4.29,63294.0,1479634.0,41.85,2.1,31260524.0,66477085.0
801153.SI,20260707,医疗器械,5660.07,5461.32,5718.11,5529.78,-170.61,-2.99,74759.0,2021133.0,35.42,2.3,57278550.0,121401321.0
801154.SI,20260707,医药商业,4377.23,4247.73,4408.5,4284.82,-95.84,-2.19,51873.0,332803.0,16.95,1.13,10839899.0,28058055.0
801155.SI,20260707,中药Ⅱ,5464.19,5300.73,5491.72,5336.01,-158.44,-2.88,90818.0,886311.0,22.13,1.84,36604538.0,72674179.0
801156.SI,20260707,医疗服务,6958.23,6739.02,7078.54,6781.24,-283.35,-4.01,104234.0,2840552.0,27.03,3.28,54113062.0,87007611.0
801160.SI,20260707,公用事业,2466.59,2424.44,2466.59,2428.67,-44.44,-1.8,568109.0,4242991.0,20.28,1.54,112592527.0,377594373.0
801161.SI,20260707,电力,3245.64,3168.84,3276.08,3200.35,-55.11,-1.69,535055.0,3803949.0,20.09,1.52,103257437.0,352795889.0
801163.SI,20260707,燃气Ⅱ,3072.19,2934.66,3101.6,2979.28,-89.94,-2.93,33053.0,439042.0,22.55,1.77,9335090.0,24798484.0
801170.SI,20260707,交通运输,2035.92,1993.8,2036.02,1997.46,-41.78,-2.05,317363.0,2165412.0,16.21,1.15,86829950.0,279681676.0
801178.SI,20260707,物流,4145.74,4049.43,4185.93,4082.96,-68.5,-1.65,54675.0,550420.0,16.34,1.08,24233865.0,60093717.0
801179.SI,20260707,铁路公路,1458.47,1431.37,1467.57,1448.04,-12.36,-0.85,52312.0,299542.0,16.36,0.84,19723671.0,71364945.0
801180.SI,20260707,房地产,1871.3,1825.1,1871.3,1830.2,-42.97,-2.29,391598.0,1717147.0,19.22,0.76,39246956.0,89002373.0
801181.SI,20260707,房地产开发,2168.86,2085.52,2200.38,2122.89,-47.78,-2.2,368917.0,1647989.0,18.6,0.74,37078483.0,84251143.0
801183.SI,20260707,房地产服务,720.03,691.66,725.11,694.86,-27.85,-3.85,22681.0,69158.0,44.66,1.32,2168473.0,4751229.0
801191.SI,20260707,多元金融,1132.99,1100.83,1143.65,1113.11,-14.92,-1.32,66877.0,439556.0,19.96,1.18,14508096.0,44379212.0
801193.SI,20260707,证券Ⅱ,6557.66,6358.88,6587.88,6396.31,-199.37,-3.02,343875.0,4339251.0,15.83,1.22,160625534.0,328210443.0
801194.SI,20260707,保险Ⅱ,1125.89,1107.12,1132.18,1111.02,-20.44,-1.81,24453.0,803729.0,6.45,0.95,66544259.0,189454499.0
801200.SI,20260707,商贸零售,1743.93,1694.12,1743.95,1695.53,-52.92,-3.03,165737.0,1182828.0,32.51,1.55,37121120.0,82687290.0
801202.SI,20260707,贸易Ⅱ,4134.64,4011.34,4176.43,4051.38,-89.69,-2.17,20126.0,137408.0,21.83,1.27,3912352.0,12634461.0
801203.SI,20260707,一般零售,2618.62,2525.67,2632.87,2541.2,-83.08,-3.17,113925.0,593745.0,36.03,1.37,19946525.0,44131959.0
801204.SI,20260707,专业连锁Ⅱ,3368.33,3244.77,3387.39,3256.37,-112.41,-3.34,6505.0,54675.0,53.82,2.47,2358512.0,4123317.0
801206.SI,20260707,互联网电商,9964.56,9627.63,10143.09,9739.41,-226.42,-2.27,19765.0,213008.0,32.72,2.37,5923702.0,11025809.0
801210.SI,20260707,社会服务,7338.0,7160.87,7341.95,7170.92,-225.6,-3.05,159748.0,1037383.0,38.67,2.47,23360007.0,46141568.0
801218.SI,20260707,专业服务,6290.56,6006.06,6382.25,6075.79,-251.06,-3.97,25219.0,461297.0,29.91,2.53,9599303.0,20622295.0
801219.SI,20260707,酒店餐饮,1418.06,1372.9,1419.58,1382.66,-36.97,-2.6,6162.0,55104.0,25.07,1.46,2367690.0,5046417.0
801223.SI,20260707,通信服务,2116.38,2049.73,2133.19,2071.13,-49.04,-2.31,83838.0,1138578.0,25.1,1.66,35791197.0,98276991.0
801230.SI,20260707,综合,4486.95,4272.53,4499.0,4346.26,-171.9,-3.8,41441.0,484630.0,94.87,2.82,10046891.0,20077545.0
801231.SI,20260707,综合Ⅱ,4483.36,4247.82,4570.29,4342.78,-171.76,-3.8,41441.0,484630.0,94.87,2.82,10046891.0,20077545.0
801250.SI,20260707,申万制造,8580.69,8439.81,8704.33,8541.49,-94.25,-1.09,4494591.0,160965437.0,52.53,6.44,2567498979.0,4977101753.0
801260.SI,20260707,申万消费,5733.46,5609.98,5733.49,5623.53,-139.55,-2.42,1335411.0,20785363.0,19.67,3.01,648257605.0,1401929901.0
801270.SI,20260707,申万投资,4289.4,4177.66,4292.23,4191.83,-116.85,-2.71,2435079.0,36951679.0,20.85,2.47,695679238.0,1723750947.0
801280.SI,20260707,申万服务,2522.21,2478.74,2522.22,2485.72,-46.57,-1.84,3583458.0,38235906.0,11.08,1.42,1177459179.0,3218001119.0
801300.SI,20260707,申万300指数,3744.23,3695.5,3779.19,3733.27,-36.95,-0.98,2592182.0,110824086.0,22.98,2.57,2516663581.0,5613164682.0
801710.SI,20260707,建筑材料,7238.31,6923.34,7263.51,6987.47,-254.16,-3.51,188483.0,3899594.0,41.21,1.72,49956248.0,129027382.0
801711.SI,20260707,水泥,3924.86,3805.31,3960.78,3854.87,-77.94,-1.98,34209.0,268068.0,20.31,0.63,9681796.0,21373741.0
801712.SI,20260707,玻璃玻纤,28228.8,26610.85,28799.83,27158.17,-1123.18,-3.97,94724.0,3008255.0,78.04,4.78,27947273.0,83358503.0
801713.SI,20260707,装修建材,4712.15,4472.34,4770.96,4522.9,-170.8,-3.64,59550.0,623271.0,35.36,1.76,12327180.0,24295138.0
801720.SI,20260707,建筑装饰,2020.43,1974.46,2020.43,1977.87,-53.06,-2.61,329216.0,3031522.0,13.43,0.7,63285542.0,163508607.0
801721.SI,20260707,房屋建设Ⅱ,2787.24,2736.14,2799.5,2749.52,-38.88,-1.39,33099.0,165412.0,7.37,0.43,7234204.0,25330000.0
801722.SI,20260707,装修装饰Ⅱ,4245.18,4047.18,4296.46,4087.71,-156.71,-3.69,36362.0,247335.0,71.57,2.49,5124123.0,11084776.0
801723.SI,20260707,基础建设,2062.23,2009.35,2076.41,2021.76,-44.03,-2.13,126901.0,511058.0,9.15,0.48,23781268.0,65342775.0
801724.SI,20260707,专业工程,1941.61,1872.27,1975.32,1895.05,-55.06,-2.82,74645.0,871327.0,22.06,1.14,17185378.0,40678453.0
801726.SI,20260707,工程咨询服务Ⅱ,2305.36,2208.89,2374.65,2267.36,-86.93,-3.69,58210.0,1236390.0,49.65,2.05,9960569.0,21072604.0
801730.SI,20260707,电力设备,10280.95,10064.67,10341.97,10097.63,-166.74,-1.62,812715.0,19935667.0,34.69,3.18,451757305.0,823095788.0
801731.SI,20260707,电机Ⅱ,14134.4,13528.22,14495.93,13611.35,-518.63,-3.67,46036.0,1018693.0,52.14,3.43,13086553.0,30893194.0
801733.SI,20260707,其他电源设备Ⅱ,45108.82,43013.36,46027.87,43573.98,-1204.84,-2.69,65483.0,1977085.0,68.95,3.73,33335552.0,68942804.0
801735.SI,20260707,光伏设备,6140.95,6013.74,6312.12,6118.92,-34.07,-0.55,194320.0,3819846.0,50.47,3.02,84246554.0,157253762.0
801736.SI,20260707,风电设备,2457.95,2331.02,2485.07,2350.09,-115.93,-4.7,59539.0,1093877.0,34.91,1.72,20497893.0,37719281.0
801737.SI,20260707,电池,25044.59,24532.68,25549.91,24804.53,-152.25,-0.61,230682.0,8245532.0,29.0,3.63,213156192.0,363506883.0
801738.SI,20260707,电网设备,5807.37,5566.1,5879.37,5601.21,-208.24,-3.58,216656.0,3780635.0,31.89,2.85,87434562.0,164779863.0
801740.SI,20260707,国防军工,1847.83,1800.66,1866.32,1810.46,-43.99,-2.37,226189.0,7278144.0,65.7,3.52,147791265.0,319230723.0
801741.SI,20260707,航天装备Ⅱ,32428.89,30794.65,33292.91,31192.79,-1285.65,-3.96,26049.0,981209.0,455.13,5.71,13704672.0,45081894.0
801742.SI,20260707,航空装备Ⅱ,8840.9,8556.65,8958.95,8627.9,-251.47,-2.83,54987.0,1533807.0,67.31,3.22,45607879.0,92896249.0
801743.SI,20260707,地面兵装Ⅱ,15904.65,15391.04,16255.4,15563.82,-427.95,-2.68,22959.0,386959.0,115.82,3.03,6635016.0,13503824.0
801744.SI,20260707,航海装备Ⅱ,3379.11,3301.08,3435.24,3341.65,-37.95,-1.12,27934.0,850661.0,28.4,2.28,26698135.0,51630601.0
801745.SI,20260707,军工电子Ⅱ,7010.39,6788.26,7209.63,6893.21,-151.41,-2.15,94260.0,3525507.0,106.67,4.97,55145563.0,116118155.0
801750.SI,20260707,计算机,4440.46,4337.66,4473.54,4356.87,-107.87,-2.42,485052.0,11047782.0,65.68,3.6,225882402.0,406203295.0
801760.SI,20260707,传媒,662.1,660.1,680.94,662.9,-0.55,-0.08,447112.0,5102778.0,34.66,2.49,79289209.0,139733232.0
801764.SI,20260707,游戏Ⅱ,2830.77,2798.86,3019.4,2890.59,55.52,1.96,165167.0,2685435.0,24.75,3.27,33349329.0,49075910.0
801765.SI,20260707,广告营销,2377.19,2322.43,2431.18,2341.36,-43.47,-1.82,123898.0,1066349.0,54.32,3.83,18264160.0,25253899.0
801766.SI,20260707,影视院线,1026.16,1007.75,1071.99,1040.2,11.36,1.1,83044.0,654102.0,242.56,2.59,8838105.0,17764460.0
801767.SI,20260707,数字媒体,1527.1,1480.97,1548.51,1491.57,-40.6,-2.65,22112.0,329497.0,60.8,2.44,5195143.0,11407389.0
801769.SI,20260707,出版,1358.4,1325.76,1373.39,1335.68,-24.61,-1.81,24530.0,222828.0,21.42,1.42,7816368.0,23633134.0
801770.SI,20260707,通信,8223.59,8049.21,8363.03,8237.05,-3.8,-0.05,295631.0,17979923.0,65.85,6.98,326098154.0,552308900.0
801780.SI,20260707,银行,3793.23,3766.26,3814.97,3808.55,7.48,0.2,351195.0,2478360.0,5.82,0.49,237284416.0,1012280345.0
801782.SI,20260707,国有大型银行Ⅱ,1806.26,1799.84,1849.25,1842.91,31.11,1.72,159610.0,1041404.0,7.01,0.58,70223579.0,633865618.0
801783.SI,20260707,股份制银行Ⅱ,3988.56,3938.95,4010.08,3974.69,-22.05,-0.55,91082.0,738659.0,5.29,0.42,93772635.0,236098301.0
801784.SI,20260707,城商行Ⅱ,1011.99,997.95,1018.95,1011.31,-1.23,-0.12,72688.0,572042.0,5.69,0.51,59554649.0,119418498.0
801785.SI,20260707,农商行Ⅱ,735.47,724.33,740.95,731.45,-6.77,-0.92,27815.0,126255.0,5.46,0.51,13733553.0,22897929.0
801790.SI,20260707,非银金融,1800.43,1756.64,1800.43,1762.5,-46.86,-2.59,435206.0,5582536.0,11.41,1.13,241677888.0,562044155.0
801811.SI,20260707,大盘指数,4161.32,4111.36,4187.28,4148.85,-39.36,-0.94,1917251.0,73330960.0,18.72,2.04,2121100187.0,5167037411.0
801812.SI,20260707,中盘指数,5530.25,5440.51,5574.88,5476.06,-88.34,-1.59,2030758.0,61999285.0,33.94,2.59,1043892556.0,2210641800.0
801813.SI,20260707,小盘指数,6176.38,6044.61,6205.62,6068.52,-128.85,-2.08,2634393.0,55598965.0,37.46,2.42,841240625.0,1709126034.0
801821.SI,20260707,高市盈率指数,1734.4,1703.93,1767.53,1729.28,-20.63,-1.18,589596.0,36546124.0,201.55,12.1,476100805.0,997188189.0
801822.SI,20260707,中市盈率指数,5008.43,4891.19,5042.12,4908.32,-130.41,-2.59,637787.0,17643503.0,39.83,3.24,263162025.0,513551298.0
801823.SI,20260707,低市盈率指数,7272.73,7184.72,7272.96,7205.98,-87.63,-1.2,1097770.0,11048508.0,7.9,0.75,676603538.0,2210514771.0
801831.SI,20260707,高市净率指数,2858.5,2804.8,2911.36,2860.38,-29.74,-1.03,576364.0,70337067.0,126.61,20.69,1053224695.0,2141419988.0
801832.SI,20260707,中市净率指数,4563.92,4480.34,4588.87,4491.82,-96.25,-2.1,621095.0,8411086.0,26.05,2.52,201221336.0,386302041.0
801833.SI,20260707,低市净率指数,6751.21,6673.48,6751.21,6706.13,-58.72,-0.87,1060158.0,5825823.0,7.82,0.52,417154017.0,1508008435.0
801841.SI,20260707,高价股指数,5322.44,5241.85,5408.62,5329.58,-42.9,-0.8,341217.0,74212375.0,60.21,10.62,1393337531.0,2703203295.0
801842.SI,20260707,中价股指数,4254.41,4147.55,4271.6,4158.92,-105.78,-2.48,526376.0,7926315.0,27.96,2.18,156345502.0,345274893.0
801843.SI,20260707,低价股指数,14234.08,13902.61,14234.12,13950.86,-333.83,-2.34,1630250.0,3752611.0,24.01,0.94,126091569.0,262389743.0
801851.SI,20260707,亏损股指数,4000.2,3923.84,4037.23,3938.12,-81.84,-2.04,3136361.0,38243305.0,,2.84,583179797.0,1190560906.0
801852.SI,20260707,微利股指数,2775.43,2717.59,2775.43,2732.7,-55.6,-1.99,197877.0,3314089.0,64.16,2.26,61893343.0,115718152.0
801853.SI,20260707,绩优股指数,6449.69,6370.38,6513.49,6437.63,-48.82,-0.75,206031.0,21878447.0,26.43,6.97,693205193.0,1440762644.0
801863.SI,20260707,新股指数,2559.69,2559.68,2623.98,2579.22,-14.06,-0.54,50362.0,4046732.0,147.08,8.12,37108286.0,376848795.0
801880.SI,20260707,汽车,6910.74,6745.35,6973.66,6768.88,-144.64,-2.09,411372.0,7677563.0,25.84,2.22,182102528.0,392996711.0
801881.SI,20260707,摩托车及其他,3276.37,3154.56,3312.58,3175.51,-105.04,-3.2,8397.0,213166.0,24.2,2.97,7985996.0,18363087.0
801890.SI,20260707,机械设备,2562.84,2508.7,2585.37,2521.79,-44.28,-1.73,919039.0,23387207.0,48.46,3.62,338712018.0,680630782.0
801950.SI,20260707,煤炭,3043.02,2957.91,3047.38,2984.64,-64.2,-2.11,110854.0,1074153.0,19.31,1.38,41062668.0,171089312.0
801951.SI,20260707,煤炭开采,3490.35,3373.16,3520.57,3425.66,-71.71,-2.05,90982.0,1014392.0,18.26,1.4,38767847.0,166684664.0
801952.SI,20260707,焦炭Ⅱ,1084.75,1042.46,1089.6,1052.08,-32.9,-3.03,19873.0,59761.0,526.73,1.14,2294821.0,4404648.0
801960.SI,20260707,石油石化,2471.9,2385.31,2471.9,2401.76,-73.19,-2.96,203507.0,1620455.0,18.05,1.24,49064385.0,281827440.0
801962.SI,20260707,油服工程,2132.79,2044.98,2145.2,2063.36,-67.54,-3.17,42341.0,241776.0,22.27,1.39,5601745.0,16906895.0
801963.SI,20260707,炼化及贸易,2871.68,2731.42,2894.99,2772.14,-103.56,-3.6,129226.0,1153789.0,18.82,1.18,34419503.0,252081695.0
801970.SI,20260707,环保,2003.46,1976.35,2012.05,1982.92,-22.2,-1.11,203100.0,1946581.0,26.38,1.61,39626896.0,85149130.0
801971.SI,20260707,环境治理,1906.96,1850.34,1947.57,1890.21,-18.7,-0.98,169847.0,1456992.0,23.52,1.44,30788888.0,68018001.0
801972.SI,20260707,环保设备Ⅱ,2351.76,2275.31,2418.42,2315.71,-36.43,-1.55,33253.0,489590.0,42.89,2.52,8838008.0,17131129.0
801980.SI,20260707,美容护理,3403.81,3327.66,3403.81,3327.9,-84.24,-2.47,17432.0,306150.0,29.03,2.33,8521453.0,22391086.0
801981.SI,20260707,个护用品,1199.46,1169.73,1217.86,1188.07,-13.8,-1.15,5840.0,83559.0,26.77,1.83,2382949.0,6660431.0
801982.SI,20260707,化妆品,5856.16,5709.91,5947.46,5741.04,-124.36,-2.12,10032.0,180737.0,28.31,2.45,4100624.0,10854184.0
801991.SI,20260707,航空机场,2392.53,2344.86,2404.95,2352.26,-51.47,-2.14,75924.0,363163.0,24.7,2.16,16636413.0,47162741.0
801992.SI,20260707,航运港口,3206.07,3073.76,3234.94,3102.88,-103.76,-3.24,134452.0,952288.0,13.15,1.19,26236000.0,101060273.0
801993.SI,20260707,旅游及景区,1845.71,1784.28,1853.3,1793.83,-57.79,-3.12,22245.0,181521.0,41.87,2.28,6026853.0,12051632.0
801994.SI,20260707,教育,1602.08,1565.33,1677.05,1618.09,-21.3,-1.3,101382.0,307083.0,84.79,3.97,4789455.0,7602406.0
801995.SI,20260707,电视广播Ⅱ,936.51,905.27,940.21,908.83,-27.73,-2.96,28361.0,144567.0,57.9,1.0,5826103.0,12598440.0
850111.SI,20260707,种子,2408.2,2337.98,2412.9,2351.73,-54.37,-2.26,11269.0,60094.0,108.86,2.2,2556688.0,4239382.0
850113.SI,20260707,其他种植业,1456.54,1409.98,1463.09,1417.08,-42.31,-2.9,16191.0,68461.0,38.73,1.95,2182284.0,4385652.0
850122.SI,20260707,水产养殖,395.51,383.32,397.98,386.6,-10.05,-2.53,5967.0,16435.0,280.97,2.36,666969.0,1011873.0
850135.SI,20260707,食品及饲料添加剂,2496.85,2388.24,2509.49,2402.57,-96.98,-3.88,20848.0,282580.0,16.72,1.74,10891150.0,23504147.0
850136.SI,20260707,有机硅,5097.44,4977.11,5512.18,5268.91,117.81,2.29,39047.0,865580.0,68.98,2.69,4703761.0,13243865.0
850142.SI,20260707,畜禽饲料,1125.01,1103.21,1148.15,1125.37,-11.09,-0.98,31349.0,165517.0,1212.06,1.6,4816469.0,8590487.0
850151.SI,20260707,果蔬加工,1717.55,1657.47,1747.62,1690.06,-30.8,-1.79,4067.0,55499.0,45.33,3.9,1342296.0,3519016.0
850152.SI,20260707,粮油加工,1295.65,1265.0,1300.01,1273.02,-25.63,-1.97,3365.0,34422.0,36.61,1.49,2170479.0,15295985.0
850154.SI,20260707,其他农产品加工,2656.89,2552.9,2670.19,2575.84,-68.97,-2.61,12555.0,83820.0,33.51,1.66,3347166.0,6442775.0
850172.SI,20260707,生猪养殖,4929.73,4847.24,4989.75,4932.09,-34.31,-0.69,52004.0,630607.0,36.61,2.42,21464809.0,38655888.0
850173.SI,20260707,肉鸡养殖,744.84,721.02,754.21,729.91,-25.43,-3.37,15339.0,156783.0,24.92,1.79,2896512.0,6508098.0
850181.SI,20260707,动物保健Ⅲ,4386.03,4272.02,4435.59,4321.74,-88.67,-2.01,7450.0,94479.0,42.36,1.94,3162380.0,5334282.0
850232.SI,20260707,汽车经销商,396.45,384.95,400.3,387.58,-7.18,-1.82,3699.0,11278.0,55.39,1.39,652661.0,1624123.0
850233.SI,20260707,汽车综合服务,1685.97,1628.77,1736.56,1647.05,-36.22,-2.15,6952.0,63135.0,34.38,1.78,1578459.0,3398186.0
850322.SI,20260707,氯碱,1340.55,1281.26,1360.54,1297.95,-33.72,-2.53,58408.0,474945.0,42.99,1.29,7247457.0,14532732.0
850323.SI,20260707,无机盐,26029.83,24586.25,26425.23,24863.8,-1181.63,-4.54,17609.0,604638.0,71.57,3.27,6256855.0,12618610.0
850324.SI,20260707,其他化学原料,4506.35,4302.92,4529.91,4324.91,-192.16,-4.25,17976.0,359543.0,21.74,2.21,6958425.0,15635100.0
850325.SI,20260707,煤化工,6895.72,6587.42,6927.75,6615.55,-282.57,-4.1,22728.0,265645.0,17.01,1.61,7224091.0,21830094.0
850326.SI,20260707,钛白粉,668.94,644.81,673.08,648.41,-26.67,-3.95,22341.0,122991.0,59.1,1.63,4101842.0,6722915.0
850331.SI,20260707,氮肥,5256.2,5075.74,5292.95,5117.26,-160.82,-3.05,14358.0,147068.0,17.68,1.52,5386927.0,8554277.0
850332.SI,20260707,磷肥及磷化工,2158.57,2074.48,2189.88,2087.18,-84.94,-3.91,51066.0,678658.0,22.75,2.07,11665871.0,20095207.0
850333.SI,20260707,农药,3256.86,3122.43,3281.35,3138.89,-122.16,-3.75,31175.0,333515.0,27.46,1.56,9585417.0,19188604.0
850335.SI,20260707,涂料油墨,8258.27,7942.22,8613.73,8307.09,18.53,0.22,15154.0,410026.0,120.41,4.65,3823904.0,9482147.0
850337.SI,20260707,民爆制品,4322.94,4225.79,4356.31,4239.78,40.83,0.97,10568.0,148932.0,26.17,2.28,6875253.0,12186758.0
850338.SI,20260707,纺织化学制品,2385.97,2270.52,2402.5,2279.03,-106.48,-4.46,22262.0,224592.0,24.23,1.31,5534684.0,9038625.0
850339.SI,20260707,其他化学制品,2380.08,2290.54,2431.99,2323.2,-69.49,-2.9,87387.0,1593034.0,48.36,2.37,23224263.0,49404652.0
850341.SI,20260707,涤纶,6097.88,5883.27,6288.43,5958.18,-272.5,-4.37,17684.0,135033.0,28.43,1.41,2588783.0,7385285.0
850343.SI,20260707,粘胶,2714.51,2539.87,2718.05,2539.87,-172.36,-6.35,19688.0,79035.0,69.41,1.77,1340744.0,2010656.0
850351.SI,20260707,其他塑料制品,3926.79,3774.39,4025.28,3828.5,-116.17,-2.95,20950.0,324780.0,66.61,2.17,5607882.0,11323552.0
850353.SI,20260707,改性塑料,4859.45,4675.5,5021.52,4755.77,-120.99,-2.48,24032.0,521603.0,46.58,2.96,9275987.0,16719769.0
850354.SI,20260707,合成树脂,5835.43,5654.7,6100.46,5718.78,-189.55,-3.21,27889.0,758848.0,63.24,5.43,8999450.0,19904081.0
850355.SI,20260707,膜材料,4023.58,3873.53,4125.56,3949.47,-54.39,-1.36,43335.0,1010028.0,132.5,4.84,14515831.0,29452158.0
850362.SI,20260707,其他橡胶制品,4198.96,3998.09,4268.39,4066.79,-114.24,-2.73,10387.0,138677.0,101.66,2.67,2641217.0,4687128.0
850363.SI,20260707,炭黑,3322.79,3182.07,3379.74,3228.62,-106.65,-3.2,6255.0,67958.0,40.39,1.91,1268551.0,2690018.0
850372.SI,20260707,聚氨酯,18297.9,17548.66,18494.1,17648.48,-69.55,-0.39,15965.0,576309.0,18.37,2.01,14405487.0,25175197.0
850381.SI,20260707,复合肥,4475.21,4325.02,4496.7,4356.16,-131.3,-2.93,16341.0,98384.0,13.39,1.46,4072113.0,7376742.0
850382.SI,20260707,氟化工,10284.73,9921.21,10493.63,10040.63,-350.56,-3.37,52978.0,2144649.0,44.12,5.22,19165644.0,38337236.0
850412.SI,20260707,特钢Ⅲ,2679.55,2569.1,2697.37,2586.87,-90.18,-3.37,23841.0,181051.0,16.78,1.21,7021741.0,18993180.0
850442.SI,20260707,板材,2036.1,1992.45,2058.61,2022.94,-18.18,-0.89,114572.0,283202.0,38.96,0.76,12644727.0,40826990.0
850521.SI,20260707,其他金属新材料,8847.54,8521.19,9066.95,8626.38,-257.54,-2.9,24522.0,619819.0,94.04,4.92,10242421.0,20354722.0
850522.SI,20260707,磁性材料,11541.96,11247.9,12107.56,11512.94,-67.29,-0.58,40598.0,953461.0,68.25,4.66,10689549.0,21385345.0
850523.SI,20260707,非金属材料Ⅲ,7070.19,6802.61,7273.63,6944.73,-178.74,-2.51,9530.0,592100.0,70.04,4.27,6529062.0,14346854.0
850531.SI,20260707,黄金,21352.81,20909.76,21774.05,21004.4,-942.85,-4.3,49957.0,1156023.0,18.48,3.25,21785838.0,40529892.0
850544.SI,20260707,其他小金属,27722.47,26662.68,28468.21,27109.24,-936.48,-3.34,47347.0,2166913.0,64.91,4.54,21602746.0,38845767.0
850551.SI,20260707,铝,4650.88,4537.6,4719.66,4577.94,-110.19,-2.35,122279.0,1310001.0,11.47,1.7,32588002.0,57249599.0
850552.SI,20260707,铜,8242.57,8101.28,8345.97,8163.11,-205.04,-2.45,134359.0,1950858.0,14.6,3.09,77348778.0,139557532.0
850553.SI,20260707,铅锌,5271.66,5085.08,5371.97,5143.13,-232.32,-4.32,86678.0,1104083.0,24.47,3.04,16461444.0,27488240.0
850614.SI,20260707,其他建材,7605.66,7290.19,7736.49,7396.44,-220.96,-2.9,21701.0,242383.0,25.7,1.74,5539235.0,11479140.0
850615.SI,20260707,耐火材料,6557.33,6166.95,6608.63,6227.88,-328.33,-5.01,11282.0,77613.0,51.78,1.75,1701006.0,3030534.0
850616.SI,20260707,管材,4026.89,3899.63,4105.45,3980.44,1.56,0.04,14137.0,169347.0,31.87,1.9,1598971.0,3465986.0
850623.SI,20260707,房屋建设Ⅲ,2787.39,2736.3,2799.66,2749.68,-38.88,-1.39,33099.0,165412.0,7.37,0.43,7234204.0,25330000.0
850702.SI,20260707,安防设备,14695.35,14492.14,15152.06,14699.21,-88.28,-0.6,23940.0,606725.0,22.02,2.89,20307860.0,49059452.0
850703.SI,20260707,其他计算机设备,5263.63,5134.31,5413.79,5212.8,-80.52,-1.52,95396.0,2944422.0,60.76,4.12,45702591.0,76549160.0
850711.SI,20260707,机床工具,1850.52,1787.75,1910.51,1813.13,-49.26,-2.65,38252.0,558469.0,87.95,4.29,6975201.0,14414381.0
850713.SI,20260707,磨具磨料,4498.78,4388.45,4751.02,4453.21,-110.03,-2.41,51966.0,1430034.0,145.04,6.21,8876027.0,16544353.0
850715.SI,20260707,制冷空调设备,22431.87,21327.1,23220.2,21566.56,-799.64,-3.58,22292.0,855433.0,60.21,3.71,9835527.0,20467982.0
850716.SI,20260707,其他通用设备,10156.74,9656.86,10466.15,9804.44,-344.37,-3.39,108582.0,2241196.0,48.1,3.93,21578784.0,41816971.0
850721.SI,20260707,纺织服装设备,1699.02,1616.62,1745.6,1652.23,-45.08,-2.66,24039.0,242054.0,45.97,2.78,3685500.0,8536012.0
850725.SI,20260707,能源及重型设备,2541.98,2441.08,2578.47,2477.8,-64.26,-2.53,80488.0,1331217.0,36.2,2.74,28069206.0,57557844.0
850726.SI,20260707,印刷包装机械,3804.52,3727.76,3882.86,3800.26,-16.59,-0.43,7907.0,119942.0,46.76,2.78,2742707.0,5143004.0
850727.SI,20260707,其他专用设备,25460.05,24456.01,26264.98,25025.65,-575.95,-2.25,100509.0,3199676.0,64.25,5.1,47144565.0,94451717.0
850728.SI,20260707,楼宇设备,14041.27,13486.93,14372.82,13603.33,-455.27,-3.24,13234.0,148027.0,35.26,1.97,3570441.0,7792555.0
850731.SI,20260707,仪器仪表,7403.39,7177.2,7702.51,7367.09,-91.27,-1.22,44620.0,1664036.0,131.39,6.92,26914758.0,66918771.0
850741.SI,20260707,电机Ⅲ,14145.8,13539.14,14507.62,13622.33,-519.05,-3.67,46036.0,1018693.0,52.14,3.43,13086553.0,30893194.0
850751.SI,20260707,金属制品,10701.02,10239.58,11022.14,10384.3,-339.8,-3.17,153903.0,3213075.0,70.02,3.62,37266388.0,84559075.0
850771.SI,20260707,工程机械整机,19393.3,19153.73,20039.12,19317.52,274.34,1.44,78941.0,927307.0,17.46,1.72,30608990.0,52490104.0
850772.SI,20260707,工程机械器件,6186.37,6018.14,6355.91,6104.14,-76.26,-1.23,7552.0,314263.0,58.42,7.79,7370765.0,21805884.0
850781.SI,20260707,机器人,17061.86,16406.17,17981.01,17058.32,-47.22,-0.28,63258.0,2773945.0,214.04,8.26,16430467.0,28599663.0
850782.SI,20260707,工控设备,6392.46,6198.72,6609.11,6300.16,-112.16,-1.75,44036.0,1482703.0,58.45,5.08,30022274.0,50205463.0
850783.SI,20260707,激光设备,17302.98,16946.04,17883.08,17470.61,70.34,0.4,17766.0,1670917.0,103.11,8.23,29452499.0,41148484.0
850784.SI,20260707,其他自动化设备,6842.79,6565.41,6934.91,6686.19,-175.53,-2.56,15524.0,735424.0,185.81,9.7,13565256.0,28867184.0
850812.SI,20260707,分立器件,4884.54,4716.75,5146.52,4994.88,85.58,1.74,55057.0,3719287.0,211.64,7.94,44648937.0,77596213.0
850813.SI,20260707,半导体材料,18043.51,17694.46,19266.79,18735.88,486.97,2.67,80685.0,5695135.0,268.4,10.2,49480663.0,131187434.0
850814.SI,20260707,数字芯片设计,7555.01,7364.6,7912.44,7591.1,-169.93,-2.19,97246.0,19264662.0,119.66,15.22,268159664.0,560499767.0
850815.SI,20260707,模拟芯片设计,5199.73,4995.92,5343.9,5110.44,-146.18,-2.78,33290.0,2274493.0,199.03,6.6,40054809.0,70256068.0
850817.SI,20260707,集成电路封测,13396.03,13221.24,14662.45,14336.29,669.44,4.9,127943.0,6406828.0,114.39,6.51,41699746.0,92315838.0
850818.SI,20260707,半导体设备,87043.68,85533.67,92757.68,89987.79,1139.86,1.28,25617.0,6066193.0,151.67,17.83,134102539.0,256847075.0
850822.SI,20260707,印制电路板,20903.48,20035.16,21648.66,20783.82,-198.04,-0.94,155213.0,9636316.0,93.14,12.38,141408443.0,281641817.0
850823.SI,20260707,被动元件,22932.8,22022.94,23815.83,22740.76,-403.19,-1.74,49982.0,2832625.0,82.33,8.41,39220347.0,62321195.0
850831.SI,20260707,面板,1604.68,1557.36,1649.33,1587.2,-33.63,-2.07,561244.0,4923768.0,51.48,2.27,51019604.0,107182375.0
850832.SI,20260707,LED,2058.75,1997.23,2131.13,2058.51,-5.65,-0.27,116874.0,1552563.0,191.22,2.8,18479013.0,30384135.0
850833.SI,20260707,光学元件,6037.15,5758.04,6145.75,5888.9,-159.09,-2.63,38077.0,1753032.0,112.58,8.59,25722102.0,43176887.0
850841.SI,20260707,其他电子Ⅲ,21448.92,20315.14,21825.67,20644.43,-918.76,-4.26,74296.0,2925104.0,73.27,7.0,28060139.0,52480143.0
850853.SI,20260707,品牌消费电子,3358.01,3319.08,3499.12,3392.7,69.41,2.09,7884.0,382095.0,30.28,3.45,10470978.0,26637919.0
850854.SI,20260707,消费电子零部件及组装,8464.08,8223.39,8707.68,8375.85,-131.03,-1.54,204949.0,7536377.0,41.58,5.2,134619017.0,342582966.0
850861.SI,20260707,电子化学品Ⅲ,15450.66,15039.43,16113.02,15613.35,-4.62,-0.03,106042.0,5307318.0,131.51,8.59,55271776.0,93711311.0
850912.SI,20260707,商用载货车,3628.68,3471.66,3684.12,3493.49,-128.79,-3.56,30724.0,293996.0,38.91,2.07,7936083.0,17416891.0
850913.SI,20260707,商用载客车,8983.91,8809.56,9065.23,8874.76,-115.29,-1.28,6834.0,78114.0,13.12,3.3,4790579.0,8346788.0
850922.SI,20260707,车身附件及饰件,11186.3,10911.71,11381.68,11007.2,-179.87,-1.61,35970.0,793624.0,18.64,2.18,23428685.0,45082175.0
850923.SI,20260707,底盘与发动机系统,7238.34,7021.03,7472.78,7093.87,-154.44,-2.13,156966.0,3230109.0,30.92,2.9,57666929.0,106375652.0
850924.SI,20260707,轮胎轮毂,3550.79,3434.0,3582.3,3462.09,-88.97,-2.51,25992.0,286330.0,16.45,1.45,10123204.0,23555343.0
850925.SI,20260707,其他汽车零部件,2912.99,2802.93,2990.79,2837.16,-81.27,-2.78,49494.0,1118705.0,37.84,2.41,16604093.0,35946907.0
850926.SI,20260707,汽车电子电气系统,4815.42,4652.4,4947.89,4724.99,-82.97,-1.73,46231.0,909232.0,39.8,3.02,16654517.0,41233296.0
850935.SI,20260707,航海装备Ⅲ,3379.34,3301.31,3435.47,3341.88,-37.96,-1.12,27934.0,850661.0,28.4,2.28,26698135.0,51630601.0
850936.SI,20260707,轨交设备Ⅲ,5568.45,5404.93,5609.42,5445.99,-124.16,-2.23,37098.0,414747.0,17.66,1.16,13252709.0,35475146.0
850952.SI,20260707,综合乘用车,5606.13,5480.01,5666.03,5515.11,-101.22,-1.8,27884.0,179394.0,17.69,0.65,8849179.0,32184573.0
851024.SI,20260707,通信网络设备及器件,51812.66,50757.85,53451.66,52431.5,572.01,1.1,87939.0,11257759.0,83.65,15.81,223602383.0,334521308.0
851025.SI,20260707,通信线缆及配套,11333.1,10800.24,11542.99,11066.92,-331.57,-2.91,74043.0,4177597.0,82.89,6.8,42285374.0,72664038.0
851026.SI,20260707,通信终端及配件,2288.32,2228.69,2352.61,2273.2,-29.31,-1.27,41163.0,1199210.0,66.17,5.18,20314447.0,38889614.0
851027.SI,20260707,其他通信设备,1852.59,1765.93,1877.24,1778.06,-92.52,-4.95,8648.0,206779.0,84.47,3.79,4104753.0,7956950.0
851041.SI,20260707,垂直应用软件,4835.81,4689.55,4904.68,4736.76,-121.17,-2.49,105636.0,2759752.0,80.83,4.47,57189641.0,106540118.0
851042.SI,20260707,横向通用软件,21825.64,21337.4,22164.0,21454.1,-438.52,-2.0,43934.0,921164.0,79.49,3.27,27610633.0,48276013.0
851112.SI,20260707,空调,39579.32,39140.14,39941.82,39334.94,-496.02,-1.25,9155.0,449741.0,10.93,2.07,53342407.0,79212331.0
851116.SI,20260707,冰洗,11156.56,10896.62,11189.13,10962.56,-218.33,-1.95,14706.0,139743.0,11.14,1.56,9016573.0,16674427.0
851122.SI,20260707,其他黑色家电,1957.41,1882.8,1990.23,1896.43,-72.32,-3.67,6204.0,76103.0,64.21,2.61,1930582.0,3677998.0
851131.SI,20260707,厨房小家电,3252.3,3129.2,3278.35,3161.49,-87.67,-2.7,6043.0,61959.0,23.43,2.56,1983996.0,7308343.0
851141.SI,20260707,厨房电器,11824.11,11395.71,11947.36,11486.58,-326.57,-2.76,5123.0,53633.0,18.8,1.44,1475259.0,3223351.0
851151.SI,20260707,照明设备Ⅲ,4689.92,4483.22,4746.36,4545.26,-150.99,-3.22,11110.0,119659.0,54.14,1.98,2728370.0,8511380.0
851161.SI,20260707,家电零部件Ⅲ,7593.59,7341.61,7767.8,7396.84,-214.58,-2.82,53068.0,1263845.0,43.47,3.94,18210217.0,34851956.0
851232.SI,20260707,啤酒,3916.57,3812.12,3964.43,3838.82,-46.02,-1.18,9018.0,125693.0,17.14,2.51,4089133.0,11241624.0
851233.SI,20260707,其他酒类,3251.13,3134.65,3269.61,3170.0,-89.27,-2.74,6563.0,56523.0,42.38,2.05,2391761.0,5364846.0
851241.SI,20260707,肉制品,5393.36,5272.88,5443.84,5322.65,-77.59,-1.44,26472.0,125145.0,25.92,2.52,4104104.0,10897225.0
851242.SI,20260707,调味发酵品Ⅲ,5876.02,5742.58,5942.48,5787.01,-91.8,-1.56,24768.0,338250.0,26.52,3.27,12327787.0,32310182.0
851243.SI,20260707,乳品,8015.79,7918.88,8090.02,8012.33,-8.95,-0.11,30959.0,275609.0,15.05,2.46,17376513.0,23307814.0
851246.SI,20260707,预加工食品,3119.28,3049.0,3146.93,3078.1,-59.03,-1.88,4086.0,73472.0,19.91,1.65,3191324.0,5701760.0
851247.SI,20260707,保健品,930.18,900.34,933.38,903.26,-28.75,-3.08,9671.0,41942.0,31.24,1.64,1986718.0,4895824.0
851251.SI,20260707,白酒Ⅲ,34152.15,33573.91,34235.61,33608.48,-717.74,-2.09,17181.0,998699.0,18.04,3.35,89911756.0,224704296.0
851271.SI,20260707,软饮料,2921.91,2876.85,2978.31,2901.75,-54.42,-1.84,6494.0,117671.0,23.16,3.89,6936136.0,17486194.0
851281.SI,20260707,零食,1579.17,1535.92,1586.43,1547.77,-34.29,-2.17,7221.0,76438.0,12.88,1.95,2719983.0,5791077.0
851282.SI,20260707,烘焙食品,973.14,937.63,976.57,949.78,-25.66,-2.63,4373.0,41815.0,25.4,1.9,1472677.0,3745077.0
851312.SI,20260707,棉纺,1911.12,1839.51,1950.67,1855.04,-53.29,-2.79,16639.0,102861.0,17.47,1.02,2098101.0,4308597.0
851314.SI,20260707,印染,1711.2,1648.35,1731.84,1663.25,-43.44,-2.55,5674.0,57846.0,16.97,1.38,641045.0,1638052.0
851315.SI,20260707,辅料,5005.42,4723.33,5109.9,4738.28,-235.34,-4.73,3912.0,89308.0,21.58,2.36,1077372.0,2042523.0
851316.SI,20260707,其他纺织,1772.47,1697.63,1791.01,1711.73,-59.03,-3.33,15176.0,131719.0,34.19,2.0,2858079.0,6568859.0
851325.SI,20260707,鞋帽及其他,973.81,942.6,1003.68,971.98,-8.67,-0.88,9335.0,174145.0,94.83,3.68,2154282.0,4478873.0
851326.SI,20260707,家纺,1650.27,1613.27,1663.5,1627.94,-30.35,-1.83,3200.0,27888.0,19.79,1.91,1159712.0,3024379.0
851329.SI,20260707,非运动服装,1501.13,1450.68,1513.78,1461.61,-43.35,-2.88,48629.0,275413.0,21.82,1.37,8150742.0,21537827.0
851331.SI,20260707,钟表珠宝,1350.84,1312.13,1361.74,1320.06,-43.33,-3.18,14579.0,129659.0,17.69,1.78,3740167.0,9373410.0
851412.SI,20260707,大宗用纸,3221.74,3142.17,3267.59,3177.5,-57.5,-1.78,26054.0,111718.0,21.76,0.93,4566512.0,8355311.0
851413.SI,20260707,特种纸,1524.26,1479.13,1553.75,1500.44,-31.32,-2.04,23029.0,176644.0,40.26,1.66,2890985.0,6367096.0
851422.SI,20260707,印刷,3386.63,3292.87,3420.64,3321.53,-81.11,-2.38,1753.0,13357.0,48.84,2.81,584096.0,1139637.0
851423.SI,20260707,金属包装,2034.4,1981.65,2087.54,2023.23,-8.44,-0.42,18827.0,154818.0,34.16,2.22,2506738.0,5540093.0
851424.SI,20260707,塑料包装,3387.49,3228.72,3395.41,3262.26,-107.54,-3.19,9055.0,104597.0,21.14,2.73,2191512.0,4380814.0
851425.SI,20260707,纸包装,2238.94,2165.67,2269.85,2201.85,-42.26,-1.88,30442.0,276005.0,52.48,2.25,5902924.0,12141180.0
851436.SI,20260707,瓷砖地板,845.48,814.55,861.81,827.73,-19.68,-2.32,13304.0,168866.0,54.96,1.67,2528840.0,8315973.0
851437.SI,20260707,成品家居,1224.09,1190.1,1251.37,1214.94,-10.0,-0.82,14391.0,144077.0,22.63,1.77,3859748.0,10096709.0
851438.SI,20260707,定制家居,1437.07,1389.94,1457.17,1407.06,-30.08,-2.09,4662.0,67830.0,20.42,1.32,2307263.0,6304352.0
851439.SI,20260707,卫浴制品,464.37,438.83,473.21,445.4,-15.78,-3.42,6449.0,45342.0,45.7,1.47,853300.0,3316039.0
851452.SI,20260707,娱乐用品,1460.11,1420.0,1482.11,1442.69,-17.84,-1.22,6852.0,86415.0,79.65,3.43,2254861.0,5377341.0
851491.SI,20260707,其他家居用品,1477.03,1428.83,1499.67,1449.32,-30.04,-2.03,12121.0,171591.0,29.12,2.54,4535642.0,17443478.0
851511.SI,20260707,原料药,10410.33,9958.42,10569.64,10033.56,-446.14,-4.26,65841.0,1191496.0,48.14,2.49,15636853.0,32398031.0
851512.SI,20260707,化学制剂,8535.61,8190.05,8612.7,8274.57,-364.09,-4.21,223453.0,4613912.0,39.19,3.21,84594981.0,168591087.0
851521.SI,20260707,中药Ⅲ,5462.37,5298.96,5489.88,5334.23,-158.39,-2.88,90818.0,886311.0,22.13,1.84,36604538.0,72674179.0
851522.SI,20260707,血液制品,5846.71,5602.99,5863.07,5620.94,-250.8,-4.27,9693.0,84398.0,28.47,1.21,4273252.0,9524926.0
851523.SI,20260707,疫苗,9696.15,9350.74,9740.29,9369.82,-428.74,-4.38,16524.0,255459.0,57.62,1.63,8519174.0,15377859.0
851524.SI,20260707,其他生物制品,10279.5,9870.75,10401.28,9948.78,-442.29,-4.26,37077.0,1139776.0,41.24,3.11,18468099.0,41574300.0
851532.SI,20260707,医疗设备,8250.65,8000.64,8335.61,8092.44,-225.74,-2.71,24979.0,839611.0,35.49,3.12,25597185.0,53577058.0
851533.SI,20260707,医疗耗材,5460.38,5257.89,5506.47,5330.13,-153.46,-2.8,29251.0,687727.0,34.0,2.19,19251608.0,41765170.0
851534.SI,20260707,体外诊断,7055.89,6760.36,7147.39,6847.33,-274.83,-3.86,20529.0,493796.0,37.38,1.59,12429757.0,26059094.0
851542.SI,20260707,医药流通,2505.89,2425.15,2517.58,2440.47,-69.29,-2.76,46348.0,250481.0,17.19,1.01,7620197.0,20591773.0
851543.SI,20260707,线下药店,10607.57,10361.07,10746.74,10511.31,-85.22,-0.8,5526.0,82322.0,16.36,1.61,3219702.0,7466283.0
851563.SI,20260707,医疗研发外包,14351.47,13935.81,14652.42,14029.29,-566.98,-3.88,50659.0,2352447.0,24.19,3.51,41653598.0,64066913.0
851564.SI,20260707,医院,3856.6,3697.34,3872.85,3715.86,-175.65,-4.51,46636.0,376833.0,38.43,3.15,9605608.0,17863780.0
851610.SI,20260707,电能综合服务,2867.93,2769.92,2877.69,2782.39,-96.25,-3.34,68629.0,269583.0,35.66,1.05,9336013.0,23145956.0
851611.SI,20260707,火力发电,3111.75,3004.94,3132.75,3022.51,-103.99,-3.33,217456.0,1540176.0,12.84,1.13,25456057.0,87950179.0
851612.SI,20260707,水力发电,5157.03,5101.88,5202.98,5166.82,3.04,0.06,45259.0,613455.0,18.45,2.43,36052389.0,119580549.0
851614.SI,20260707,热力服务,2451.31,2385.47,2523.12,2418.83,-52.55,-2.13,39011.0,386588.0,40.41,2.18,5897737.0,13545372.0
851616.SI,20260707,光伏发电,899.77,873.91,924.22,895.13,-9.04,-1.0,87600.0,556805.0,72.22,1.43,7376901.0,12580011.0
851617.SI,20260707,风力发电,1222.38,1184.91,1229.68,1188.61,-36.02,-2.94,53546.0,281836.0,35.74,1.28,10633941.0,52202286.0
851631.SI,20260707,燃气Ⅲ,3070.25,2932.81,3099.65,2977.4,-89.88,-2.93,33053.0,439042.0,22.55,1.77,9335090.0,24798484.0
851711.SI,20260707,港口,3718.76,3621.87,3734.85,3660.43,-61.06,-1.64,42892.0,181512.0,13.38,0.88,7909983.0,45728755.0
851721.SI,20260707,公交,2155.71,2086.91,2170.05,2097.41,-66.42,-3.07,4442.0,25561.0,60.39,1.24,1111859.0,2183782.0
851731.SI,20260707,高速公路,3084.52,3011.3,3100.39,3044.42,-37.95,-1.23,18960.0,108089.0,14.43,0.91,7865037.0,32781681.0
851741.SI,20260707,航空运输,1764.67,1730.22,1775.48,1736.19,-38.94,-2.19,72984.0,325101.0,26.18,2.77,13267881.0,37657250.0
851761.SI,20260707,航运,2565.88,2443.54,2594.04,2465.46,-100.28,-3.91,91560.0,770776.0,13.06,1.41,18326017.0,55331517.0
851771.SI,20260707,铁路运输,759.49,749.35,764.8,758.95,-2.48,-0.33,28910.0,165892.0,16.73,0.77,10746775.0,36399482.0
851782.SI,20260707,原材料供应链服务,2727.95,2643.46,2739.56,2675.14,-58.19,-2.13,17981.0,90745.0,17.46,0.51,5009199.0,10778512.0
851783.SI,20260707,中间产品及消费品供应链服务,1013.88,972.08,1026.96,985.93,-28.6,-2.82,7741.0,100089.0,64.36,2.36,1403949.0,2862753.0
851784.SI,20260707,快递,2274.87,2247.11,2296.79,2260.84,-18.91,-0.83,10060.0,171194.0,14.02,1.58,11388528.0,26166866.0
851785.SI,20260707,跨境物流,1367.11,1318.26,1377.23,1324.06,-41.05,-3.01,9361.0,73036.0,14.07,1.48,3769221.0,14620324.0
851786.SI,20260707,仓储物流,3151.25,3075.13,3244.83,3116.67,-39.33,-1.25,5931.0,96859.0,26.99,1.3,1818850.0,3494077.0
851787.SI,20260707,公路货运,2180.25,2103.33,2191.27,2128.65,-55.06,-2.52,3600.0,18497.0,31.86,1.0,844118.0,2171186.0
851811.SI,20260707,住宅开发,2076.11,1992.45,2110.43,2033.15,-43.37,-2.09,330702.0,1414470.0,15.14,0.7,27204259.0,55252795.0
851812.SI,20260707,商业地产,2231.72,2143.2,2243.56,2159.12,-80.0,-3.57,25150.0,100954.0,68.13,0.61,5051406.0,16700951.0
851813.SI,20260707,产业地产,2498.43,2432.34,2531.04,2468.6,-34.35,-1.37,13064.0,132565.0,39.35,1.67,4822818.0,12297397.0
851831.SI,20260707,物业管理,531.32,510.54,535.48,513.07,-19.43,-3.65,10649.0,40761.0,31.3,1.8,1290577.0,2800493.0
851922.SI,20260707,金融控股,2156.63,2108.42,2172.7,2121.91,-7.7,-0.36,22778.0,154593.0,19.95,0.8,4854055.0,19543497.0
851927.SI,20260707,资产管理,1997.23,1914.66,2014.25,1946.95,-60.57,-3.02,3292.0,36079.0,41.63,2.25,1415659.0,3849969.0
851931.SI,20260707,证券Ⅲ,6564.28,6365.3,6594.54,6402.77,-199.57,-3.02,343875.0,4339251.0,15.83,1.22,160625534.0,328210443.0
851941.SI,20260707,保险Ⅲ,1126.45,1107.68,1132.75,1111.57,-20.45,-1.81,24453.0,803729.0,6.45,0.95,66544259.0,189454499.0
852021.SI,20260707,贸易Ⅲ,4111.61,3988.99,4153.16,4028.81,-89.19,-2.17,20126.0,137408.0,21.83,1.27,3912352.0,12634461.0
852031.SI,20260707,百货,1999.18,1928.84,2010.6,1940.99,-66.61,-3.32,37422.0,154130.0,144.45,1.17,5438583.0,11086889.0
852032.SI,20260707,超市,8188.06,7973.11,8251.17,8020.4,-199.36,-2.43,26980.0,144778.0,36.26,3.69,4492651.0,10138175.0
852033.SI,20260707,多业态零售,1656.67,1592.94,1662.02,1604.74,-48.14,-2.91,17382.0,101461.0,22.22,0.98,3269228.0,6303185.0
852034.SI,20260707,商业物业经营,2410.49,2313.18,2422.08,2326.01,-88.17,-3.65,32141.0,193376.0,27.54,1.25,6746063.0,16603709.0
852041.SI,20260707,专业连锁Ⅲ,3368.35,3244.79,3387.41,3256.39,-112.41,-3.34,6505.0,54675.0,53.82,2.47,2358512.0,4123317.0
852062.SI,20260707,跨境电商,644.28,628.13,661.02,640.17,-6.07,-0.94,8629.0,90199.0,37.65,4.1,2335099.0,4578429.0
852063.SI,20260707,电商服务,2348.15,2257.55,2386.35,2278.96,-65.67,-2.8,7316.0,100272.0,101.62,2.96,2235746.0,3925883.0
852111.SI,20260707,人工景区,26085.34,25207.03,26149.68,25276.09,-841.56,-3.22,5197.0,45538.0,32.04,1.73,1721603.0,3063695.0
852112.SI,20260707,自然景区,2074.84,2005.01,2079.32,2012.26,-70.51,-3.39,10420.0,99609.0,38.34,2.47,2775499.0,5928733.0
852121.SI,20260707,酒店,2220.62,2154.42,2222.55,2172.13,-50.71,-2.28,3969.0,45415.0,19.46,1.21,1813323.0,3997174.0
852131.SI,20260707,旅游综合,10623.46,10281.89,10725.0,10400.07,-269.19,-2.52,6627.0,36374.0,85.93,2.96,1529751.0,3059204.0
852182.SI,20260707,检测服务,5059.15,4820.81,5146.88,4878.39,-214.58,-4.21,20305.0,403788.0,38.13,3.3,7483928.0,15145132.0
852183.SI,20260707,会展服务,1858.39,1759.44,1865.87,1798.94,-62.4,-3.35,1797.0,20840.0,27.9,1.78,529566.0,1411554.0
852213.SI,20260707,通信工程及服务,859.3,816.44,866.96,822.68,-37.1,-4.31,21819.0,293278.0,627.56,3.33,5272882.0,8533687.0
852214.SI,20260707,通信应用增值服务,2609.1,2490.0,2638.57,2522.82,-93.74,-3.58,40647.0,696224.0,51.73,4.67,13786163.0,26247328.0
852226.SI,20260707,IT服务Ⅲ,4133.47,3980.05,4191.53,4014.78,-146.39,-3.52,216145.0,3815720.0,108.19,3.2,75071677.0,125778553.0
852311.SI,20260707,综合Ⅲ,4476.48,4241.3,4563.27,4336.11,-171.5,-3.8,41441.0,484630.0,94.87,2.82,10046891.0,20077545.0
857111.SI,20260707,水泥制造,3962.59,3842.39,3990.22,3888.62,-81.51,-2.05,21538.0,198336.0,18.34,0.59,8666958.0,19292203.0
857112.SI,20260707,水泥制品,870.45,842.99,894.75,861.18,-11.97,-1.37,12671.0,69732.0,241.0,1.67,1014838.0,2081538.0
857121.SI,20260707,玻璃制造,3151.86,3057.9,3212.43,3090.63,-93.03,-2.92,31213.0,172081.0,200.92,1.3,2824157.0,5320883.0
857122.SI,20260707,玻纤制造,130185.69,122329.88,132833.68,124983.06,-5327.04,-4.09,63511.0,2836174.0,72.49,7.18,25123115.0,78037620.0
857221.SI,20260707,装修装饰Ⅲ,4241.01,4043.2,4292.24,4083.69,-156.56,-3.69,36362.0,247335.0,71.57,2.49,5124123.0,11084776.0
857236.SI,20260707,基建市政工程,1606.09,1567.02,1615.41,1574.51,-34.05,-2.12,90517.0,401408.0,8.34,0.44,21546186.0,61119486.0
857241.SI,20260707,钢结构,2230.94,2143.44,2242.13,2154.78,-75.07,-3.37,12282.0,59986.0,25.89,1.11,2594912.0,5474348.0
857242.SI,20260707,化学工程,1288.09,1249.25,1299.62,1261.56,-32.6,-2.52,11823.0,99172.0,9.53,0.88,3587713.0,7309817.0
857243.SI,20260707,国际工程,1257.13,1213.79,1268.5,1231.75,-21.35,-1.7,9649.0,80214.0,11.56,0.86,1837461.0,4856680.0
857244.SI,20260707,其他专业工程,2794.17,2690.44,2866.39,2729.49,-84.68,-3.01,40891.0,631955.0,67.12,1.41,9165292.0,23037607.0
857251.SI,20260707,园林工程,5546.71,5333.99,5642.27,5439.89,-126.72,-2.28,36384.0,109650.0,1179.05,2.42,2235082.0,4223289.0
857261.SI,20260707,工程咨询服务Ⅲ,2305.37,2208.9,2374.65,2267.37,-86.93,-3.69,58210.0,1236390.0,49.65,2.05,9960569.0,21072604.0
857321.SI,20260707,电网自动化设备,8378.21,8044.72,8478.36,8098.64,-255.4,-3.06,34401.0,747820.0,29.86,3.61,23711678.0,48386695.0
857323.SI,20260707,电工仪器仪表,8190.35,7855.32,8281.09,7921.32,-347.98,-4.21,11798.0,222994.0,30.25,1.91,3821626.0,8215323.0
857334.SI,20260707,火电设备,3923.75,3814.53,4004.22,3888.04,-72.67,-1.83,5563.0,56620.0,25.55,2.02,1202422.0,2421437.0
857336.SI,20260707,其他电源设备Ⅲ,2372.83,2259.18,2430.3,2289.76,-60.55,-2.58,43113.0,1676283.0,97.77,5.02,25792591.0,49330172.0
857344.SI,20260707,线缆部件及其他,13700.96,13029.2,13884.82,13121.67,-648.06,-4.71,85708.0,1181776.0,53.46,3.27,18150379.0,34911378.0
857352.SI,20260707,光伏电池组件,992.55,970.15,1009.19,978.0,-16.05,-1.61,90605.0,944844.0,143.1,2.23,22228977.0,40764960.0
857354.SI,20260707,光伏辅材,898.77,873.29,920.58,885.59,-11.78,-1.31,24902.0,546018.0,68.76,2.46,9007032.0,18028900.0
857355.SI,20260707,光伏加工设备,2414.0,2365.28,2522.33,2448.17,26.88,1.11,12305.0,817395.0,51.82,4.3,15877214.0,32584711.0
857362.SI,20260707,风电零部件,7557.07,7205.63,7667.42,7267.55,-277.24,-3.67,33176.0,623566.0,35.47,1.84,11981889.0,23385829.0
857371.SI,20260707,锂电池,28884.26,28304.5,29264.66,28508.68,-296.42,-1.03,89738.0,3845841.0,24.51,4.08,140776265.0,238808749.0
857372.SI,20260707,电池化学品,19028.82,18676.04,19681.58,19014.29,109.97,0.58,105903.0,3469999.0,45.76,2.91,57620966.0,95896063.0
857373.SI,20260707,锂电专用设备,17872.89,17360.42,18489.47,17764.11,-163.16,-0.91,16917.0,577527.0,49.9,3.7,10734711.0,20396033.0
857375.SI,20260707,蓄电池及其他电池,1806.3,1733.45,1851.09,1755.16,-40.5,-2.26,17238.0,333729.0,36.5,2.39,3692179.0,7998018.0
857381.SI,20260707,输变电设备,7854.93,7536.16,7950.83,7573.38,-270.34,-3.45,54519.0,1201716.0,29.42,2.77,33136356.0,54670719.0
857382.SI,20260707,配电设备,2296.33,2217.4,2325.63,2234.95,-66.31,-2.88,30229.0,426329.0,23.72,1.81,8614522.0,18595748.0
857411.SI,20260707,航天装备Ⅲ,32429.54,30795.27,33293.58,31193.42,-1285.68,-3.96,26049.0,981209.0,455.13,5.71,13704672.0,45081894.0
857421.SI,20260707,航空装备Ⅲ,8769.15,8487.2,8886.23,8557.87,-249.43,-2.83,54987.0,1533807.0,67.31,3.22,45607879.0,92896249.0
857431.SI,20260707,地面兵装Ⅲ,15904.74,15391.13,16255.49,15563.91,-427.95,-2.68,22959.0,386959.0,115.82,3.03,6635016.0,13503824.0
857451.SI,20260707,军工电子Ⅲ,7010.39,6788.25,7209.62,6893.2,-151.41,-2.15,94260.0,3525507.0,106.67,4.97,55145563.0,116118155.0
857641.SI,20260707,游戏Ⅲ,2830.78,2798.87,3019.41,2890.6,55.52,1.96,165167.0,2685435.0,24.75,3.27,33349329.0,49075910.0
857651.SI,20260707,营销代理,2177.2,2126.15,2234.39,2145.22,-38.42,-1.76,106389.0,979912.0,173.39,3.59,13195479.0,17419820.0
857661.SI,20260707,影视动漫制作,1067.78,1049.85,1100.78,1069.85,2.85,0.27,65620.0,476900.0,192.78,2.45,7024552.0,13956125.0
857674.SI,20260707,门户网站,1381.64,1325.46,1389.22,1330.94,-50.5,-3.66,6771.0,86850.0,80.95,3.39,2049851.0,4658409.0
857691.SI,20260707,教育出版,174.45,170.55,175.06,171.62,-2.77,-1.59,7846.0,55591.0,12.67,1.13,3076144.0,10947873.0
857692.SI,20260707,大众出版,1822.07,1776.34,1851.08,1790.97,-35.66,-1.95,16684.0,167237.0,41.34,1.74,4740224.0,12685261.0
857821.SI,20260707,国有大型银行Ⅲ,1806.26,1799.84,1849.25,1842.91,31.11,1.72,159610.0,1041404.0,7.01,0.58,70223579.0,633865618.0
857831.SI,20260707,股份制银行Ⅲ,3988.56,3938.95,4010.07,3974.68,-22.05,-0.55,91082.0,738659.0,5.29,0.42,93772635.0,236098301.0
857841.SI,20260707,城商行Ⅲ,1011.99,997.95,1018.96,1011.31,-1.23,-0.12,72688.0,572042.0,5.69,0.51,59554649.0,119418498.0
857851.SI,20260707,农商行Ⅲ,735.46,724.33,740.95,731.45,-6.77,-0.92,27815.0,126255.0,5.46,0.51,13733553.0,22897929.0
858811.SI,20260707,其他运输设备,1533.07,1482.61,1548.0,1496.37,-39.16,-2.55,2623.0,32674.0,19.2,2.16,1307292.0,3486225.0
858812.SI,20260707,摩托车,4358.22,4192.57,4407.49,4218.25,-145.24,-3.33,5774.0,180493.0,25.28,3.17,6678704.0,14876862.0
859511.SI,20260707,动力煤,1984.69,1922.7,2003.09,1954.69,-35.99,-1.81,58272.0,765004.0,16.14,1.72,30040871.0,144382320.0
859512.SI,20260707,焦煤,4277.14,4099.58,4305.3,4148.32,-122.87,-2.88,32710.0,249388.0,33.39,0.84,8726975.0,22302344.0
859521.SI,20260707,焦炭Ⅲ,1084.75,1042.46,1089.59,1052.08,-32.9,-3.03,19873.0,59761.0,526.73,1.14,2294821.0,4404648.0
859621.SI,20260707,油田服务,682.99,655.5,687.75,661.49,-20.9,-3.06,25539.0,145580.0,19.44,1.78,2891101.0,10850502.0
859622.SI,20260707,油气及炼化工程,2864.29,2743.53,2877.46,2767.76,-93.99,-3.28,16802.0,96196.0,26.35,1.12,2710644.0,6056393.0
859631.SI,20260707,炼油化工,3167.94,3006.9,3185.98,3060.37,-106.32,-3.36,87625.0,790532.0,16.32,1.1,25075575.0,234912010.0
859632.SI,20260707,油品石化贸易,6033.31,5779.79,6089.47,5803.62,-280.55,-4.61,16918.0,143596.0,33.73,1.58,2970637.0,5958621.0
859633.SI,20260707,其他石化,2549.03,2436.36,2592.59,2457.64,-104.54,-4.08,24683.0,219661.0,31.22,1.43,6373291.0,11211063.0
859711.SI,20260707,大气治理,2592.23,2486.76,2645.25,2565.15,-32.12,-1.24,3375.0,35725.0,131.89,2.97,649067.0,1521350.0
859712.SI,20260707,水务及水治理,1347.96,1309.43,1368.77,1327.34,-23.57,-1.74,60822.0,494811.0,21.04,1.08,11980266.0,27270887.0
859713.SI,20260707,固废治理,2351.81,2278.45,2400.28,2328.02,-21.39,-0.91,78093.0,744406.0,20.71,1.74,14214212.0,32269815.0
859714.SI,20260707,综合环境治理,1607.27,1565.84,1675.32,1634.36,19.45,1.2,27557.0,182051.0,70.86,2.31,3945343.0,6955948.0
859721.SI,20260707,环保设备Ⅲ,2351.76,2275.3,2418.41,2315.7,-36.43,-1.55,33253.0,489590.0,42.89,2.52,8838008.0,17131129.0
859811.SI,20260707,生活用纸,1129.78,1103.86,1150.93,1124.56,-9.04,-0.8,4736.0,71280.0,25.24,1.77,1842391.0,4930269.0
859821.SI,20260707,化妆品制造及其他,2387.96,2304.84,2403.32,2314.81,-83.04,-3.46,3330.0,28677.0,50.06,2.45,969581.0,1817856.0
859822.SI,20260707,品牌化妆品,6947.5,6795.46,7075.81,6834.89,-117.97,-1.7,6702.0,152060.0,24.75,2.44,3131042.0,9036328.0
859852.SI,20260707,培训教育,513.13,502.77,542.62,524.1,-2.01,-0.38,92796.0,280240.0,70.12,6.98,3745744.0,5924800.0
859951.SI,20260707,电视广播Ⅲ,936.51,905.27,940.21,908.84,-27.73,-2.96,28361.0,144567.0,57.9,1.0,5826103.0,12598440.0
801001.SI,20260708,申万50,4092.62,4019.28,4134.11,4043.2,-30.13,-0.74,779685.0,46771417.0,26.57,3.69,1208483811.0,2431795376.0
801002.SI,20260708,申万中小,8562.73,8359.42,8562.73,8364.42,-202.54,-2.36,2549297.0,45401342.0,32.94,2.79,832521284.0,1523365969.0
801003.SI,20260708,申万Ａ指,4918.65,4830.57,4922.8,4836.97,-70.57,-1.44,11470008.0,255695445.0,23.93,2.19,4872538472.0,11212822169.0
801005.SI,20260708,申万创业,4370.8,4254.76,4375.74,4267.32,-85.98,-1.98,1991400.0,65456013.0,46.28,4.93,926155968.0,1998345552.0
801010.SI,20260708,农林牧渔,2348.72,2305.04,2358.36,2308.66,-55.65,-2.35,166551.0,1437034.0,37.73,2.08,52523882.0,111785127.0
801012.SI,20260708,农产品加工,1961.74,1931.91,2001.17,1961.51,-12.94,-0.66,16899.0,145608.0,36.1,1.78,6814991.0,25147173.0
801014.SI,20260708,饲料,3550.9,3415.3,3576.52,3461.54,-111.39,-3.12,30758.0,241970.0,45.74,1.96,9579115.0,19868849.0
801015.SI,20260708,渔业,610.08,598.12,616.89,611.35,0.61,0.1,6394.0,21419.0,127.9,2.09,886948.0,1470080.0
801016.SI,20260708,种植业,2087.68,2053.69,2126.59,2096.49,8.42,0.4,33245.0,204947.0,33.81,1.98,6546138.0,13040475.0
801017.SI,20260708,养殖业,2580.5,2501.68,2603.17,2513.05,-91.78,-3.52,57554.0,663203.0,33.92,2.25,23872722.0,44313344.0
801018.SI,20260708,动物保健Ⅱ,4309.19,4231.07,4381.75,4284.64,-36.76,-0.85,5199.0,67859.0,42.0,1.92,3135477.0,5285506.0
801030.SI,20260708,基础化工,4578.7,4416.97,4578.75,4419.07,-157.27,-3.44,742695.0,13596460.0,29.7,2.25,224161646.0,462675494.0
801032.SI,20260708,化学纤维,4555.9,4357.75,4605.73,4391.97,-179.07,-3.92,63210.0,462748.0,38.48,1.67,9638647.0,25798188.0
801033.SI,20260708,化学原料,3272.42,3143.24,3308.4,3171.81,-94.15,-2.88,130774.0,1576110.0,29.24,1.67,33413087.0,73636204.0
801034.SI,20260708,化学制品,7058.5,6747.44,7181.62,6843.55,-221.27,-3.13,278260.0,6336416.0,29.18,2.34,87336318.0,177606485.0
801036.SI,20260708,塑料,5581.87,5246.4,5661.99,5302.82,-259.96,-4.67,119869.0,2617673.0,68.81,3.65,36604662.0,74065760.0
801037.SI,20260708,橡胶,5447.91,5159.93,5550.25,5267.58,-191.15,-3.5,23083.0,428120.0,65.36,2.92,5949743.0,12754040.0
801038.SI,20260708,农化制品,4967.59,4771.47,5022.33,4818.58,-149.65,-3.01,117219.0,1587438.0,18.96,2.03,45002566.0,85290724.0
801039.SI,20260708,非金属材料Ⅱ,7845.87,7307.16,7970.92,7362.87,-427.67,-5.49,10280.0,587955.0,66.67,4.06,6216622.0,13524094.0
801040.SI,20260708,钢铁,2139.57,2115.51,2146.47,2120.41,-27.64,-1.29,174129.0,761619.0,28.02,0.95,27264760.0,79960934.0
801043.SI,20260708,冶钢原料,3190.99,3077.54,3272.16,3131.54,-76.73,-2.39,45959.0,317353.0,42.69,1.75,5810879.0,16403241.0
801044.SI,20260708,普钢,1974.09,1950.4,2001.74,1969.83,-12.68,-0.64,106039.0,283702.0,34.77,0.74,14551436.0,44798636.0
801045.SI,20260708,特钢Ⅱ,3769.69,3679.99,3810.63,3713.47,-64.18,-1.7,22131.0,160565.0,16.5,1.19,6902445.0,18759057.0
801050.SI,20260708,有色金属,8087.21,7882.6,8087.21,7882.6,-258.29,-3.17,558259.0,12683537.0,20.24,3.03,250595421.0,472506564.0
801051.SI,20260708,金属新材料,11049.52,10419.82,11188.3,10551.31,-491.1,-4.45,62595.0,1426941.0,75.63,4.57,20001035.0,39837516.0
801053.SI,20260708,贵金属,20776.6,20498.5,21883.0,21171.34,198.94,0.95,63188.0,1306568.0,19.38,3.36,23436867.0,43054862.0
801054.SI,20260708,小金属,41377.38,39234.25,41911.3,39410.15,-2083.56,-5.02,91876.0,3978036.0,54.99,5.51,53391361.0,125139302.0
801055.SI,20260708,工业金属,2988.26,2924.03,3050.93,2958.61,-53.12,-1.76,297550.0,3861768.0,14.09,2.5,124168739.0,220357394.0
801056.SI,20260708,能源金属,20065.44,18717.41,20275.36,18743.1,-1550.4,-7.64,43049.0,2110224.0,28.07,2.49,29597418.0,44117490.0
801072.SI,20260708,通用设备,9178.57,8692.23,9429.36,8858.4,-300.84,-3.28,367792.0,8889032.0,73.48,4.32,107816291.0,236354579.0
801074.SI,20260708,专用设备,13126.8,12523.2,13424.6,12751.34,-351.93,-2.69,213627.0,4834589.0,46.51,3.43,84237461.0,171873501.0
801076.SI,20260708,轨交设备Ⅱ,5440.44,5310.34,5500.16,5377.77,-71.6,-1.31,34516.0,352671.0,17.43,1.14,13078572.0,35079019.0
801077.SI,20260708,工程机械,22553.71,21821.5,22726.28,21939.48,-856.01,-3.76,60493.0,873461.0,19.24,1.93,36553554.0,71333980.0
801078.SI,20260708,自动化设备,24355.8,23061.64,24725.92,23361.72,-1086.76,-4.45,115461.0,5477003.0,89.51,6.61,85531289.0,142159369.0
801080.SI,20260708,电子,10876.33,10392.95,11021.58,10668.78,-121.76,-1.13,1892278.0,87843660.0,93.98,7.89,1126161614.0,2292067339.0
801081.SI,20260708,半导体,12880.53,12232.06,13414.19,12754.32,-11.37,-0.09,527977.0,50175023.0,145.67,11.41,633868761.0,1271025708.0
801082.SI,20260708,其他电子Ⅱ,20695.12,19727.16,21352.25,20187.01,-407.82,-1.98,77939.0,2859848.0,71.69,6.85,27568096.0,51453854.0
801083.SI,20260708,元件,25743.7,24313.66,26244.62,24779.68,-792.91,-3.1,200555.0,11933084.0,87.77,10.89,175034890.0,333423481.0
801084.SI,20260708,光学光电子,2200.88,2083.9,2256.19,2141.98,-52.2,-2.38,752844.0,8605097.0,70.52,2.87,92955468.0,177446145.0
801085.SI,20260708,消费电子,11435.47,10934.71,11664.66,11186.75,-160.61,-1.42,221818.0,8665816.0,39.97,4.95,143156156.0,367852265.0
801086.SI,20260708,电子化学品Ⅱ,15667.77,14542.03,16082.82,15103.24,-510.09,-3.27,111144.0,5604791.0,127.61,8.33,53578244.0,90865886.0
801092.SI,20260708,汽车服务,425.27,415.95,434.95,426.83,0.58,0.14,11250.0,71990.0,39.12,1.64,2234142.0,5035757.0
801093.SI,20260708,汽车零部件,7735.95,7375.92,7832.73,7448.37,-322.76,-4.15,286695.0,5543469.0,25.73,2.38,119429410.0,242452677.0
801095.SI,20260708,乘用车,13843.99,13672.88,14103.86,13971.33,86.14,0.62,33121.0,637142.0,24.42,1.6,34896475.0,91991996.0
801096.SI,20260708,商用车,6675.98,6507.99,6749.89,6538.34,-141.74,-2.12,31817.0,306975.0,21.51,2.37,12456630.0,25288202.0
801101.SI,20260708,计算机设备,3019.64,2963.75,3097.88,3024.68,75.26,2.55,141631.0,4300554.0,40.8,3.75,67694942.0,128257683.0
801102.SI,20260708,通信设备,11376.76,11004.12,11717.9,11205.28,-44.36,-0.39,214829.0,17352846.0,81.71,11.39,289166338.0,452614037.0
801103.SI,20260708,IT服务Ⅱ,4684.34,4598.12,4853.16,4749.18,135.08,2.93,303461.0,5663824.0,111.72,3.31,77269462.0,128870586.0
801104.SI,20260708,软件开发,5480.68,5355.27,5702.2,5568.05,105.07,1.92,204939.0,4966982.0,82.1,4.07,86431204.0,157304732.0
801110.SI,20260708,家用电器,8466.75,8391.53,8466.75,8409.48,-87.71,-1.03,122986.0,2299262.0,14.42,2.16,99477635.0,176536778.0
801111.SI,20260708,白色家电,18162.28,18046.93,18408.71,18282.09,48.15,0.26,18995.0,500909.0,10.99,1.98,62523651.0,96104256.0
801112.SI,20260708,黑色家电,2069.23,2019.23,2134.39,2041.31,-16.5,-0.8,31448.0,332090.0,31.12,2.2,8285303.0,15321505.0
801113.SI,20260708,小家电,3781.52,3708.86,3838.59,3755.32,-45.66,-1.2,8807.0,167924.0,21.74,2.27,6282901.0,18209650.0
801114.SI,20260708,厨卫电器,7395.86,7233.2,7554.45,7423.27,0.67,0.01,7445.0,62379.0,19.84,1.41,1914749.0,4616215.0
801115.SI,20260708,照明设备Ⅱ,4567.85,4408.95,4609.04,4470.39,-74.88,-1.65,9299.0,101673.0,53.13,1.95,2683423.0,8373402.0
801116.SI,20260708,家电零部件Ⅱ,7343.67,6951.99,7417.84,6987.46,-409.37,-5.53,45278.0,1123729.0,41.0,3.72,17202392.0,32970188.0
801120.SI,20260708,食品饮料,13100.52,13018.83,13186.24,13154.19,45.34,0.35,126586.0,2020158.0,18.79,2.97,147675524.0,348977845.0
801124.SI,20260708,食品加工,12199.06,11946.99,12383.66,12158.99,-81.44,-0.67,36841.0,228689.0,24.13,1.93,9220392.0,21358674.0
801125.SI,20260708,白酒Ⅱ,33604.37,33262.21,33939.75,33761.86,153.38,0.46,13427.0,802476.0,18.12,3.36,90322102.0,225849088.0
801126.SI,20260708,非白酒,3219.7,3167.75,3265.07,3209.59,-7.56,-0.24,11756.0,135640.0,21.92,2.31,6465663.0,16587894.0
801127.SI,20260708,饮料乳品,6679.82,6598.18,6823.12,6746.73,63.07,0.94,29157.0,419034.0,16.88,2.77,24542071.0,41265797.0
801128.SI,20260708,休闲食品,1581.08,1560.2,1612.82,1586.93,2.12,0.13,10596.0,117495.0,17.49,1.88,4857801.0,11676616.0
801129.SI,20260708,调味发酵品Ⅱ,6591.89,6465.57,6684.26,6576.13,-32.32,-0.49,24809.0,316824.0,26.39,3.25,12267496.0,32239777.0
801130.SI,20260708,纺织服饰,1525.41,1502.28,1525.47,1505.25,-22.66,-1.48,125382.0,1077089.0,23.88,1.67,24067459.0,58992808.0
801131.SI,20260708,纺织制造,1648.97,1602.04,1680.99,1637.74,-12.21,-0.74,34281.0,327181.0,21.51,1.53,7076954.0,18049836.0
801132.SI,20260708,服装家纺,1527.73,1476.42,1551.23,1499.32,-30.81,-2.01,73524.0,615000.0,27.72,1.75,12989752.0,31159989.0
801133.SI,20260708,饰品,1293.05,1263.43,1322.44,1284.18,-13.66,-1.05,17577.0,134908.0,18.97,1.72,4000754.0,9782983.0
801140.SI,20260708,轻工制造,2082.55,2047.1,2082.55,2048.6,-34.47,-1.65,167339.0,1497282.0,30.69,1.72,36777524.0,92577410.0
801141.SI,20260708,包装印刷,2824.03,2713.33,2852.59,2744.71,-76.47,-2.71,62845.0,514599.0,37.3,2.25,11766858.0,24123104.0
801142.SI,20260708,家居用品,1609.13,1562.28,1642.24,1593.41,-15.22,-0.95,51418.0,596977.0,27.62,1.76,13936185.0,44993589.0
801143.SI,20260708,造纸,2008.81,1954.15,2034.04,1979.15,-32.98,-1.64,43041.0,266638.0,25.97,1.1,7335273.0,14479991.0
801145.SI,20260708,文娱用品,1594.82,1560.94,1622.47,1585.44,-15.12,-0.94,10035.0,119069.0,38.28,2.72,3739209.0,8980726.0
801150.SI,20260708,医药生物,7447.6,7340.62,7523.24,7340.62,-101.43,-1.36,614648.0,11249431.0,31.31,2.42,286362038.0,569106944.0
801151.SI,20260708,化学制药,11821.55,11459.09,12086.38,11550.87,-255.74,-2.17,283049.0,4884513.0,39.38,3.02,98060760.0,196781778.0
801152.SI,20260708,生物制品,5324.85,5172.2,5417.01,5213.91,-99.39,-1.87,61011.0,1166390.0,41.08,2.07,30680160.0,65091486.0
801153.SI,20260708,医疗器械,5533.28,5408.29,5652.93,5501.71,-28.07,-0.51,65446.0,1814289.0,35.31,2.29,56987782.0,120743649.0
801154.SI,20260708,医药商业,4288.11,4224.29,4393.19,4315.79,30.97,0.72,38578.0,291417.0,17.07,1.14,10918248.0,28265213.0
801155.SI,20260708,中药Ⅱ,5330.65,5253.82,5468.49,5370.53,34.52,0.65,84998.0,829165.0,22.28,1.85,36821748.0,73175373.0
801156.SI,20260708,医疗服务,6783.17,6587.36,6924.79,6627.72,-153.52,-2.26,81566.0,2263657.0,26.43,3.21,52893340.0,85049445.0
801160.SI,20260708,公用事业,2425.69,2416.88,2441.21,2422.54,-6.13,-0.25,497619.0,3722342.0,20.22,1.54,112308570.0,377087475.0
801161.SI,20260708,电力,3194.91,3150.4,3252.91,3193.77,-6.58,-0.21,467669.0,3344149.0,20.05,1.52,103045183.0,352401463.0
801163.SI,20260708,燃气Ⅱ,2989.58,2911.02,3043.4,2956.39,-22.88,-0.77,29949.0,378193.0,22.38,1.76,9263387.0,24686012.0
801170.SI,20260708,交通运输,1991.05,1983.49,2010.5,1990.08,-7.38,-0.37,290716.0,1977085.0,16.14,1.14,86500742.0,279650252.0
801178.SI,20260708,物流,4065.91,3996.7,4125.92,4053.51,-29.45,-0.72,51830.0,517000.0,16.23,1.07,24059062.0,59709031.0
801179.SI,20260708,铁路公路,1446.14,1432.48,1475.52,1466.3,18.27,1.26,53709.0,298734.0,16.56,0.85,19972468.0,72609524.0
801180.SI,20260708,房地产,1831.7,1815.46,1847.68,1835.52,5.32,0.29,338443.0,1637921.0,19.31,0.76,39436589.0,89125681.0
801181.SI,20260708,房地产开发,2125.18,2074.97,2175.18,2129.5,6.61,0.31,318715.0,1577327.0,18.7,0.74,37269586.0,84375658.0
801183.SI,20260708,房地产服务,692.34,678.89,705.39,694.39,-0.47,-0.07,19728.0,60594.0,44.63,1.32,2167003.0,4750023.0
801191.SI,20260708,多元金融,1111.37,1085.84,1135.42,1113.16,0.05,0.0,82035.0,515234.0,19.96,1.18,14510788.0,44297124.0
801193.SI,20260708,证券Ⅱ,6381.66,6288.14,6466.21,6312.74,-83.57,-1.31,272981.0,3376076.0,15.63,1.2,158526894.0,324114053.0
801194.SI,20260708,保险Ⅱ,1110.82,1101.76,1121.72,1113.67,2.65,0.24,18923.0,633088.0,6.47,0.95,66702966.0,189272690.0
801200.SI,20260708,商贸零售,1694.93,1682.27,1708.31,1693.63,-1.9,-0.11,154053.0,1121608.0,32.48,1.55,37085849.0,82540604.0
801202.SI,20260708,贸易Ⅱ,4032.95,3939.67,4091.47,4005.19,-46.2,-1.14,16968.0,111131.0,21.58,1.26,3867742.0,12463174.0
801203.SI,20260708,一般零售,2538.86,2499.12,2591.69,2543.49,2.3,0.09,103635.0,570766.0,36.07,1.37,19970827.0,44163516.0
801204.SI,20260708,专业连锁Ⅱ,3260.05,3202.68,3314.67,3257.63,1.26,0.04,7227.0,58835.0,53.82,2.47,2359425.0,4125316.0
801206.SI,20260708,互联网电商,9735.81,9489.88,9925.01,9623.07,-116.34,-1.19,21324.0,219098.0,32.35,2.34,5852943.0,10898089.0
801210.SI,20260708,社会服务,7212.8,7085.43,7213.44,7103.28,-67.64,-0.94,152158.0,1088428.0,38.3,2.45,23148704.0,45879159.0
801218.SI,20260708,专业服务,6095.04,5856.62,6159.57,5943.59,-132.2,-2.18,28294.0,430102.0,29.2,2.47,9399375.0,20261344.0
801219.SI,20260708,酒店餐饮,1396.65,1361.91,1416.63,1377.51,-5.15,-0.37,7158.0,70848.0,24.97,1.46,2358875.0,5029305.0
801223.SI,20260708,通信服务,2074.15,2048.26,2137.16,2103.64,32.51,1.57,102839.0,1474522.0,25.52,1.69,36353035.0,99482399.0
801230.SI,20260708,综合,4341.72,4283.18,4457.77,4339.62,-6.64,-0.15,36732.0,459698.0,94.72,2.81,10031537.0,20052675.0
801231.SI,20260708,综合Ⅱ,4338.24,4228.18,4514.05,4336.14,-6.64,-0.15,36732.0,459698.0,94.72,2.81,10031537.0,20052675.0
801250.SI,20260708,申万制造,8585.8,8285.65,8608.32,8369.57,-171.92,-2.01,4440608.0,163008701.0,51.53,6.29,2519524775.0,4880922403.0
801260.SI,20260708,申万消费,5617.79,5569.55,5634.56,5576.53,-47.0,-0.84,1224507.0,18324035.0,19.52,2.99,642825515.0,1391170470.0
801270.SI,20260708,申万投资,4187.14,4085.2,4187.15,4086.16,-105.67,-2.52,2296951.0,35153582.0,20.31,2.41,678043989.0,1691021383.0
801280.SI,20260708,申万服务,2485.0,2476.88,2500.46,2488.55,2.83,0.11,3471210.0,38749429.0,11.08,1.42,1178792197.0,3229721042.0
801300.SI,20260708,申万300指数,3747.59,3674.48,3767.62,3691.18,-42.09,-1.13,2619068.0,113567428.0,22.73,2.54,2488156673.0,5574297868.0
801710.SI,20260708,建筑材料,7039.63,6715.49,7043.49,6730.52,-256.95,-3.68,167130.0,3658037.0,39.72,1.65,47902763.0,123737661.0
801711.SI,20260708,水泥,3857.47,3776.5,3915.76,3821.93,-32.94,-0.85,27728.0,218369.0,20.14,0.63,9599077.0,21211605.0
801712.SI,20260708,玻璃玻纤,27520.6,25464.94,27980.84,25699.36,-1458.81,-5.37,88230.0,2896109.0,74.2,4.52,26233436.0,78713254.0
801713.SI,20260708,装修建材,4520.98,4363.3,4603.13,4428.63,-94.27,-2.08,51171.0,543559.0,34.62,1.72,12070251.0,23812803.0
801720.SI,20260708,建筑装饰,1980.15,1957.07,1980.65,1964.43,-13.44,-0.68,317860.0,2966941.0,13.34,0.7,62861557.0,163072048.0
801721.SI,20260708,房屋建设Ⅱ,2757.76,2737.27,2810.85,2797.41,47.88,1.74,37333.0,212260.0,7.5,0.44,7360191.0,25800019.0
801722.SI,20260708,装修装饰Ⅱ,4072.27,3960.84,4170.14,4056.96,-30.75,-0.75,39924.0,344103.0,71.06,2.46,5091665.0,11017028.0
801723.SI,20260708,基础建设,2019.46,1992.07,2049.89,2021.58,-0.18,-0.01,115676.0,468404.0,9.15,0.48,23779204.0,65477172.0
801724.SI,20260708,专业工程,1902.78,1843.49,1936.85,1875.07,-19.98,-1.05,65121.0,774849.0,21.84,1.13,17004192.0,40241507.0
801726.SI,20260708,工程咨询服务Ⅱ,2273.66,2160.61,2327.76,2191.27,-76.09,-3.36,59806.0,1167326.0,47.68,1.97,9626304.0,20536322.0
801730.SI,20260708,电力设备,10102.21,9678.41,10102.21,9678.41,-419.22,-4.15,797028.0,19676748.0,33.29,3.05,433044491.0,789196663.0
801731.SI,20260708,电机Ⅱ,13447.55,12689.66,13544.01,12741.31,-870.05,-6.39,45166.0,847775.0,48.78,3.21,12250937.0,28942459.0
801733.SI,20260708,其他电源设备Ⅱ,43891.28,41650.73,44478.4,42113.34,-1460.64,-3.35,59183.0,1827514.0,66.58,3.6,32218113.0,66815960.0
801735.SI,20260708,光伏设备,6126.82,5828.25,6217.59,5894.92,-224.0,-3.66,201014.0,4013439.0,48.61,2.9,81163711.0,151311355.0
801736.SI,20260708,风电设备,2338.73,2240.83,2367.31,2251.04,-99.06,-4.21,52881.0,918168.0,33.43,1.64,19634155.0,36242502.0
801737.SI,20260708,电池,24802.5,23498.95,25069.5,23613.58,-1190.96,-4.8,236224.0,8620724.0,27.67,3.46,202959223.0,345877029.0
801738.SI,20260708,电网设备,5609.41,5401.3,5672.07,5433.46,-167.76,-3.0,202560.0,3449128.0,30.91,2.76,84818352.0,160007358.0
801740.SI,20260708,国防军工,1813.48,1767.64,1816.02,1767.64,-42.82,-2.37,217020.0,7272407.0,64.13,3.44,144302339.0,311955295.0
801741.SI,20260708,航天装备Ⅱ,31150.81,30325.34,31983.17,30732.67,-460.12,-1.48,23241.0,837300.0,448.64,5.62,13509093.0,43877224.0
801742.SI,20260708,航空装备Ⅱ,8620.06,8359.68,8705.99,8412.73,-215.16,-2.49,49776.0,1388191.0,65.63,3.14,44470520.0,90715040.0
801743.SI,20260708,地面兵装Ⅱ,15465.97,14837.99,15661.69,14890.25,-673.57,-4.33,23555.0,389313.0,110.8,2.9,6347866.0,12947316.0
801744.SI,20260708,航海装备Ⅱ,3349.0,3199.79,3386.54,3275.77,-65.88,-1.97,31289.0,1077740.0,27.84,2.23,26171788.0,51300563.0
801745.SI,20260708,军工电子Ⅱ,6929.37,6657.13,7116.48,6725.4,-167.81,-2.43,89160.0,3579863.0,103.98,4.85,53803072.0,113115152.0
801750.SI,20260708,计算机,4414.53,4392.73,4503.53,4463.21,106.34,2.44,650032.0,14931360.0,67.43,3.7,231395608.0,414433001.0
801760.SI,20260708,传媒,662.1,648.38,666.61,660.19,-2.71,-0.41,406075.0,4603208.0,34.52,2.48,78965440.0,139342920.0
801764.SI,20260708,游戏Ⅱ,2897.56,2762.48,2951.12,2858.95,-31.64,-1.09,133586.0,2252556.0,24.48,3.23,32984303.0,48554069.0
801765.SI,20260708,广告营销,2331.54,2277.55,2383.76,2329.15,-12.21,-0.52,116790.0,1004001.0,53.96,3.8,18168936.0,25132457.0
801766.SI,20260708,影视院线,1030.91,1006.87,1069.31,1039.98,-0.22,-0.02,79154.0,656441.0,242.51,2.59,8836250.0,17700685.0
801767.SI,20260708,数字媒体,1488.97,1452.36,1526.3,1502.0,10.44,0.7,19474.0,294667.0,61.42,2.47,5231491.0,11507170.0
801769.SI,20260708,出版,1333.59,1311.99,1359.88,1340.0,4.32,0.32,21793.0,219029.0,21.5,1.43,7841622.0,23702468.0
801770.SI,20260708,通信,8321.23,8142.01,8502.59,8222.33,-14.72,-0.18,317669.0,18827368.0,65.72,6.97,325519372.0,552096436.0
801780.SI,20260708,银行,3792.7,3773.91,3848.84,3844.39,35.84,0.94,360889.0,2620112.0,5.88,0.49,239517611.0,1025987009.0
801782.SI,20260708,国有大型银行Ⅱ,1835.46,1817.74,1878.14,1872.39,29.48,1.6,165676.0,1105267.0,7.12,0.59,71346883.0,644775465.0
801783.SI,20260708,股份制银行Ⅱ,3957.46,3927.96,4019.54,4011.24,36.55,0.92,88248.0,797859.0,5.33,0.42,94634987.0,238381977.0
801784.SI,20260708,城商行Ⅱ,1007.21,998.91,1022.35,1015.51,4.2,0.42,75611.0,572199.0,5.71,0.51,59801894.0,119942954.0
801785.SI,20260708,农商行Ⅱ,728.5,719.8,737.1,731.47,0.02,0.0,31354.0,144788.0,5.46,0.51,13733848.0,22886612.0
801790.SI,20260708,非银金融,1759.56,1748.35,1772.94,1748.36,-14.14,-0.8,373939.0,4524397.0,11.32,1.12,239740648.0,557683867.0
801811.SI,20260708,大盘指数,4163.04,4105.57,4184.16,4111.92,-36.93,-0.89,1919904.0,74690751.0,18.55,2.03,2101996674.0,5145714173.0
801812.SI,20260708,中盘指数,5493.04,5360.02,5507.95,5392.31,-83.75,-1.53,2009993.0,64071436.0,33.54,2.56,1031050119.0,2180157253.0
801813.SI,20260708,小盘指数,6075.27,5927.52,6075.27,5927.52,-141.0,-2.32,2521707.0,53888035.0,36.58,2.37,821856991.0,1672814038.0
801821.SI,20260708,高市盈率指数,1742.95,1683.82,1756.04,1700.88,-28.4,-1.64,609854.0,36310428.0,198.51,11.92,468382820.0,977342041.0
801822.SI,20260708,中市盈率指数,4936.96,4782.28,4936.99,4783.04,-125.28,-2.55,592585.0,16073351.0,38.83,3.16,256254706.0,500629326.0
801823.SI,20260708,低市盈率指数,7188.67,7161.28,7256.59,7217.12,11.14,0.15,1018644.0,9938256.0,7.91,0.75,677648830.0,2224468960.0
801831.SI,20260708,高市净率指数,2888.32,2780.13,2930.3,2828.0,-32.38,-1.13,594030.0,72069004.0,125.34,20.49,1041420528.0,2111585063.0
801832.SI,20260708,中市净率指数,4474.34,4382.38,4474.34,4382.38,-109.44,-2.44,556356.0,7716827.0,25.41,2.46,196346466.0,377166295.0
801833.SI,20260708,低市净率指数,6687.04,6657.49,6758.5,6741.87,35.74,0.53,1023277.0,5669664.0,7.86,0.52,419377329.0,1522538787.0
801841.SI,20260708,高价股指数,5372.94,5203.15,5445.46,5283.36,-46.22,-0.87,360277.0,77827544.0,59.77,10.54,1381535640.0,2676513344.0
801842.SI,20260708,中价股指数,4164.52,4090.12,4164.55,4090.79,-68.13,-1.64,525097.0,7699690.0,27.5,2.14,153793925.0,339772948.0
801843.SI,20260708,低价股指数,13899.48,13816.36,13991.26,13925.64,-25.23,-0.18,1430115.0,3278043.0,23.96,0.94,125854163.0,262044441.0
801851.SI,20260708,亏损股指数,3946.24,3860.82,3946.24,3880.59,-57.53,-1.46,3007325.0,38207610.0,,2.8,574967958.0,1173514419.0
801852.SI,20260708,微利股指数,2749.4,2713.79,2785.8,2751.28,18.58,0.68,191196.0,3473875.0,64.62,2.27,62314196.0,115952722.0
801853.SI,20260708,绩优股指数,6475.22,6391.44,6548.17,6400.98,-36.65,-0.57,206811.0,23581513.0,26.27,6.93,689260436.0,1436587885.0
801863.SI,20260708,新股指数,2579.9,2476.49,2596.74,2512.68,-66.54,-2.58,52906.0,3847139.0,145.6,8.16,39183576.0,368575132.0
801880.SI,20260708,汽车,6742.93,6574.18,6742.96,6574.6,-194.28,-2.87,371643.0,6820419.0,25.13,2.16,176999469.0,383222639.0
801881.SI,20260708,摩托车及其他,3168.15,3095.43,3269.7,3174.24,-1.27,-0.04,8761.0,260843.0,24.04,2.95,7982812.0,18454008.0
801890.SI,20260708,机械设备,2519.3,2435.7,2519.3,2435.7,-86.09,-3.41,791890.0,20426756.0,46.81,3.49,327217166.0,656800447.0
801950.SI,20260708,煤炭,2989.91,2983.32,3072.32,3020.53,35.89,1.2,108949.0,1122884.0,19.54,1.4,41556520.0,173007555.0
801951.SI,20260708,煤炭开采,3432.14,3388.64,3548.92,3470.25,44.59,1.3,90688.0,1067795.0,18.5,1.41,39272446.0,168615311.0
801952.SI,20260708,焦炭Ⅱ,1051.71,1037.31,1072.11,1047.15,-4.93,-0.47,18261.0,55090.0,524.27,1.13,2284074.0,4392244.0
801960.SI,20260708,石油石化,2423.01,2405.88,2450.89,2412.96,11.2,0.47,228074.0,1780884.0,18.14,1.25,49293292.0,284199175.0
801962.SI,20260708,油服工程,2113.23,2069.6,2168.3,2125.24,61.89,3.0,69006.0,478971.0,22.93,1.43,5769756.0,17442071.0
801963.SI,20260708,炼化及贸易,2779.66,2721.03,2842.97,2759.35,-12.79,-0.46,118920.0,990127.0,18.73,1.18,34260788.0,253617384.0
801970.SI,20260708,环保,1977.21,1942.13,1977.21,1943.18,-39.74,-2.0,186276.0,1785737.0,25.91,1.58,38805506.0,83630006.0
801971.SI,20260708,环境治理,1883.14,1822.16,1920.15,1854.67,-35.54,-1.88,155183.0,1331203.0,23.15,1.42,30182712.0,66941952.0
801972.SI,20260708,环保设备Ⅱ,2315.99,2227.69,2354.68,2259.32,-56.39,-2.44,31094.0,454533.0,41.87,2.46,8622794.0,16688055.0
801980.SI,20260708,美容护理,3331.16,3305.68,3379.09,3326.06,-1.84,-0.06,16484.0,291976.0,28.99,2.33,8516735.0,22380332.0
801981.SI,20260708,个护用品,1189.41,1167.13,1212.57,1193.37,5.3,0.45,6412.0,97631.0,26.88,1.84,2393588.0,6685725.0
801982.SI,20260708,化妆品,5738.49,5637.75,5904.01,5719.97,-21.07,-0.37,9306.0,168132.0,28.16,2.43,4085572.0,10817717.0
801991.SI,20260708,航空机场,2327.85,2308.53,2361.52,2333.26,-19.0,-0.81,72080.0,331206.0,24.5,2.14,16502059.0,46764576.0
801992.SI,20260708,航运港口,3105.37,3037.25,3161.52,3072.09,-30.8,-0.99,113097.0,830144.0,13.01,1.18,25967154.0,100567121.0
801993.SI,20260708,旅游及景区,1853.63,1801.15,1896.17,1835.67,41.84,2.33,44351.0,348532.0,42.85,2.33,6167428.0,12356857.0
801994.SI,20260708,教育,1578.29,1549.0,1636.87,1572.14,-45.95,-2.84,68802.0,214760.0,82.38,3.86,4653439.0,7422939.0
801995.SI,20260708,电视广播Ⅱ,909.02,897.36,933.55,920.8,11.97,1.32,35278.0,176513.0,58.69,1.01,5902839.0,12746071.0
850111.SI,20260708,种子,2352.75,2315.63,2385.51,2352.73,1.0,0.04,10008.0,54413.0,108.91,2.2,2557779.0,4243008.0
850113.SI,20260708,其他种植业,1415.44,1389.2,1432.88,1409.34,-7.74,-0.55,14669.0,61094.0,38.52,1.94,2170368.0,4359033.0
850122.SI,20260708,水产养殖,386.23,378.45,390.66,387.29,0.7,0.18,5643.0,15867.0,281.48,2.36,668171.0,1013895.0
850135.SI,20260708,食品及饲料添加剂,2396.7,2349.3,2444.16,2370.48,-32.08,-1.34,17879.0,223031.0,16.5,1.72,10745712.0,23184058.0
850136.SI,20260708,有机硅,5235.36,5052.95,5532.95,5266.46,-2.45,-0.05,39697.0,892939.0,68.95,2.69,4701573.0,13260435.0
850142.SI,20260708,畜禽饲料,1116.71,1072.92,1125.56,1086.19,-39.17,-3.48,24809.0,140618.0,1169.87,1.54,4648818.0,8285029.0
850151.SI,20260708,果蔬加工,1695.14,1644.82,1716.74,1676.86,-13.2,-0.78,3236.0,43814.0,44.98,3.86,1331812.0,3503579.0
850152.SI,20260708,粮油加工,1267.36,1257.52,1287.2,1272.62,-0.4,-0.03,3035.0,30493.0,36.6,1.49,2169801.0,15277659.0
850154.SI,20260708,其他农产品加工,2546.18,2510.09,2612.36,2549.83,-26.0,-1.01,10627.0,71301.0,33.18,1.64,3313377.0,6365935.0
850172.SI,20260708,生猪养殖,4882.63,4731.08,4917.44,4746.41,-185.68,-3.76,41719.0,530920.0,35.23,2.33,20656729.0,37160693.0
850173.SI,20260708,肉鸡养殖,725.59,705.72,740.08,713.16,-16.74,-2.29,12242.0,122224.0,24.34,1.74,2830067.0,6356505.0
850181.SI,20260708,动物保健Ⅲ,4309.53,4231.4,4382.1,4284.98,-36.77,-0.85,5199.0,67859.0,42.0,1.92,3135477.0,5285506.0
850232.SI,20260708,汽车经销商,386.03,380.32,394.55,391.1,3.52,0.91,4274.0,11780.0,55.89,1.41,658596.0,1634683.0
850233.SI,20260708,汽车综合服务,1644.37,1603.52,1682.29,1644.01,-3.04,-0.18,6975.0,60210.0,34.33,1.78,1575546.0,3401074.0
850322.SI,20260708,氯碱,1277.93,1232.69,1302.48,1248.58,-49.38,-3.8,47824.0,391683.0,41.36,1.24,6971748.0,13990720.0
850323.SI,20260708,无机盐,25014.92,23558.95,25276.54,23729.5,-1134.3,-4.56,14881.0,448827.0,68.29,3.12,5971414.0,12076450.0
850324.SI,20260708,其他化学原料,4357.86,4156.53,4396.35,4180.7,-144.21,-3.33,17475.0,322910.0,21.06,2.14,6726398.0,15072750.0
850325.SI,20260708,煤化工,6705.38,6513.43,6765.58,6547.71,-67.84,-1.03,21216.0,249520.0,16.84,1.59,7150012.0,21635313.0
850326.SI,20260708,钛白粉,647.36,624.03,650.66,636.09,-12.32,-1.9,19974.0,112910.0,57.98,1.6,4023905.0,6595604.0
850331.SI,20260708,氮肥,5118.17,4992.65,5184.54,5044.25,-73.01,-1.43,14070.0,133285.0,17.43,1.5,5310067.0,8430575.0
850332.SI,20260708,磷肥及磷化工,2081.26,1993.74,2110.51,2028.43,-58.74,-2.81,47120.0,590118.0,22.11,2.01,11337544.0,19550019.0
850333.SI,20260708,农药,3144.92,3043.05,3178.45,3084.54,-54.35,-1.73,24987.0,282015.0,26.91,1.53,9419445.0,18962009.0
850335.SI,20260708,涂料油墨,8296.85,7874.18,8549.37,8225.48,-81.61,-0.98,14972.0,434792.0,119.0,4.6,3786338.0,9343088.0
850337.SI,20260708,民爆制品,4194.93,4008.56,4238.05,4042.17,-197.61,-4.66,22260.0,414360.0,24.95,2.17,6554809.0,11742217.0
850338.SI,20260708,纺织化学制品,2277.36,2171.2,2292.56,2185.95,-93.08,-4.08,22253.0,210156.0,23.24,1.25,5308638.0,8673201.0
850339.SI,20260708,其他化学制品,2318.05,2200.86,2353.18,2236.08,-87.11,-3.75,87134.0,1505941.0,46.59,2.28,22353405.0,47626647.0
850341.SI,20260708,涤纶,5943.75,5756.39,6038.45,5793.86,-164.32,-2.76,18071.0,107855.0,27.65,1.37,2517388.0,7222660.0
850343.SI,20260708,粘胶,2515.59,2450.21,2564.74,2514.69,-25.18,-0.99,17575.0,63744.0,68.72,1.75,1327451.0,1995349.0
850351.SI,20260708,其他塑料制品,3830.84,3647.34,3876.86,3683.93,-144.56,-3.78,19759.0,292065.0,64.73,2.1,5396128.0,10925902.0
850353.SI,20260708,改性塑料,4742.42,4508.8,4805.31,4597.13,-158.64,-3.34,22471.0,522769.0,45.03,2.86,8966568.0,16217061.0
850354.SI,20260708,合成树脂,5786.98,5407.9,5866.42,5459.02,-259.76,-4.54,24178.0,670068.0,60.29,5.18,8590669.0,19055771.0
850355.SI,20260708,膜材料,3962.26,3691.62,4027.02,3714.25,-235.22,-5.96,53461.0,1132772.0,125.04,4.56,13651297.0,27867026.0
850362.SI,20260708,其他橡胶制品,4055.42,3869.36,4124.95,3892.53,-174.26,-4.28,8954.0,109343.0,97.23,2.56,2528042.0,4480640.0
850363.SI,20260708,炭黑,3225.85,3068.83,3300.57,3159.12,-69.5,-2.15,7703.0,83968.0,39.52,1.86,1241243.0,2631998.0
850372.SI,20260708,聚氨酯,17744.26,17259.27,17930.8,17353.49,-294.98,-1.67,11847.0,373251.0,18.07,1.98,14164709.0,24753181.0
850381.SI,20260708,复合肥,4351.36,4290.44,4431.98,4339.17,-16.98,-0.39,14846.0,91085.0,13.34,1.46,4056237.0,7350973.0
850382.SI,20260708,氟化工,10060.84,9431.91,10234.86,9553.39,-487.23,-4.85,55580.0,2144849.0,41.98,4.97,18235607.0,36633422.0
850412.SI,20260708,特钢Ⅲ,2581.42,2519.99,2609.46,2542.92,-43.95,-1.7,22131.0,160565.0,16.5,1.19,6902445.0,18759057.0
850442.SI,20260708,板材,2016.11,1992.82,2043.69,2011.7,-11.24,-0.56,93821.0,245402.0,38.74,0.75,12574465.0,40669139.0
850521.SI,20260708,其他金属新材料,8638.3,8150.69,8749.54,8189.26,-437.12,-5.07,27602.0,562828.0,89.28,4.67,9723411.0,19320684.0
850522.SI,20260708,磁性材料,11512.2,10850.15,11653.27,11069.28,-443.65,-3.85,34993.0,864113.0,65.61,4.48,10277624.0,20516832.0
850523.SI,20260708,非金属材料Ⅲ,6994.05,6513.83,7105.52,6563.49,-381.24,-5.49,10280.0,587955.0,66.67,4.06,6216622.0,13524094.0
850531.SI,20260708,黄金,20781.23,20516.33,21931.94,21220.27,215.87,1.03,49827.0,1201579.0,18.67,3.28,22009741.0,40864145.0
850544.SI,20260708,其他小金属,26912.38,25230.35,27352.91,25369.34,-1739.9,-6.42,43691.0,1918445.0,60.72,4.25,20216261.0,36383813.0
850551.SI,20260708,铝,4590.21,4466.38,4646.07,4500.95,-76.98,-1.68,112633.0,1218357.0,11.27,1.67,32039989.0,56280631.0
850552.SI,20260708,铜,8057.77,7941.42,8277.85,8060.19,-102.92,-1.26,112850.0,1729299.0,14.42,3.05,76373611.0,137807980.0
850553.SI,20260708,铅锌,5119.82,4897.49,5165.83,4922.45,-220.67,-4.29,72067.0,914112.0,23.42,2.91,15755139.0,26268784.0
850614.SI,20260708,其他建材,7384.95,7092.17,7506.04,7210.81,-185.63,-2.51,18900.0,217713.0,25.05,1.7,5400218.0,11201896.0
850615.SI,20260708,耐火材料,6241.03,5999.76,6266.74,6043.75,-184.14,-2.96,8376.0,53089.0,50.24,1.69,1650713.0,2950184.0
850616.SI,20260708,管材,3960.04,3837.6,4096.28,3955.31,-25.13,-0.63,13741.0,165702.0,31.67,1.88,1588876.0,3424031.0
850623.SI,20260708,房屋建设Ⅲ,2757.92,2737.42,2811.01,2797.57,47.89,1.74,37333.0,212260.0,7.5,0.44,7360191.0,25800019.0
850702.SI,20260708,安防设备,14843.21,14711.97,15239.68,14913.91,214.7,1.46,31550.0,821773.0,22.38,2.93,20604479.0,49708716.0
850703.SI,20260708,其他计算机设备,5369.37,5247.39,5506.63,5371.1,158.3,3.04,110081.0,3478782.0,62.67,4.25,47090463.0,78548967.0
850711.SI,20260708,机床工具,1802.97,1691.7,1818.58,1705.23,-107.9,-5.95,30487.0,486857.0,83.01,4.05,6560112.0,13549223.0
850713.SI,20260708,磨具磨料,4437.24,4123.05,4570.29,4174.32,-278.89,-6.26,51035.0,1351764.0,135.8,5.81,8333442.0,15544705.0
850715.SI,20260708,制冷空调设备,21752.32,20806.32,22851.22,21085.11,-481.45,-2.23,22710.0,878340.0,58.44,3.6,9615960.0,20025130.0
850716.SI,20260708,其他通用设备,9801.59,9266.15,9974.38,9394.83,-409.62,-4.18,92237.0,1743933.0,46.14,3.77,20693511.0,40073068.0
850721.SI,20260708,纺织服装设备,1654.77,1566.33,1667.01,1581.96,-70.27,-4.25,18599.0,177093.0,43.96,2.65,3528760.0,8148397.0
850725.SI,20260708,能源及重型设备,2477.15,2362.43,2517.96,2384.52,-93.28,-3.76,79193.0,1179158.0,34.83,2.64,27012543.0,55481520.0
850726.SI,20260708,印刷包装机械,3771.21,3648.45,3829.82,3670.42,-129.84,-3.42,7551.0,116918.0,45.22,2.69,2648996.0,4967065.0
850727.SI,20260708,其他专用设备,25133.69,23946.94,25847.71,24551.16,-474.49,-1.9,89872.0,3186373.0,63.1,5.01,46250695.0,91924633.0
850728.SI,20260708,楼宇设备,13510.85,13076.22,13758.35,13252.48,-350.85,-2.58,10935.0,122730.0,34.38,1.92,3478354.0,7620238.0
850731.SI,20260708,仪器仪表,7418.06,7055.1,7761.16,7361.11,-5.98,-0.08,40888.0,1760144.0,131.55,6.93,26892912.0,66051164.0
850741.SI,20260708,电机Ⅲ,13458.4,12699.89,13554.94,12751.59,-870.75,-6.39,45166.0,847775.0,48.78,3.21,12250937.0,28942459.0
850751.SI,20260708,金属制品,10395.88,9858.88,10560.69,9953.49,-430.8,-4.15,130435.0,2667994.0,67.11,3.47,35720354.0,81111289.0
850771.SI,20260708,工程机械整机,19099.74,18608.38,19249.22,18705.03,-612.49,-3.17,54881.0,625129.0,16.9,1.67,29638487.0,50889308.0
850772.SI,20260708,工程机械器件,6056.32,5690.78,6098.27,5726.75,-377.39,-6.18,5612.0,248332.0,54.71,7.3,6915067.0,20444672.0
850781.SI,20260708,机器人,16681.97,15321.35,16801.94,15423.48,-1634.84,-9.58,38499.0,1721032.0,193.34,7.46,14855797.0,25920672.0
850782.SI,20260708,工控设备,6280.37,6002.24,6375.11,6083.44,-216.72,-3.44,44677.0,1425541.0,56.5,4.91,29027756.0,48463378.0
850783.SI,20260708,激光设备,17478.43,16667.54,17818.21,16932.91,-537.69,-3.08,18185.0,1625102.0,100.03,7.99,28546039.0,39888692.0
850784.SI,20260708,其他自动化设备,6737.66,6376.15,6843.46,6457.7,-228.48,-3.42,14100.0,705327.0,179.85,9.39,13101697.0,27886627.0
850812.SI,20260708,分立器件,5013.74,4703.13,5155.91,4856.16,-138.72,-2.78,58516.0,3676046.0,205.76,7.72,43408907.0,75777291.0
850813.SI,20260708,半导体材料,18736.3,17349.86,19472.87,18349.21,-386.67,-2.06,95759.0,6653628.0,263.36,9.99,48516961.0,127737988.0
850814.SI,20260708,数字芯片设计,7713.58,7366.85,7932.78,7516.87,-74.23,-0.98,111476.0,19927683.0,118.66,15.09,265538020.0,557224419.0
850815.SI,20260708,模拟芯片设计,5145.61,4917.87,5380.35,5165.53,55.08,1.08,38341.0,2595019.0,201.06,6.66,40530035.0,71167997.0
850817.SI,20260708,集成电路封测,14411.61,13143.86,14728.71,13735.29,-601.01,-4.19,136843.0,6248679.0,109.59,6.24,39951609.0,88296131.0
850818.SI,20260708,半导体设备,89991.96,86335.13,95978.79,92237.45,2249.67,2.5,31692.0,7331533.0,155.97,18.07,140645890.0,262487736.0
850822.SI,20260708,印制电路板,20908.1,19894.16,21349.44,20302.84,-480.99,-2.31,145921.0,8757211.0,90.99,12.1,138142700.0,274774247.0
850823.SI,20260708,被动元件,22951.24,21094.45,23261.68,21390.85,-1349.91,-5.94,54634.0,3175873.0,77.39,7.91,36892190.0,58649234.0
850831.SI,20260708,面板,1595.44,1510.58,1637.11,1563.11,-24.09,-1.52,595967.0,5238602.0,50.67,2.24,50245167.0,106343930.0
850832.SI,20260708,LED,2058.6,1941.87,2084.55,1965.63,-92.88,-4.51,114987.0,1450791.0,182.59,2.68,17645223.0,29005723.0
850833.SI,20260708,光学元件,5894.65,5596.91,6084.21,5738.48,-150.42,-2.55,41890.0,1915704.0,109.21,8.34,25065077.0,42096493.0
850841.SI,20260708,其他电子Ⅲ,20744.96,19774.67,21403.68,20235.63,-408.8,-1.98,77939.0,2859848.0,71.69,6.85,27568096.0,51453854.0
850853.SI,20260708,品牌消费电子,3426.78,3342.2,3503.14,3410.7,18.0,0.53,8656.0,396854.0,30.48,3.47,10526543.0,26718159.0
850854.SI,20260708,消费电子零部件及组装,8439.4,8057.28,8607.08,8244.64,-131.22,-1.57,213162.0,8268962.0,40.96,5.12,132629613.0,341134105.0
850861.SI,20260708,电子化学品Ⅲ,15667.79,14542.05,16082.84,15103.26,-510.09,-3.27,111144.0,5604791.0,127.61,8.33,53578244.0,90865886.0
850912.SI,20260708,商用载货车,3500.52,3386.84,3528.09,3399.3,-94.19,-2.7,26466.0,251354.0,37.82,2.01,7722120.0,17039483.0
850913.SI,20260708,商用载客车,8830.76,8716.19,8975.55,8770.89,-103.87,-1.17,5351.0,55621.0,12.97,3.26,4734510.0,8248719.0
850922.SI,20260708,车身附件及饰件,10988.55,10575.27,11069.2,10672.26,-334.94,-3.04,32332.0,662305.0,18.13,2.11,22740706.0,43729570.0
850923.SI,20260708,底盘与发动机系统,7046.5,6681.11,7143.74,6742.79,-351.07,-4.95,137961.0,2701237.0,29.44,2.76,54812999.0,101126450.0
850924.SI,20260708,轮胎轮毂,3444.11,3358.17,3482.1,3400.57,-61.52,-1.78,23391.0,249943.0,16.17,1.43,9943328.0,23201526.0
850925.SI,20260708,其他汽车零部件,2828.06,2685.76,2869.53,2708.94,-128.23,-4.52,45759.0,976956.0,36.16,2.3,15853659.0,34266728.0
850926.SI,20260708,汽车电子电气系统,4715.53,4479.3,4782.05,4534.0,-190.99,-4.04,47253.0,953028.0,38.23,2.9,16078717.0,40128403.0
850935.SI,20260708,航海装备Ⅲ,3349.22,3200.0,3386.77,3276.0,-65.88,-1.97,31289.0,1077740.0,27.84,2.23,26171788.0,51300563.0
850936.SI,20260708,轨交设备Ⅲ,5437.06,5307.05,5496.75,5374.43,-71.56,-1.31,34516.0,352671.0,17.43,1.14,13078572.0,35079019.0
850952.SI,20260708,综合乘用车,5495.42,5412.33,5527.66,5447.05,-68.05,-1.23,20265.0,129049.0,17.47,0.64,8739984.0,31819739.0
851024.SI,20260708,通信网络设备及器件,53076.6,51549.53,54845.39,52569.9,138.4,0.26,87259.0,11923780.0,83.86,15.85,224192598.0,335671545.0
851025.SI,20260708,通信线缆及配套,11202.07,10545.33,11353.84,10628.65,-438.27,-3.96,70177.0,3887452.0,79.61,6.53,40610801.0,70135553.0
851026.SI,20260708,通信终端及配件,2273.95,2215.31,2336.33,2264.55,-8.66,-0.38,49335.0,1338799.0,65.87,5.16,20237089.0,38761978.0
851027.SI,20260708,其他通信设备,1780.81,1750.26,1834.0,1785.42,7.36,0.41,8058.0,202815.0,84.34,3.79,4125849.0,8044959.0
851041.SI,20260708,垂直应用软件,4750.52,4619.82,4900.81,4760.41,23.65,0.5,131111.0,3349975.0,81.41,4.51,57475184.0,106483592.0
851042.SI,20260708,横向通用软件,21538.48,21252.08,22800.44,22499.5,1045.4,4.87,73828.0,1617007.0,83.43,3.44,28956021.0,50821141.0
851112.SI,20260708,空调,39177.2,38948.38,39717.89,39460.28,125.34,0.32,7666.0,393362.0,10.96,2.08,53512382.0,79441143.0
851116.SI,20260708,冰洗,10924.67,10822.28,11057.84,10956.11,-6.45,-0.06,11329.0,107547.0,11.14,1.55,9011269.0,16663113.0
851122.SI,20260708,其他黑色家电,1892.29,1856.32,1958.37,1890.53,-5.9,-0.31,7564.0,88540.0,64.03,2.6,1924576.0,3656045.0
851131.SI,20260708,厨房小家电,3149.93,3097.68,3206.43,3141.95,-19.54,-0.62,4770.0,52268.0,23.28,2.55,1971734.0,7294594.0
851141.SI,20260708,厨房电器,11454.47,11251.82,11743.09,11590.81,104.23,0.91,4936.0,45553.0,18.97,1.45,1488646.0,3254745.0
851151.SI,20260708,照明设备Ⅲ,4567.84,4408.94,4609.03,4470.38,-74.88,-1.65,9299.0,101673.0,53.13,1.95,2683423.0,8373402.0
851161.SI,20260708,家电零部件Ⅲ,7343.68,6952.0,7417.85,6987.47,-409.37,-5.53,45278.0,1123729.0,41.0,3.72,17202392.0,32970188.0
851232.SI,20260708,啤酒,3841.55,3789.87,3892.42,3835.68,-3.14,-0.08,6116.0,87121.0,17.13,2.51,4085791.0,11243991.0
851233.SI,20260708,其他酒类,3172.95,3107.21,3222.26,3154.25,-15.76,-0.5,5641.0,48519.0,42.17,2.04,2379872.0,5343903.0
851241.SI,20260708,肉制品,5295.08,5148.08,5351.02,5259.06,-63.58,-1.19,22739.0,120474.0,25.61,2.49,4055079.0,10804001.0
851242.SI,20260708,调味发酵品Ⅲ,5772.51,5661.89,5853.4,5758.71,-28.3,-0.49,24809.0,316824.0,26.39,3.25,12267496.0,32239777.0
851243.SI,20260708,乳品,8008.73,7912.51,8128.04,8065.38,53.05,0.66,22638.0,248739.0,15.15,2.47,17491558.0,23483187.0
851246.SI,20260708,预加工食品,3067.87,3027.56,3126.42,3058.53,-19.57,-0.64,3977.0,67324.0,19.78,1.64,3171034.0,5670024.0
851247.SI,20260708,保健品,903.48,887.11,919.91,906.69,3.44,0.38,10124.0,40892.0,31.36,1.65,1994279.0,4884648.0
851251.SI,20260708,白酒Ⅲ,33604.37,33262.21,33939.75,33761.86,153.38,0.46,13427.0,802476.0,18.12,3.36,90322102.0,225849088.0
851271.SI,20260708,软饮料,2899.18,2862.24,3009.01,2949.6,47.85,1.65,6519.0,170295.0,23.55,3.96,7050513.0,17782609.0
851281.SI,20260708,零食,1547.12,1526.29,1576.24,1548.21,0.44,0.03,5517.0,66212.0,12.88,1.95,2720760.0,5790054.0
851282.SI,20260708,烘焙食品,947.43,931.84,967.94,955.59,5.81,0.61,3971.0,37411.0,25.55,1.92,1481683.0,3773582.0
851312.SI,20260708,棉纺,1854.78,1797.56,1876.57,1827.51,-27.53,-1.48,13050.0,87222.0,17.21,1.0,2066967.0,4285912.0
851314.SI,20260708,印染,1654.7,1609.04,1676.1,1634.25,-29.0,-1.74,4439.0,44293.0,16.7,1.35,628850.0,1600568.0
851315.SI,20260708,辅料,4749.64,4624.8,5007.28,4953.38,215.1,4.54,4013.0,85303.0,22.56,2.47,1126281.0,2138792.0
851316.SI,20260708,其他纺织,1708.93,1658.34,1734.88,1679.08,-32.65,-1.91,12655.0,106498.0,33.49,1.96,2805376.0,6433705.0
851325.SI,20260708,鞋帽及其他,964.31,912.78,977.39,922.49,-49.49,-5.09,14990.0,206197.0,90.0,3.49,2044593.0,4268423.0
851326.SI,20260708,家纺,1625.47,1584.55,1642.73,1613.78,-14.16,-0.87,3428.0,30311.0,19.61,1.9,1149624.0,2996553.0
851329.SI,20260708,非运动服装,1461.55,1430.98,1484.43,1454.26,-7.35,-0.5,45853.0,254838.0,21.72,1.36,8109743.0,21458331.0
851331.SI,20260708,钟表珠宝,1315.4,1283.68,1343.43,1302.3,-17.77,-1.35,15100.0,126732.0,17.46,1.76,3689826.0,9269751.0
851412.SI,20260708,大宗用纸,3171.74,3096.36,3216.77,3127.7,-49.81,-1.57,22430.0,99627.0,21.42,0.91,4494935.0,8230148.0
851413.SI,20260708,特种纸,1498.35,1449.44,1513.3,1474.15,-26.29,-1.75,20611.0,167011.0,39.57,1.63,2840338.0,6249843.0
851422.SI,20260708,印刷,3305.48,3248.25,3339.13,3300.77,-20.77,-0.63,1466.0,10442.0,48.53,2.79,580444.0,1135699.0
851423.SI,20260708,金属包装,2025.56,1931.72,2056.96,1962.73,-60.5,-2.99,15675.0,133954.0,33.13,2.16,2431779.0,5387708.0
851424.SI,20260708,塑料包装,3276.41,3152.79,3288.31,3176.52,-85.74,-2.63,7668.0,88242.0,20.74,2.68,2149391.0,4252700.0
851425.SI,20260708,纸包装,2207.1,2122.84,2228.8,2142.63,-59.21,-2.69,30245.0,238066.0,51.03,2.19,5744178.0,11810288.0
851436.SI,20260708,瓷砖地板,829.04,798.81,843.27,811.88,-15.86,-1.92,12072.0,173154.0,53.92,1.64,2480400.0,8156582.0
851437.SI,20260708,成品家居,1211.72,1185.11,1250.97,1218.94,3.99,0.33,16299.0,180016.0,22.83,1.79,3872439.0,10121264.0
851438.SI,20260708,定制家居,1412.27,1369.26,1429.24,1395.06,-12.0,-0.85,4582.0,64453.0,20.12,1.31,2272222.0,6246280.0
851439.SI,20260708,卫浴制品,451.25,430.24,459.05,436.57,-8.83,-1.98,5306.0,36723.0,44.82,1.44,836385.0,3235671.0
851452.SI,20260708,娱乐用品,1437.85,1399.79,1465.02,1425.53,-17.16,-1.19,6994.0,85978.0,78.73,3.39,2228045.0,5310728.0
851491.SI,20260708,其他家居用品,1446.42,1407.27,1471.59,1429.86,-19.46,-1.34,13159.0,142631.0,28.88,2.51,4474738.0,17233793.0
851511.SI,20260708,原料药,10041.29,9696.37,10235.58,9810.34,-223.22,-2.22,64505.0,948608.0,47.0,2.43,15288975.0,31808109.0
851512.SI,20260708,化学制剂,8285.8,8037.4,8476.1,8096.24,-178.33,-2.16,218544.0,3935905.0,38.34,3.14,82771785.0,164973669.0
851521.SI,20260708,中药Ⅲ,5328.87,5252.07,5466.67,5368.74,34.51,0.65,84998.0,829165.0,22.28,1.85,36821748.0,73175373.0
851522.SI,20260708,血液制品,5699.78,5582.68,5782.81,5641.07,20.13,0.36,11296.0,79114.0,28.57,1.22,4288557.0,9516729.0
851523.SI,20260708,疫苗,9384.94,9148.73,9525.55,9219.15,-150.67,-1.61,13145.0,210117.0,56.67,1.6,8382181.0,15166256.0
851524.SI,20260708,其他生物制品,9945.71,9625.55,10134.91,9699.35,-249.43,-2.51,36570.0,877159.0,40.21,3.03,18009422.0,40408501.0
851532.SI,20260708,医疗设备,8108.24,7936.96,8244.97,8074.43,-18.01,-0.22,20332.0,687190.0,35.48,3.12,25540225.0,53401541.0
851533.SI,20260708,医疗耗材,5320.4,5206.16,5461.78,5294.34,-35.8,-0.67,29066.0,713923.0,33.88,2.18,19122320.0,41381475.0
851534.SI,20260708,体外诊断,6859.12,6671.64,7022.31,6789.75,-57.58,-0.84,16048.0,413177.0,37.06,1.57,12325237.0,25960633.0
851542.SI,20260708,医药流通,2443.76,2408.9,2498.08,2458.72,18.26,0.75,33549.0,215657.0,17.31,1.02,7677199.0,20756341.0
851543.SI,20260708,线下药店,10504.93,10333.16,10818.96,10581.0,69.69,0.66,5029.0,75760.0,16.51,1.62,3241050.0,7508872.0
851563.SI,20260708,医疗研发外包,14036.13,13589.68,14361.11,13635.92,-393.37,-2.8,43045.0,1925263.0,23.52,3.41,40490977.0,62205947.0
851564.SI,20260708,医院,3717.45,3647.08,3763.04,3697.2,-18.66,-0.5,32701.0,244120.0,38.29,3.14,9557369.0,17787205.0
851610.SI,20260708,电能综合服务,2779.05,2742.58,2816.49,2777.33,-5.06,-0.18,64843.0,228237.0,35.6,1.05,9319041.0,23070730.0
851611.SI,20260708,火力发电,3015.03,2971.98,3064.35,3004.29,-18.21,-0.6,179174.0,1219595.0,12.76,1.13,25302651.0,87441678.0
851612.SI,20260708,水力发电,5157.73,5121.11,5286.85,5223.4,56.58,1.09,44098.0,692086.0,18.65,2.46,36447156.0,121057159.0
851614.SI,20260708,热力服务,2429.24,2341.41,2490.16,2358.63,-60.21,-2.49,44971.0,422805.0,39.41,2.13,5750939.0,13163144.0
851616.SI,20260708,光伏发电,891.89,865.29,900.9,872.43,-22.7,-2.54,68589.0,412668.0,70.39,1.39,7189847.0,12277378.0
851617.SI,20260708,风力发电,1186.84,1165.83,1194.83,1169.36,-19.25,-1.62,42349.0,221350.0,35.16,1.26,10461730.0,51570836.0
851631.SI,20260708,燃气Ⅲ,2987.7,2909.19,3041.48,2954.53,-22.87,-0.77,29949.0,378193.0,22.38,1.76,9263387.0,24686012.0
851711.SI,20260708,港口,3653.17,3624.17,3733.53,3688.66,28.22,0.77,39233.0,172873.0,13.48,0.88,7970975.0,46129725.0
851721.SI,20260708,公交,2100.7,2052.55,2111.17,2072.5,-24.91,-1.19,3725.0,20565.0,59.67,1.22,1098654.0,2161713.0
851731.SI,20260708,高速公路,3035.95,3004.29,3123.97,3105.63,61.21,2.01,18710.0,116371.0,14.72,0.93,8023169.0,33769874.0
851741.SI,20260708,航空运输,1714.16,1699.88,1738.94,1717.91,-18.28,-1.05,69195.0,295457.0,25.9,2.74,13128194.0,37246876.0
851761.SI,20260708,航运,2470.4,2401.34,2510.91,2422.21,-43.25,-1.75,73864.0,657272.0,12.81,1.38,17996179.0,54437396.0
851771.SI,20260708,铁路运输,758.54,752.99,770.35,766.28,7.34,0.97,31273.0,161797.0,16.89,0.78,10850645.0,36677936.0
851782.SI,20260708,原材料供应链服务,2664.99,2627.75,2721.14,2697.06,21.92,0.82,17184.0,85808.0,17.6,0.51,5050249.0,10850752.0
851783.SI,20260708,中间产品及消费品供应链服务,983.84,949.75,999.67,971.01,-14.92,-1.51,7492.0,92922.0,63.39,2.32,1382698.0,2824888.0
851784.SI,20260708,快递,2246.4,2215.15,2272.26,2231.68,-29.15,-1.29,10382.0,166245.0,13.84,1.56,11241677.0,25817752.0
851785.SI,20260708,跨境物流,1324.91,1303.77,1348.73,1320.55,-3.51,-0.27,8352.0,69597.0,14.03,1.48,3759231.0,14623093.0
851786.SI,20260708,仓储物流,3099.65,2995.74,3137.34,3053.14,-63.53,-2.04,5317.0,86487.0,26.44,1.28,1781772.0,3420845.0
851787.SI,20260708,公路货运,2131.16,2095.1,2152.42,2126.92,-1.73,-0.08,3103.0,15941.0,31.83,1.0,843434.0,2171701.0
851811.SI,20260708,住宅开发,2038.39,1991.32,2092.76,2043.11,9.95,0.49,283812.0,1349173.0,15.26,0.7,27413139.0,55373937.0
851812.SI,20260708,商业地产,2159.51,2121.18,2200.85,2183.01,23.89,1.11,24047.0,95988.0,68.89,0.62,5107289.0,16868644.0
851813.SI,20260708,产业地产,2452.69,2372.07,2477.7,2430.89,-37.7,-1.53,10856.0,132166.0,38.75,1.64,4749158.0,12133077.0
851831.SI,20260708,物业管理,511.09,501.85,521.46,512.33,-0.74,-0.14,8684.0,34382.0,31.25,1.81,1288722.0,2797622.0
851922.SI,20260708,金融控股,2120.9,2079.07,2151.74,2120.03,-1.88,-0.09,34514.0,201704.0,19.93,0.8,4849746.0,19439226.0
851927.SI,20260708,资产管理,1946.35,1907.78,2050.66,2024.58,77.63,3.99,3727.0,52719.0,43.29,2.34,1472102.0,3974373.0
851931.SI,20260708,证券Ⅲ,6388.1,6294.49,6472.74,6319.12,-83.65,-1.31,272981.0,3376076.0,15.63,1.2,158526894.0,324114053.0
851941.SI,20260708,保险Ⅲ,1111.37,1102.31,1122.28,1114.22,2.65,0.24,18923.0,633088.0,6.47,0.95,66702966.0,189272690.0
852021.SI,20260708,贸易Ⅲ,4010.48,3917.72,4068.67,3982.87,-45.94,-1.14,16968.0,111131.0,21.58,1.26,3867742.0,12463174.0
852031.SI,20260708,百货,1941.21,1911.54,1968.28,1941.79,0.79,0.04,31146.0,138675.0,144.51,1.18,5440804.0,11103260.0
852032.SI,20260708,超市,8002.53,7934.99,8295.52,8144.46,124.06,1.55,26991.0,175784.0,36.87,3.75,4568521.0,10281864.0
852033.SI,20260708,多业态零售,1600.15,1580.59,1635.99,1611.49,6.74,0.42,18189.0,91321.0,22.31,0.98,3282967.0,6331752.0
852034.SI,20260708,商业物业经营,2326.18,2274.03,2361.21,2302.73,-23.28,-1.0,27309.0,164986.0,27.27,1.23,6678535.0,16446640.0
852041.SI,20260708,专业连锁Ⅲ,3260.06,3202.7,3314.69,3257.65,1.26,0.04,7227.0,58835.0,53.82,2.47,2359425.0,4125316.0
852062.SI,20260708,跨境电商,637.98,619.73,654.25,630.74,-9.43,-1.47,10931.0,96279.0,37.07,4.04,2300685.0,4512598.0
852063.SI,20260708,电商服务,2281.55,2208.12,2311.35,2231.75,-47.21,-2.07,7222.0,103139.0,99.54,2.9,2189429.0,3845600.0
852111.SI,20260708,人工景区,25976.52,25436.87,27020.01,26256.29,980.2,3.88,12425.0,100095.0,33.28,1.8,1788367.0,3182955.0
852112.SI,20260708,自然景区,2076.21,2019.2,2108.58,2046.56,34.3,1.7,18744.0,165065.0,39.0,2.51,2822805.0,6025103.0
852121.SI,20260708,酒店,2198.47,2136.31,2224.56,2159.8,-12.34,-0.57,4816.0,56524.0,19.34,1.2,1803025.0,3975996.0
852131.SI,20260708,旅游综合,10841.93,10427.89,11027.01,10580.26,180.19,1.73,13182.0,83372.0,87.42,3.01,1556256.0,3148798.0
852182.SI,20260708,检测服务,4897.74,4675.46,4943.78,4744.15,-134.24,-2.75,23924.0,381315.0,36.96,3.2,7286753.0,14787646.0
852183.SI,20260708,会展服务,1805.03,1763.62,1820.94,1780.57,-18.37,-1.02,1110.0,12269.0,27.62,1.76,524157.0,1395871.0
852213.SI,20260708,通信工程及服务,823.86,800.49,840.5,814.75,-7.93,-0.96,20271.0,277631.0,621.52,3.29,5222073.0,8443695.0
852214.SI,20260708,通信应用增值服务,2537.13,2502.54,2668.32,2597.11,74.29,2.94,60266.0,1012772.0,53.41,4.82,14192131.0,26891398.0
852226.SI,20260708,IT服务Ⅲ,4075.9,4000.88,4222.79,4132.32,117.54,2.93,303461.0,5663824.0,111.72,3.31,77269462.0,128870586.0
852311.SI,20260708,综合Ⅲ,4331.58,4221.69,4507.12,4329.49,-6.63,-0.15,36732.0,459698.0,94.72,2.81,10031537.0,20052675.0
857111.SI,20260708,水泥制造,3897.28,3817.48,3953.62,3859.57,-29.05,-0.75,17596.0,164429.0,18.21,0.59,8602214.0,19158155.0
857112.SI,20260708,水泥制品,850.32,828.69,868.02,845.93,-15.25,-1.77,10133.0,53940.0,236.73,1.64,996863.0,2053450.0
857121.SI,20260708,玻璃制造,3092.7,2959.06,3130.86,2975.89,-114.74,-3.71,27507.0,154554.0,193.46,1.25,2719308.0,5126530.0
857122.SI,20260708,玻纤制造,126830.65,116910.41,129013.91,118034.37,-6948.69,-5.56,60723.0,2741555.0,68.75,6.8,23514128.0,73586724.0
857221.SI,20260708,装修装饰Ⅲ,4068.26,3956.94,4166.04,4052.98,-30.72,-0.75,39924.0,344103.0,71.06,2.46,5091665.0,11017028.0
857236.SI,20260708,基建市政工程,1572.95,1553.85,1594.52,1574.68,0.17,0.01,80552.0,363452.0,8.35,0.44,21548530.0,61270226.0
857241.SI,20260708,钢结构,2153.63,2101.77,2189.81,2148.57,-6.21,-0.29,11245.0,62276.0,25.82,1.11,2587436.0,5451617.0
857242.SI,20260708,化学工程,1262.19,1236.96,1273.01,1247.68,-13.88,-1.1,9526.0,80505.0,9.42,0.87,3548229.0,7236445.0
857243.SI,20260708,国际工程,1224.13,1192.48,1241.31,1198.82,-32.93,-2.67,9302.0,76872.0,11.25,0.84,1788332.0,4718003.0
857244.SI,20260708,其他专业工程,2753.63,2647.52,2815.86,2704.14,-25.34,-0.93,35047.0,555197.0,66.54,1.4,9080196.0,22835443.0
857251.SI,20260708,园林工程,5426.0,5278.21,5578.7,5429.17,-10.73,-0.2,35125.0,104952.0,1179.11,2.41,2230674.0,4206946.0
857261.SI,20260708,工程咨询服务Ⅲ,2273.66,2160.62,2327.77,2191.28,-76.09,-3.36,59806.0,1167326.0,47.68,1.97,9626304.0,20536322.0
857321.SI,20260708,电网自动化设备,8084.79,7840.25,8161.26,7898.95,-199.69,-2.47,32714.0,663802.0,29.12,3.52,23127017.0,47238806.0
857323.SI,20260708,电工仪器仪表,8030.71,7774.81,8131.16,7853.28,-68.04,-0.86,11872.0,185330.0,29.99,1.89,3788801.0,8116896.0
857334.SI,20260708,火电设备,3863.92,3617.27,3930.67,3629.23,-258.81,-6.66,6376.0,70388.0,23.85,1.87,1122383.0,2231368.0
857336.SI,20260708,其他电源设备Ⅲ,2310.39,2177.65,2344.85,2203.55,-86.21,-3.77,42453.0,1598837.0,93.96,4.82,24821494.0,47591255.0
857344.SI,20260708,线缆部件及其他,13146.39,12604.99,13295.51,12669.51,-452.16,-3.45,81780.0,1182191.0,51.61,3.15,17524932.0,33720725.0
857352.SI,20260708,光伏电池组件,980.61,933.11,989.62,939.81,-38.19,-3.91,98381.0,1041823.0,137.46,2.14,21360876.0,39221809.0
857354.SI,20260708,光伏辅材,884.54,833.4,893.03,849.51,-36.08,-4.07,25796.0,554070.0,65.93,2.36,8640087.0,17206034.0
857355.SI,20260708,光伏加工设备,2447.81,2307.11,2506.47,2366.91,-81.26,-3.32,12989.0,840349.0,50.1,4.16,15350223.0,31580830.0
857362.SI,20260708,风电零部件,7257.44,6924.21,7354.47,6968.09,-299.46,-4.12,31694.0,562118.0,33.99,1.76,11488426.0,22485006.0
857371.SI,20260708,锂电池,28599.2,27401.13,28835.13,27424.41,-1084.28,-3.8,80955.0,3804153.0,23.62,3.93,135422091.0,229443820.0
857372.SI,20260708,电池化学品,18874.96,17377.64,19072.46,17541.97,-1472.32,-7.74,119047.0,3810039.0,42.41,2.7,53195529.0,88504878.0
857373.SI,20260708,锂电专用设备,17750.29,16817.78,18499.4,17303.64,-460.47,-2.59,20542.0,735535.0,48.67,3.61,10456451.0,19783509.0
857375.SI,20260708,蓄电池及其他电池,1740.33,1666.33,1777.53,1702.74,-52.41,-2.99,15060.0,258901.0,35.45,2.32,3581923.0,7772239.0
857381.SI,20260708,输变电设备,7591.9,7261.32,7669.02,7278.54,-294.84,-3.89,47652.0,992526.0,28.28,2.66,31848774.0,52553366.0
857382.SI,20260708,配电设备,2235.08,2179.6,2277.12,2212.72,-22.23,-0.99,28542.0,425279.0,23.32,1.78,8528828.0,18377564.0
857411.SI,20260708,航天装备Ⅲ,31151.44,30325.95,31983.82,30733.29,-460.13,-1.48,23241.0,837300.0,448.64,5.62,13509093.0,43877224.0
857421.SI,20260708,航空装备Ⅲ,8550.1,8291.83,8635.33,8344.45,-213.41,-2.49,49776.0,1388191.0,65.63,3.14,44470520.0,90715040.0
857431.SI,20260708,地面兵装Ⅲ,15466.06,14838.07,15661.77,14890.33,-673.57,-4.33,23555.0,389313.0,110.8,2.9,6347866.0,12947316.0
857451.SI,20260708,军工电子Ⅲ,6929.36,6657.12,7116.47,6725.39,-167.81,-2.43,89160.0,3579863.0,103.98,4.85,53803072.0,113115152.0
857641.SI,20260708,游戏Ⅲ,2897.57,2762.49,2951.13,2858.96,-31.64,-1.09,133586.0,2252556.0,24.48,3.23,32984303.0,48554069.0
857651.SI,20260708,营销代理,2135.93,2082.48,2193.64,2137.32,-7.9,-0.37,100764.0,926598.0,172.47,3.57,13146930.0,17364495.0
857661.SI,20260708,影视动漫制作,1063.31,1035.5,1096.21,1069.91,0.05,0.01,61594.0,474531.0,192.79,2.45,7024909.0,13905946.0
857674.SI,20260708,门户网站,1328.89,1307.63,1352.56,1339.72,8.78,0.66,5756.0,73989.0,81.58,3.42,2063377.0,4701395.0
857691.SI,20260708,教育出版,171.72,169.58,173.91,172.62,0.99,0.58,6997.0,50110.0,12.74,1.14,3093963.0,11029851.0
857692.SI,20260708,大众出版,1785.71,1752.42,1828.98,1793.78,2.81,0.16,14796.0,168920.0,41.42,1.74,4747659.0,12672618.0
857821.SI,20260708,国有大型银行Ⅲ,1835.46,1817.74,1878.14,1872.39,29.48,1.6,165676.0,1105267.0,7.12,0.59,71346883.0,644775465.0
857831.SI,20260708,股份制银行Ⅲ,3957.45,3927.95,4019.54,4011.23,36.55,0.92,88248.0,797859.0,5.33,0.42,94634987.0,238381977.0
857841.SI,20260708,城商行Ⅲ,1007.22,998.91,1022.35,1015.51,4.2,0.42,75611.0,572199.0,5.71,0.51,59801894.0,119942954.0
857851.SI,20260708,农商行Ⅲ,728.5,719.8,737.1,731.47,0.02,0.0,31354.0,144788.0,5.46,0.51,13733848.0,22886612.0
858811.SI,20260708,其他运输设备,1497.68,1460.16,1534.95,1494.3,-2.07,-0.14,2695.0,34730.0,19.41,2.18,1305484.0,3488445.0
858812.SI,20260708,摩托车,4205.85,4111.04,4346.57,4217.38,-0.87,-0.02,6066.0,226113.0,25.03,3.14,6677328.0,14965562.0
859511.SI,20260708,动力煤,1958.23,1931.25,2025.37,1978.79,24.1,1.23,57129.0,797637.0,16.34,1.75,30411225.0,145955070.0
859512.SI,20260708,焦煤,4157.3,4120.42,4295.11,4212.14,63.81,1.54,33559.0,270158.0,33.91,0.86,8861221.0,22660241.0
859521.SI,20260708,焦炭Ⅲ,1051.71,1037.31,1072.11,1047.15,-4.93,-0.47,18261.0,55090.0,524.27,1.13,2284074.0,4392244.0
859621.SI,20260708,油田服务,678.85,663.47,695.28,685.26,23.77,3.59,37432.0,231514.0,20.14,1.84,2995002.0,11259519.0
859622.SI,20260708,油气及炼化工程,2828.55,2776.21,2907.88,2833.22,65.46,2.37,31574.0,247457.0,26.97,1.15,2774754.0,6182551.0
859631.SI,20260708,炼油化工,3065.29,3018.09,3152.67,3061.52,1.14,0.04,82364.0,689392.0,16.32,1.1,25084936.0,236762834.0
859632.SI,20260708,油品石化贸易,5883.83,5732.59,5936.68,5792.5,-11.12,-0.19,15562.0,125359.0,33.66,1.57,2964944.0,5925760.0
859633.SI,20260708,其他石化,2462.32,2360.58,2478.92,2395.01,-62.63,-2.55,20994.0,175375.0,30.43,1.4,6210909.0,10928790.0
859711.SI,20260708,大气治理,2554.86,2446.59,2573.57,2464.14,-101.01,-3.94,3336.0,35941.0,126.7,2.86,623508.0,1461246.0
859712.SI,20260708,水务及水治理,1323.85,1288.52,1344.22,1312.62,-14.72,-1.11,57058.0,461901.0,20.91,1.07,11847392.0,27016183.0
859713.SI,20260708,固废治理,2321.92,2231.9,2361.06,2257.82,-70.19,-3.02,68072.0,654300.0,20.08,1.69,13758639.0,31532660.0
859714.SI,20260708,综合环境治理,1616.2,1575.81,1688.78,1637.61,3.24,0.2,26718.0,179062.0,71.28,2.32,3953173.0,6931862.0
859721.SI,20260708,环保设备Ⅲ,2315.99,2227.68,2354.68,2259.31,-56.39,-2.44,31094.0,454533.0,41.87,2.46,8622794.0,16688055.0
859811.SI,20260708,生活用纸,1127.33,1105.02,1148.02,1131.77,7.2,0.64,5336.0,85362.0,25.4,1.78,1854193.0,4962836.0
859821.SI,20260708,化妆品制造及其他,2313.28,2266.1,2341.42,2295.16,-19.65,-0.85,3069.0,26637.0,49.64,2.43,961352.0,1801382.0
859822.SI,20260708,品牌化妆品,6832.31,6718.37,7064.66,6819.99,-14.89,-0.22,6237.0,141495.0,24.65,2.43,3124220.0,9016334.0
859852.SI,20260708,培训教育,507.76,497.22,528.9,503.24,-20.87,-3.98,61234.0,190343.0,67.33,6.69,3596607.0,5724429.0
859951.SI,20260708,电视广播Ⅲ,909.02,897.36,933.55,920.81,11.97,1.32,35278.0,176513.0,58.69,1.01,5902839.0,12746071.0
801001.SI,20260709,申万50,4080.16,4051.0,4233.1,4228.27,185.07,4.58,941286.0,59771395.0,27.78,3.86,1263867624.0,2521712710.0
801002.SI,20260709,申万中小,8386.15,8232.53,8534.44,8528.76,164.34,1.96,2699133.0,50495168.0,33.65,2.85,848882699.0,1552581109.0
801003.SI,20260709,申万Ａ指,4857.67,4784.46,4959.27,4955.17,118.2,2.44,12685685.0,291229150.0,24.53,2.24,4993794768.0,11462328136.0
801005.SI,20260709,申万创业,4302.99,4205.18,4417.56,4411.82,144.5,3.39,2169518.0,72607059.0,47.99,5.1,959058814.0,2062059818.0
801010.SI,20260709,农林牧渔,2297.18,2286.63,2323.3,2302.25,-6.41,-0.28,165551.0,1383708.0,37.64,2.07,52378079.0,111362174.0
801012.SI,20260709,农产品加工,1951.18,1907.14,1979.26,1944.2,-17.31,-0.88,17848.0,155229.0,35.78,1.77,6754968.0,24914276.0
801014.SI,20260709,饲料,3439.83,3373.76,3500.7,3433.19,-28.35,-0.82,29285.0,237604.0,45.41,1.95,9500665.0,19654097.0
801015.SI,20260709,渔业,608.48,596.58,618.09,609.29,-2.06,-0.34,7006.0,22909.0,127.47,2.08,883963.0,1464389.0
801016.SI,20260709,种植业,2082.49,2040.04,2127.61,2097.98,1.5,0.07,37156.0,229510.0,33.83,1.98,6550816.0,13043508.0
801017.SI,20260709,养殖业,2503.23,2476.97,2560.62,2519.61,6.56,0.26,52094.0,575156.0,34.01,2.26,23935016.0,44456012.0
801018.SI,20260709,动物保健Ⅱ,4260.71,4146.81,4329.62,4202.5,-82.14,-1.92,5926.0,73757.0,41.19,1.89,3075369.0,5199803.0
801030.SI,20260709,基础化工,4428.05,4297.14,4443.21,4430.35,11.28,0.26,794504.0,14249972.0,29.78,2.26,224752693.0,464204035.0
801032.SI,20260709,化学纤维,4389.59,4250.72,4482.95,4393.2,1.23,0.03,68652.0,471131.0,38.49,1.67,9641352.0,25809741.0
801033.SI,20260709,化学原料,3187.93,3083.51,3244.54,3173.25,1.45,0.05,140507.0,1647013.0,29.27,1.67,33428344.0,73657136.0
801034.SI,20260709,化学制品,6846.38,6594.17,7001.3,6850.38,6.82,0.1,286949.0,6430830.0,29.22,2.35,87423415.0,178274124.0
801036.SI,20260709,塑料,5324.52,5101.18,5470.08,5387.89,85.07,1.6,122425.0,2716164.0,70.07,3.72,37204663.0,75024446.0
801037.SI,20260709,橡胶,5308.69,5125.09,5520.18,5461.11,193.53,3.67,25471.0,537950.0,67.83,3.04,6168335.0,13249647.0
801038.SI,20260709,农化制品,4811.5,4614.51,4879.38,4742.38,-76.2,-1.58,138740.0,1762848.0,18.66,1.99,44295696.0,83884925.0
801039.SI,20260709,非金属材料Ⅱ,7504.37,7312.45,7860.47,7804.43,441.55,6.0,11760.0,684035.0,70.9,4.32,6590889.0,14304017.0
801040.SI,20260709,钢铁,2112.93,2051.99,2115.43,2076.14,-44.27,-2.09,213851.0,858322.0,27.53,0.93,26801790.0,78412988.0
801043.SI,20260709,冶钢原料,3107.38,3000.55,3159.2,3102.63,-28.91,-0.92,37877.0,278683.0,42.91,1.73,5861106.0,16239896.0
801044.SI,20260709,普钢,1963.1,1897.05,1975.21,1925.31,-44.51,-2.26,149495.0,375806.0,33.98,0.72,14226275.0,43840906.0
801045.SI,20260709,特钢Ⅱ,3712.79,3536.4,3735.38,3612.31,-101.16,-2.72,26480.0,203833.0,16.05,1.16,6714409.0,18332186.0
801050.SI,20260709,有色金属,7819.95,7493.64,7902.77,7852.35,-30.25,-0.38,706015.0,15438625.0,20.16,3.02,249633918.0,471089462.0
801051.SI,20260709,金属新材料,10598.24,10033.69,10851.4,10592.83,41.52,0.39,68229.0,1551707.0,75.85,4.59,20079738.0,40134605.0
801053.SI,20260709,贵金属,20543.49,20237.22,21425.23,21233.04,61.7,0.29,67275.0,1326621.0,19.44,3.37,23505165.0,43099496.0
801054.SI,20260709,小金属,39518.88,36972.31,40335.3,39424.07,13.92,0.04,117684.0,5045013.0,55.01,5.51,53410216.0,125388453.0
801055.SI,20260709,工业金属,2928.51,2819.88,2990.9,2952.42,-6.2,-0.21,401060.0,5134644.0,14.06,2.49,123908719.0,219637754.0
801056.SI,20260709,能源金属,18572.43,17355.97,18790.52,18193.84,-549.26,-2.93,51766.0,2380640.0,27.24,2.41,28730081.0,42829153.0
801072.SI,20260709,通用设备,8881.32,8528.01,9249.41,9106.52,248.12,2.8,391614.0,8942772.0,75.53,4.44,110837241.0,243236014.0
801074.SI,20260709,专用设备,12860.87,12372.87,13275.2,13113.15,361.81,2.84,238282.0,5498912.0,47.83,3.53,86627630.0,176513685.0
801076.SI,20260709,轨交设备Ⅱ,5388.6,5265.53,5448.71,5403.09,25.32,0.47,37631.0,358373.0,17.51,1.15,13140149.0,35273241.0
801077.SI,20260709,工程机械,21816.94,21182.76,22000.99,21723.14,-216.34,-0.99,61083.0,795600.0,19.04,1.91,36193404.0,70636251.0
801078.SI,20260709,自动化设备,23550.17,22857.44,24552.01,24396.92,1035.2,4.43,120157.0,6344467.0,93.46,6.91,89321322.0,148114839.0
801080.SI,20260709,电子,10872.72,10715.33,11454.55,11450.79,782.01,7.33,2109077.0,103777337.0,100.97,8.48,1209057331.0,2460603261.0
801081.SI,20260709,半导体,13016.62,12660.19,13936.73,13849.11,1094.79,8.58,564485.0,59186932.0,158.38,12.41,688541294.0,1381865957.0
801082.SI,20260709,其他电子Ⅱ,20501.44,19622.65,21349.82,21152.9,965.89,4.78,81955.0,3290472.0,75.3,7.19,28887152.0,53789686.0
801083.SI,20260709,元件,25383.59,24509.71,26618.41,26481.47,1701.79,6.87,227490.0,14953750.0,93.88,11.65,187058542.0,356331497.0
801084.SI,20260709,光学光电子,2164.85,2111.3,2268.47,2250.43,108.45,5.06,858317.0,9690475.0,74.08,3.02,97662380.0,186764887.0
801085.SI,20260709,消费电子,11285.34,10876.88,11763.35,11698.55,511.8,4.58,250195.0,10156651.0,41.76,5.18,149711550.0,384962436.0
801086.SI,20260709,电子化学品Ⅱ,15426.12,14796.68,16216.98,16100.95,997.71,6.61,126636.0,6499057.0,136.14,8.88,57196414.0,96888799.0
801092.SI,20260709,汽车服务,422.67,411.36,429.55,422.34,-4.5,-1.05,10454.0,65314.0,38.71,1.63,2210603.0,4984465.0
801093.SI,20260709,汽车零部件,7454.48,7214.86,7592.53,7462.96,14.59,0.2,290202.0,5111841.0,25.76,2.38,119674701.0,242810295.0
801095.SI,20260709,乘用车,13823.67,13689.2,14007.51,13867.43,-103.9,-0.74,35666.0,629565.0,24.24,1.58,34636967.0,91272823.0
801096.SI,20260709,商用车,6524.69,6389.14,6727.42,6628.79,90.45,1.38,41178.0,500581.0,21.84,2.4,12628956.0,25464215.0
801101.SI,20260709,计算机设备,3034.67,2967.33,3151.11,3129.33,104.65,3.46,173590.0,6108215.0,42.25,3.89,70037209.0,132113085.0
801102.SI,20260709,通信设备,11434.32,11017.02,11949.22,11877.89,672.62,6.0,309336.0,23260313.0,86.65,12.08,306593093.0,479506218.0
801103.SI,20260709,IT服务Ⅱ,4736.85,4614.44,4912.7,4863.56,114.38,2.41,325915.0,6304715.0,113.96,3.37,79134047.0,132276564.0
801104.SI,20260709,软件开发,5538.41,5438.48,5741.87,5690.39,122.34,2.2,216100.0,5443075.0,83.82,4.15,88330282.0,160867192.0
801110.SI,20260709,家用电器,8374.42,8331.71,8431.09,8426.04,16.56,0.2,124187.0,2131436.0,14.44,2.17,99673542.0,177105913.0
801111.SI,20260709,白色家电,18198.68,17966.11,18289.76,18192.91,-89.19,-0.49,19463.0,501329.0,10.93,1.97,62218632.0,95603249.0
801112.SI,20260709,黑色家电,2036.7,1975.85,2093.42,2071.18,29.87,1.46,34362.0,366857.0,31.58,2.23,8406541.0,15635608.0
801113.SI,20260709,小家电,3739.29,3684.33,3806.21,3758.18,2.86,0.08,8120.0,161216.0,21.77,2.27,6287690.0,18178571.0
801114.SI,20260709,厨卫电器,7445.08,7314.26,7606.25,7481.61,58.34,0.79,6886.0,67050.0,19.99,1.42,1929797.0,4655759.0
801115.SI,20260709,照明设备Ⅱ,4476.1,4333.25,4574.89,4507.49,37.1,0.83,11724.0,120080.0,53.58,1.96,2705696.0,8454783.0
801116.SI,20260709,家电零部件Ⅱ,6950.77,6809.98,7184.07,7127.7,140.24,2.01,41714.0,903333.0,41.8,3.79,17547644.0,33648928.0
801120.SI,20260709,食品饮料,13080.82,12920.65,13095.29,12974.14,-180.05,-1.37,135810.0,2261412.0,18.53,2.93,145654215.0,344058818.0
801124.SI,20260709,食品加工,12133.41,11850.78,12246.31,12023.49,-135.5,-1.11,41301.0,236502.0,23.86,1.91,9117637.0,21173781.0
801125.SI,20260709,白酒Ⅱ,33546.49,33144.37,33641.97,33287.77,-474.09,-1.4,13515.0,924505.0,17.87,3.31,89053779.0,222617147.0
801126.SI,20260709,非白酒,3195.13,3131.02,3218.38,3162.11,-47.48,-1.48,11720.0,134949.0,21.6,2.28,6370018.0,16329444.0
801127.SI,20260709,饮料乳品,6712.84,6599.83,6803.5,6683.22,-63.51,-0.94,30573.0,484606.0,16.72,2.75,24311058.0,40948380.0
801128.SI,20260709,休闲食品,1578.6,1535.39,1593.7,1554.25,-32.67,-2.06,11224.0,134167.0,17.13,1.84,4757781.0,11435742.0
801129.SI,20260709,调味发酵品Ⅱ,6549.21,6387.93,6593.62,6456.29,-119.84,-1.82,27476.0,346684.0,25.91,3.19,12043941.0,31554325.0
801130.SI,20260709,纺织服饰,1496.87,1474.93,1503.82,1498.36,-6.89,-0.46,126880.0,1050776.0,23.77,1.66,23964189.0,58634128.0
801131.SI,20260709,纺织制造,1629.68,1575.97,1665.48,1633.86,-3.88,-0.24,37366.0,380736.0,21.45,1.52,7060194.0,17949015.0
801132.SI,20260709,服装家纺,1490.84,1457.56,1518.76,1491.6,-7.73,-0.52,70279.0,532405.0,27.58,1.74,12929710.0,30968877.0
801133.SI,20260709,饰品,1275.93,1246.99,1296.53,1275.68,-8.5,-0.66,19235.0,137635.0,18.84,1.71,3974285.0,9716236.0
801140.SI,20260709,轻工制造,2048.32,2012.38,2057.08,2050.45,1.86,0.09,177630.0,1582763.0,30.76,1.73,36810726.0,92477257.0
801141.SI,20260709,包装印刷,2753.26,2659.41,2809.7,2762.94,18.24,0.66,62107.0,546602.0,37.58,2.27,11845035.0,24327223.0
801142.SI,20260709,家居用品,1587.18,1543.31,1621.92,1584.03,-9.38,-0.59,58271.0,633443.0,27.52,1.76,13852262.0,44597926.0
801143.SI,20260709,造纸,1983.28,1941.26,2023.79,1993.41,14.25,0.72,47129.0,284983.0,26.17,1.11,7388096.0,14554139.0
801145.SI,20260709,文娱用品,1584.39,1539.04,1601.01,1578.81,-6.63,-0.42,10124.0,117735.0,38.12,2.71,3725332.0,8997970.0
801150.SI,20260709,医药生物,7287.65,7257.76,7510.55,7403.72,63.1,0.86,663090.0,11590039.0,31.59,2.45,288823477.0,573434301.0
801151.SI,20260709,化学制药,11412.82,11227.35,11929.55,11653.41,102.54,0.89,283638.0,4927356.0,39.74,3.04,98931258.0,198684036.0
801152.SI,20260709,生物制品,5187.52,5094.53,5347.48,5227.96,14.05,0.27,62079.0,1086770.0,41.17,2.07,30762844.0,65333711.0
801153.SI,20260709,医疗器械,5479.63,5362.46,5631.05,5521.85,20.14,0.37,72309.0,1856799.0,35.44,2.3,57196220.0,121216706.0
801154.SI,20260709,医药商业,4304.21,4208.48,4372.47,4273.69,-42.1,-0.98,62606.0,338425.0,16.89,1.13,10811736.0,28025124.0
801155.SI,20260709,中药Ⅱ,5345.94,5260.34,5464.43,5350.76,-19.77,-0.37,93174.0,948973.0,22.19,1.84,36686205.0,72925846.0
801156.SI,20260709,医疗服务,6588.8,6505.45,6929.56,6820.92,193.2,2.92,89284.0,2431716.0,27.27,3.31,54435214.0,87248877.0
801160.SI,20260709,公用事业,2412.65,2390.41,2421.76,2415.14,-7.39,-0.31,606942.0,4534272.0,20.47,1.54,113674637.0,395433959.0
801161.SI,20260709,电力,3181.28,3126.62,3221.62,3185.86,-7.91,-0.25,564814.0,4100141.0,20.34,1.52,104499862.0,371127797.0
801163.SI,20260709,燃气Ⅱ,2938.62,2868.3,3014.63,2928.11,-28.28,-0.96,42128.0,434131.0,22.17,1.74,9174775.0,24306162.0
801170.SI,20260709,交通运输,1984.17,1959.93,1988.15,1974.75,-15.33,-0.77,303712.0,1970072.0,16.02,1.13,85830168.0,277252907.0
801178.SI,20260709,物流,4043.04,3954.35,4072.37,4011.73,-41.78,-1.03,53802.0,518471.0,16.06,1.06,23811063.0,59013516.0
801179.SI,20260709,铁路公路,1462.72,1436.13,1472.58,1449.99,-16.31,-1.11,58397.0,324625.0,16.38,0.84,19750292.0,71505251.0
801180.SI,20260709,房地产,1834.77,1827.02,1858.87,1856.87,21.35,1.16,346937.0,1613137.0,19.54,0.77,39895236.0,89971184.0
801181.SI,20260709,房地产开发,2129.23,2090.08,2191.97,2155.71,26.21,1.23,326586.0,1548867.0,18.93,0.75,37728389.0,85222017.0
801183.SI,20260709,房地产服务,690.71,678.86,706.48,694.34,-0.05,-0.01,20351.0,64270.0,44.63,1.32,2166847.0,4749168.0
801191.SI,20260709,多元金融,1107.95,1085.79,1126.95,1114.65,1.49,0.13,70982.0,464263.0,19.99,1.18,14530261.0,44347331.0
801193.SI,20260709,证券Ⅱ,6325.52,6268.0,6466.82,6447.98,135.24,2.14,352522.0,4371299.0,15.96,1.23,161923095.0,331432151.0
801194.SI,20260709,保险Ⅱ,1105.85,1095.65,1114.65,1111.35,-2.32,-0.21,23209.0,775499.0,6.45,0.95,66564011.0,188617387.0
801200.SI,20260709,商贸零售,1688.37,1666.08,1700.47,1688.53,-5.1,-0.3,176344.0,1192206.0,32.38,1.54,36974237.0,82182994.0
801202.SI,20260709,贸易Ⅱ,3994.95,3875.92,4095.58,4040.8,35.61,0.89,20077.0,131870.0,21.77,1.27,3902134.0,12466420.0
801203.SI,20260709,一般零售,2535.67,2485.05,2574.74,2529.55,-13.94,-0.55,120882.0,601782.0,35.87,1.36,19861338.0,43893763.0
801204.SI,20260709,专业连锁Ⅱ,3258.2,3185.44,3305.37,3254.84,-2.79,-0.09,7871.0,65439.0,53.66,2.46,2357401.0,4118523.0
801206.SI,20260709,互联网电商,9591.93,9338.66,9813.61,9652.34,29.27,0.3,22715.0,244666.0,32.49,2.35,5870747.0,10926753.0
801210.SI,20260709,社会服务,7063.85,6880.02,7075.77,7007.47,-95.81,-1.35,144340.0,1086297.0,37.75,2.41,22836481.0,45293297.0
801218.SI,20260709,专业服务,5962.84,5723.3,6095.5,5941.9,-1.69,-0.03,34166.0,468872.0,29.19,2.47,9396703.0,20249689.0
801219.SI,20260709,酒店餐饮,1370.7,1339.13,1381.49,1349.04,-28.47,-2.07,6851.0,63562.0,24.46,1.43,2310130.0,4926227.0
801223.SI,20260709,通信服务,2102.77,2055.22,2136.99,2110.09,6.45,0.31,111178.0,1484352.0,25.6,1.69,36464451.0,99755240.0
801230.SI,20260709,综合,4331.9,4303.97,4489.12,4482.93,143.31,3.3,45994.0,616560.0,97.85,2.91,10362823.0,20743032.0
801231.SI,20260709,综合Ⅱ,4328.43,4239.64,4537.05,4479.34,143.2,3.3,45994.0,616560.0,97.85,2.91,10362823.0,20743032.0
801250.SI,20260709,申万制造,8473.05,8304.71,8771.87,8764.06,394.49,4.71,4946005.0,189896832.0,54.0,6.56,2638848085.0,5111780260.0
801260.SI,20260709,申万消费,5542.4,5509.89,5604.77,5569.63,-6.9,-0.12,1273302.0,18817050.0,19.48,2.98,642037090.0,1388562574.0
801270.SI,20260709,申万投资,4078.0,3958.3,4098.99,4081.94,-4.22,-0.1,2610575.0,39212126.0,20.28,2.4,677470773.0,1691652535.0
801280.SI,20260709,申万服务,2479.46,2468.11,2502.97,2499.81,11.26,0.45,3809809.0,42686583.0,11.14,1.43,1185854890.0,3249654334.0
801300.SI,20260709,申万300指数,3718.58,3674.43,3828.66,3825.19,134.01,3.63,3064412.0,138266512.0,23.56,2.63,2578719928.0,5737428628.0
801710.SI,20260709,建筑材料,6796.19,6564.41,6866.41,6849.11,118.59,1.76,188726.0,4128229.0,40.36,1.68,48746781.0,126508515.0
801711.SI,20260709,水泥,3822.87,3731.02,3866.34,3805.66,-16.28,-0.43,29824.0,262715.0,20.05,0.63,9558185.0,21156715.0
801712.SI,20260709,玻璃玻纤,26167.11,24897.43,26962.54,26675.32,975.96,3.8,101400.0,3288355.0,76.96,4.68,27229679.0,81718132.0
801713.SI,20260709,装修建材,4424.07,4251.66,4495.34,4387.78,-40.85,-0.92,57502.0,577159.0,34.3,1.71,11958917.0,23633669.0
801720.SI,20260709,建筑装饰,1965.19,1934.46,1973.96,1969.65,5.22,0.27,348218.0,3345602.0,13.38,0.7,63035773.0,163051691.0
801721.SI,20260709,房屋建设Ⅱ,2785.09,2737.38,2799.13,2757.57,-39.83,-1.42,35663.0,176252.0,7.39,0.44,7255385.0,25544253.0
801722.SI,20260709,装修装饰Ⅱ,4063.27,3938.11,4196.54,4100.94,43.97,1.08,44002.0,301006.0,71.83,2.5,5146850.0,11124651.0
801723.SI,20260709,基础建设,2015.29,1980.34,2033.51,2012.05,-9.53,-0.47,124995.0,500454.0,9.1,0.47,23667131.0,65083833.0
801724.SI,20260709,专业工程,1876.51,1816.53,1921.45,1875.27,0.2,0.01,81715.0,1151088.0,21.85,1.13,17013211.0,40226120.0
801726.SI,20260709,工程咨询服务Ⅱ,2216.31,2166.84,2292.79,2265.68,74.41,3.4,61844.0,1216802.0,49.61,2.05,9953196.0,21072835.0
801730.SI,20260709,电力设备,9695.33,9413.06,9805.78,9794.14,115.73,1.2,871605.0,21513374.0,33.69,3.09,438364637.0,798677001.0
801731.SI,20260709,电机Ⅱ,12650.7,12245.67,12961.39,12781.77,40.47,0.32,43456.0,739416.0,48.85,3.22,12289846.0,29223369.0
801733.SI,20260709,其他电源设备Ⅱ,42480.59,41244.44,44039.77,43642.47,1529.13,3.63,71398.0,2394426.0,69.08,3.74,33393229.0,68827636.0
801735.SI,20260709,光伏设备,5931.21,5695.31,6033.12,5960.39,65.46,1.11,199024.0,4402078.0,49.16,2.94,82065060.0,153234185.0
801736.SI,20260709,风电设备,2247.64,2165.09,2290.61,2256.67,5.63,0.25,58629.0,1031470.0,33.41,1.64,19683278.0,36313812.0
801737.SI,20260709,电池,23608.55,22898.65,24303.77,23946.18,332.61,1.41,250755.0,8855592.0,28.08,3.51,205818215.0,350855831.0
801738.SI,20260709,电网设备,5442.24,5214.18,5513.72,5443.79,10.33,0.19,248344.0,4090391.0,30.97,2.76,85115010.0,160222168.0
801740.SI,20260709,国防军工,1774.33,1729.81,1801.82,1799.74,32.1,1.82,236996.0,7654657.0,65.28,3.5,146923023.0,317734487.0
801741.SI,20260709,航天装备Ⅱ,30722.63,30359.79,32033.16,31960.48,1227.81,4.0,26236.0,950305.0,466.56,5.85,14048799.0,46190447.0
801742.SI,20260709,航空装备Ⅱ,8426.42,8172.9,8576.85,8532.06,119.32,1.42,56406.0,1562184.0,66.56,3.18,45101265.0,91876588.0
801743.SI,20260709,地面兵装Ⅱ,14895.55,14411.04,15265.11,15042.61,152.36,1.02,26026.0,414882.0,111.9,2.93,6412818.0,13088065.0
801744.SI,20260709,航海装备Ⅱ,3270.48,3154.93,3325.9,3253.43,-22.35,-0.68,29799.0,927031.0,27.65,2.22,25993252.0,50306037.0
801745.SI,20260709,军工电子Ⅱ,6790.17,6539.13,7017.34,6920.88,195.48,2.91,98528.0,3800256.0,107.04,4.99,55366889.0,116273351.0
801750.SI,20260709,计算机,4454.77,4445.62,4586.5,4580.91,117.7,2.64,715605.0,17856005.0,69.12,3.79,237501537.0,425256841.0
801760.SI,20260709,传媒,654.03,650.53,671.0,664.39,4.2,0.64,454625.0,5050707.0,34.73,2.5,79467786.0,139909387.0
801764.SI,20260709,游戏Ⅱ,2832.91,2772.5,2942.71,2875.05,16.1,0.56,131208.0,2274850.0,24.62,3.25,33170091.0,48808254.0
801765.SI,20260709,广告营销,2294.37,2252.77,2391.58,2346.99,17.84,0.77,149309.0,1271758.0,54.3,3.83,18308104.0,25266814.0
801766.SI,20260709,影视院线,1031.0,1009.3,1071.32,1047.53,7.55,0.73,87184.0,644469.0,244.27,2.61,8900396.0,17817769.0
801767.SI,20260709,数字媒体,1493.71,1459.39,1537.64,1509.41,7.41,0.49,20637.0,320676.0,61.77,2.48,5257288.0,11570514.0
801769.SI,20260709,出版,1338.13,1315.21,1382.45,1352.76,12.76,0.95,31474.0,368146.0,21.7,1.44,7916304.0,23697352.0
801770.SI,20260709,通信,8371.26,8143.52,8689.34,8663.59,441.26,5.37,420513.0,24744665.0,69.28,7.34,343057545.0,579261458.0
801780.SI,20260709,银行,3822.84,3794.52,3832.66,3809.16,-35.23,-0.92,342266.0,2470516.0,5.82,0.49,237322540.0,1015153703.0
801782.SI,20260709,国有大型银行Ⅱ,1859.59,1836.44,1867.3,1848.0,-24.39,-1.3,149104.0,989114.0,7.03,0.58,70417483.0,636872915.0
801783.SI,20260709,股份制银行Ⅱ,3989.55,3951.32,4011.42,3982.18,-29.06,-0.72,86688.0,775650.0,5.3,0.42,93949339.0,236597660.0
801784.SI,20260709,城商行Ⅱ,1011.04,1000.36,1016.51,1007.47,-8.04,-0.79,74927.0,561977.0,5.67,0.51,59328163.0,118960913.0
801785.SI,20260709,农商行Ⅱ,727.23,719.41,734.67,725.81,-5.66,-0.77,31546.0,143775.0,5.42,0.51,13627556.0,22722215.0
801790.SI,20260709,非银金融,1746.79,1737.92,1774.18,1772.26,23.9,1.37,446713.0,5611062.0,11.47,1.14,243017366.0,564396869.0
801811.SI,20260709,大盘指数,4137.03,4102.56,4246.53,4241.97,130.05,3.16,2238642.0,92708528.0,19.14,2.09,2168694311.0,5260876784.0
801812.SI,20260709,中盘指数,5424.4,5321.14,5562.65,5559.83,167.52,3.11,2273567.0,72540195.0,34.57,2.64,1063091003.0,2240728304.0
801813.SI,20260709,小盘指数,5950.21,5831.33,6054.06,6047.49,119.97,2.02,2660530.0,57770478.0,37.3,2.41,838817235.0,1704053362.0
801821.SI,20260709,高市盈率指数,1723.14,1695.64,1802.24,1799.92,99.04,5.82,708066.0,43488045.0,210.33,12.63,495773798.0,1034058149.0
801822.SI,20260709,中市盈率指数,4816.55,4702.39,4893.0,4891.61,108.57,2.27,656384.0,19604451.0,39.74,3.23,262071214.0,510562175.0
801823.SI,20260709,低市盈率指数,7188.05,7149.41,7201.05,7186.88,-30.24,-0.42,1101759.0,10939623.0,7.88,0.74,674813657.0,2212583975.0
801831.SI,20260709,高市净率指数,2887.23,2825.01,3026.39,3023.72,195.72,6.92,681253.0,85546392.0,134.23,21.94,1113886882.0,2255228334.0
801832.SI,20260709,中市净率指数,4367.38,4286.29,4387.56,4382.66,0.28,0.01,605306.0,7994495.0,25.42,2.46,196495539.0,377044809.0
801833.SI,20260709,低市净率指数,6714.84,6664.03,6724.53,6698.19,-43.68,-0.65,1047913.0,5752672.0,7.81,0.52,416660570.0,1509940075.0
801841.SI,20260709,高价股指数,5374.37,5289.3,5616.54,5610.49,327.13,6.19,428868.0,94189381.0,63.53,11.2,1467547821.0,2836959994.0
801842.SI,20260709,中价股指数,4082.69,4012.87,4116.71,4113.74,22.95,0.56,559538.0,8087105.0,27.66,2.15,154656675.0,341197138.0
801843.SI,20260709,低价股指数,13877.77,13742.92,14018.67,13866.11,-59.53,-0.43,1644733.0,3783606.0,23.86,0.94,125316143.0,260924298.0
801851.SI,20260709,亏损股指数,3886.69,3829.58,3970.05,3967.87,87.28,2.25,3260862.0,41753285.0,,2.87,587912378.0,1210615540.0
801852.SI,20260709,微利股指数,2753.21,2705.07,2840.82,2837.85,86.57,3.15,198935.0,3917728.0,66.54,2.34,64288104.0,119125443.0
801853.SI,20260709,绩优股指数,6451.27,6358.51,6643.14,6631.7,230.72,3.6,244169.0,28515382.0,27.22,7.19,714104876.0,1478317566.0
801863.SI,20260709,新股指数,2541.6,2529.89,2649.43,2648.2,135.52,5.39,89140.0,5547078.0,160.02,7.32,39160772.0,403733518.0
801880.SI,20260709,汽车,6560.94,6439.88,6582.82,6576.74,2.14,0.03,388471.0,6551440.0,25.12,2.16,177068492.0,382869370.0
801881.SI,20260709,摩托车及其他,3154.73,3070.75,3224.81,3148.18,-26.06,-0.82,10970.0,244139.0,23.71,2.91,7917264.0,18337571.0
801890.SI,20260709,机械设备,2450.49,2390.07,2504.27,2501.96,66.26,2.72,848767.0,21940123.0,48.07,3.59,336119745.0,673774030.0
801950.SI,20260709,煤炭,2988.77,2961.73,3025.15,2964.4,-56.13,-1.86,98832.0,932651.0,19.18,1.37,40784289.0,170574264.0
801951.SI,20260709,煤炭开采,3432.18,3370.28,3491.57,3403.64,-66.61,-1.92,79691.0,876434.0,18.15,1.39,38518652.0,166217185.0
801952.SI,20260709,焦炭Ⅱ,1044.34,1021.93,1063.48,1038.7,-8.45,-0.81,19140.0,56218.0,520.03,1.12,2265636.0,4357080.0
801960.SI,20260709,石油石化,2425.32,2383.18,2445.82,2399.72,-13.24,-0.55,283289.0,2089354.0,18.04,1.24,49022915.0,285171801.0
801962.SI,20260709,油服工程,2159.5,2110.38,2236.01,2143.52,18.28,0.86,90113.0,693509.0,23.13,1.44,5819393.0,17418494.0
801963.SI,20260709,炼化及贸易,2761.44,2688.6,2803.57,2743.08,-16.27,-0.59,121977.0,1001540.0,18.62,1.17,34058782.0,254778599.0
801970.SI,20260709,环保,1942.89,1901.32,1951.08,1932.94,-10.24,-0.53,185148.0,1802879.0,25.79,1.57,38600993.0,83127817.0
801971.SI,20260709,环境治理,1852.87,1790.1,1884.89,1839.24,-15.44,-0.83,150343.0,1292678.0,22.96,1.4,29931508.0,66369292.0
801972.SI,20260709,环保设备Ⅱ,2265.5,2178.87,2329.08,2271.55,12.23,0.54,34805.0,510202.0,42.12,2.47,8669485.0,16758526.0
801980.SI,20260709,美容护理,3306.88,3254.07,3340.79,3286.99,-39.07,-1.17,16699.0,282944.0,28.62,2.3,8416700.0,22134650.0
801981.SI,20260709,个护用品,1184.43,1156.71,1208.18,1176.47,-16.9,-1.42,6573.0,101205.0,26.38,1.81,2359689.0,6589890.0
801982.SI,20260709,化妆品,5682.88,5556.16,5771.53,5650.35,-69.61,-1.22,9190.0,147824.0,27.82,2.4,4035850.0,10706421.0
801991.SI,20260709,航空机场,2307.29,2267.57,2320.02,2295.19,-38.07,-1.63,87731.0,387147.0,24.09,2.11,16219243.0,46055171.0
801992.SI,20260709,航运港口,3076.55,3032.11,3118.13,3080.71,8.63,0.28,103783.0,739828.0,13.05,1.18,26049570.0,100678968.0
801993.SI,20260709,旅游及景区,1807.05,1755.23,1827.61,1781.83,-53.84,-2.93,39146.0,319658.0,41.59,2.26,5986554.0,11990410.0
801994.SI,20260709,教育,1556.01,1500.62,1591.61,1546.16,-25.97,-1.65,60391.0,208795.0,81.02,3.79,4576556.0,7322627.0
801995.SI,20260709,电视广播Ⅱ,913.28,900.85,933.98,922.8,1.99,0.22,34813.0,170807.0,58.84,1.01,5915602.0,12748684.0
850111.SI,20260709,种子,2341.36,2296.6,2364.93,2323.64,-29.09,-1.24,11098.0,58554.0,107.56,2.18,2526149.0,4191019.0
850113.SI,20260709,其他种植业,1402.78,1376.33,1453.9,1438.27,28.92,2.05,17423.0,83299.0,39.31,1.98,2214911.0,4420982.0
850122.SI,20260709,水产养殖,384.86,378.21,392.33,386.89,-0.4,-0.1,6214.0,17089.0,281.19,2.36,667479.0,1012933.0
850135.SI,20260709,食品及饲料添加剂,2364.4,2322.39,2408.37,2355.28,-15.2,-0.64,17283.0,222861.0,16.4,1.71,10676814.0,23018339.0
850136.SI,20260709,有机硅,5192.32,5077.23,5703.92,5576.64,310.17,5.89,46179.0,1106792.0,73.01,2.85,4978475.0,14097929.0
850142.SI,20260709,畜禽饲料,1078.87,1062.1,1101.88,1086.51,0.32,0.03,22457.0,122658.0,1170.21,1.54,4650173.0,8278987.0
850151.SI,20260709,果蔬加工,1683.06,1607.86,1690.43,1650.33,-26.53,-1.58,3507.0,48751.0,44.27,3.8,1310741.0,3413810.0
850152.SI,20260709,粮油加工,1264.83,1247.89,1278.27,1260.38,-12.24,-0.96,3192.0,33932.0,36.24,1.47,2148929.0,15165037.0
850154.SI,20260709,其他农产品加工,2528.65,2479.08,2581.6,2535.83,-14.0,-0.55,11150.0,72547.0,32.99,1.63,3295297.0,6335430.0
850172.SI,20260709,生猪养殖,4732.67,4684.8,4839.83,4766.71,20.3,0.43,38115.0,460220.0,35.38,2.34,20745070.0,37360735.0
850173.SI,20260709,肉鸡养殖,704.64,695.92,722.15,706.52,-6.64,-0.93,10339.0,104693.0,24.11,1.73,2803705.0,6298312.0
850181.SI,20260709,动物保健Ⅲ,4261.05,4147.14,4329.96,4202.84,-82.14,-1.92,5926.0,73757.0,41.19,1.89,3075369.0,5199803.0
850232.SI,20260709,汽车经销商,389.03,380.74,394.05,386.58,-4.52,-1.16,3776.0,11773.0,55.25,1.39,650987.0,1614980.0
850233.SI,20260709,汽车综合服务,1624.91,1577.7,1653.68,1627.39,-16.62,-1.01,6678.0,53541.0,34.0,1.76,1559616.0,3369486.0
850322.SI,20260709,氯碱,1245.35,1211.26,1274.32,1247.34,-1.24,-0.1,47538.0,366812.0,41.31,1.24,6964823.0,14020002.0
850323.SI,20260709,无机盐,24053.19,22955.43,24640.79,24212.81,483.31,2.04,15469.0,449505.0,69.73,3.19,6093037.0,12310416.0
850324.SI,20260709,其他化学原料,4199.32,4031.46,4244.26,4168.64,-12.06,-0.29,20082.0,359106.0,21.02,2.13,6706991.0,15051270.0
850325.SI,20260709,煤化工,6623.27,6436.18,6724.5,6514.91,-32.8,-0.5,29491.0,314594.0,16.75,1.58,7114195.0,21488133.0
850326.SI,20260709,钛白粉,637.06,621.79,648.26,633.8,-2.29,-0.36,17661.0,103165.0,57.77,1.6,4009439.0,6572201.0
850331.SI,20260709,氮肥,5037.95,4891.72,5114.64,4983.92,-60.33,-1.2,19915.0,162882.0,17.22,1.48,5246560.0,8332530.0
850332.SI,20260709,磷肥及磷化工,2023.18,1921.96,2040.8,1982.44,-46.0,-2.27,48966.0,597969.0,21.61,1.96,11080452.0,19084958.0
850333.SI,20260709,农药,3069.8,2995.7,3154.74,3090.37,5.83,0.19,32255.0,339852.0,26.99,1.53,9442143.0,18959328.0
850335.SI,20260709,涂料油墨,8195.24,7686.0,8390.57,8019.21,-206.26,-2.51,16175.0,402717.0,115.84,4.48,3691391.0,9110461.0
850337.SI,20260709,民爆制品,4019.15,3833.14,4042.08,3900.55,-141.63,-3.5,22496.0,369152.0,24.08,2.1,6325149.0,11435621.0
850338.SI,20260709,纺织化学制品,2187.69,2125.08,2248.9,2213.27,27.32,1.25,22567.0,213084.0,23.46,1.27,5374978.0,8790292.0
850339.SI,20260709,其他化学制品,2238.42,2147.17,2292.28,2240.76,4.68,0.21,90276.0,1582721.0,46.73,2.29,22400179.0,47743651.0
850341.SI,20260709,涤纶,5783.55,5526.77,5848.58,5697.33,-96.53,-1.67,18089.0,99754.0,27.17,1.35,2475446.0,7067942.0
850343.SI,20260709,粘胶,2504.6,2436.28,2581.48,2531.98,17.29,0.69,23303.0,81988.0,69.19,1.76,1336581.0,2011657.0
850351.SI,20260709,其他塑料制品,3694.64,3533.87,3762.35,3684.68,0.75,0.02,19846.0,299381.0,64.81,2.11,5410454.0,10931627.0
850353.SI,20260709,改性塑料,4581.44,4428.54,4707.61,4645.04,47.9,1.04,21942.0,463706.0,45.51,2.89,9060004.0,16370264.0
850354.SI,20260709,合成树脂,5510.88,5289.99,5655.92,5577.29,118.27,2.17,25180.0,705576.0,61.89,5.32,8776792.0,19409065.0
850355.SI,20260709,膜材料,3736.85,3557.19,3854.24,3797.72,83.47,2.25,55457.0,1247501.0,127.93,4.67,13957413.0,28313490.0
850362.SI,20260709,其他橡胶制品,3908.67,3751.86,4011.21,3958.5,65.97,1.69,8916.0,110010.0,98.93,2.6,2570887.0,4534670.0
850363.SI,20260709,炭黑,3156.03,3007.7,3213.26,3153.24,-5.88,-0.19,8910.0,91148.0,39.46,1.86,1238933.0,2621200.0
850372.SI,20260709,聚氨酯,17356.26,16716.07,17388.33,17101.52,-251.97,-1.45,11945.0,367129.0,17.8,1.95,13959040.0,24388322.0
850381.SI,20260709,复合肥,4324.73,4186.61,4356.6,4256.74,-82.43,-1.9,19570.0,112624.0,13.08,1.43,3979183.0,7211471.0
850382.SI,20260709,氟化工,9634.08,9246.45,9857.67,9697.2,143.8,1.51,53220.0,2024244.0,42.61,5.04,18510103.0,37266108.0
850412.SI,20260709,特钢Ⅲ,2542.46,2421.67,2557.92,2473.65,-69.27,-2.72,26480.0,203833.0,16.05,1.16,6714409.0,18332186.0
850442.SI,20260709,板材,2005.48,1932.85,2016.69,1962.9,-48.79,-2.43,137700.0,338723.0,37.8,0.74,12269491.0,39756587.0
850521.SI,20260709,其他金属新材料,8242.3,7846.15,8426.03,8298.61,109.35,1.34,28918.0,588952.0,90.54,4.74,9853249.0,19652619.0
850522.SI,20260709,磁性材料,11097.26,10451.25,11379.16,11014.21,-55.07,-0.5,39311.0,962755.0,65.08,4.44,10226489.0,20481985.0
850523.SI,20260709,非金属材料Ⅲ,6689.63,6518.54,7007.06,6957.1,393.61,6.0,11760.0,684035.0,70.9,4.32,6590889.0,14304017.0
850531.SI,20260709,黄金,20583.85,20290.65,21477.06,21277.25,56.98,0.27,54612.0,1229847.0,18.72,3.29,22068843.0,40894664.0
850544.SI,20260709,其他小金属,25503.3,23771.54,26178.54,25600.89,231.55,0.91,50742.0,2236032.0,61.29,4.28,20400775.0,36749739.0
850551.SI,20260709,铝,4470.92,4265.25,4510.6,4419.06,-81.89,-1.82,152072.0,1553530.0,11.07,1.64,31457043.0,55276040.0
850552.SI,20260709,铜,7961.63,7714.84,8171.05,8097.04,36.85,0.46,167888.0,2522338.0,14.48,3.07,76722751.0,138126444.0
850553.SI,20260709,铅锌,4886.31,4649.93,4996.22,4914.26,-8.19,-0.17,81100.0,1058775.0,23.38,2.9,15728925.0,26235271.0
850614.SI,20260709,其他建材,7207.21,6893.37,7307.97,7094.24,-116.56,-1.62,21884.0,247839.0,24.64,1.67,5312922.0,11081782.0
850615.SI,20260709,耐火材料,6037.17,5770.13,6177.17,6073.61,29.86,0.49,11385.0,70131.0,50.49,1.7,1658868.0,2967002.0
850616.SI,20260709,管材,3918.53,3793.49,3978.01,3881.62,-73.69,-1.86,12027.0,134422.0,31.08,1.85,1559273.0,3360626.0
850623.SI,20260709,房屋建设Ⅲ,2785.25,2737.54,2799.29,2757.73,-39.84,-1.42,35663.0,176252.0,7.39,0.44,7255385.0,25544253.0
850702.SI,20260709,安防设备,14738.65,14572.65,15309.15,15245.41,331.5,2.22,32095.0,813570.0,22.91,3.0,21062471.0,50809084.0
850703.SI,20260709,其他计算机设备,5424.21,5278.47,5631.56,5586.02,214.92,4.0,141495.0,5294645.0,65.21,4.42,48974737.0,81304002.0
850711.SI,20260709,机床工具,1702.91,1632.83,1746.53,1716.6,11.37,0.67,33900.0,487034.0,83.16,4.05,6603871.0,13683035.0
850713.SI,20260709,磨具磨料,4173.78,4001.34,4393.39,4318.55,144.23,3.46,50234.0,1244056.0,140.5,6.01,8621378.0,16078840.0
850715.SI,20260709,制冷空调设备,21324.9,20528.27,22190.77,22045.26,960.15,4.55,24152.0,899826.0,61.49,3.79,10053840.0,20882096.0
850716.SI,20260709,其他通用设备,9360.92,8993.66,9847.03,9650.73,255.9,2.72,105764.0,1916156.0,47.45,3.88,21257173.0,41178920.0
850721.SI,20260709,纺织服装设备,1594.34,1528.75,1633.42,1603.21,21.25,1.34,24311.0,233942.0,44.35,2.68,3576160.0,8257630.0
850725.SI,20260709,能源及重型设备,2403.88,2336.24,2468.76,2444.19,59.67,2.5,94721.0,1301842.0,35.71,2.7,27688552.0,56672375.0
850726.SI,20260709,印刷包装机械,3665.36,3583.08,3730.56,3689.62,19.2,0.52,7026.0,103213.0,45.65,2.71,2662852.0,4969346.0
850727.SI,20260709,其他专用设备,24806.98,23676.23,25744.17,25419.05,867.89,3.54,93994.0,3688609.0,65.37,5.19,47885668.0,95218580.0
850728.SI,20260709,楼宇设备,13236.98,12931.16,13531.76,13353.82,101.34,0.76,10519.0,118443.0,34.65,1.93,3504953.0,7706931.0
850731.SI,20260709,仪器仪表,7358.57,7076.49,7755.1,7632.2,271.09,3.68,38689.0,1522838.0,136.51,7.19,27884442.0,68745148.0
850741.SI,20260709,电机Ⅲ,12660.9,12255.55,12971.84,12792.08,40.5,0.32,43456.0,739416.0,48.85,3.22,12289846.0,29223369.0
850751.SI,20260709,金属制品,10026.91,9613.55,10294.31,10147.49,193.99,1.95,138875.0,2872862.0,68.28,3.53,36416536.0,82667976.0
850771.SI,20260709,工程机械整机,18613.31,18075.95,18737.77,18512.93,-192.1,-1.03,54588.0,568516.0,16.73,1.65,29334388.0,50384328.0
850772.SI,20260709,工程机械器件,5678.02,5508.12,5768.65,5680.33,-46.42,-0.81,6495.0,227084.0,54.18,7.23,6859016.0,20251922.0
850781.SI,20260709,机器人,15303.6,14940.32,15847.96,15736.68,313.2,2.03,45879.0,1890819.0,197.24,7.61,15157471.0,26338568.0
850782.SI,20260709,工控设备,6112.76,5987.49,6352.13,6316.06,232.63,3.82,38827.0,1430802.0,58.71,5.1,30137759.0,50268903.0
850783.SI,20260709,激光设备,17226.04,16562.33,18004.84,17876.6,943.69,5.57,21258.0,2167061.0,105.47,8.42,30136933.0,42163907.0
850784.SI,20260709,其他自动化设备,6542.16,6310.66,6881.5,6845.83,388.13,6.01,14194.0,855785.0,191.08,9.98,13889158.0,29343462.0
850812.SI,20260709,分立器件,4957.03,4781.65,5242.43,5211.38,355.22,7.31,66263.0,4440229.0,220.82,8.29,46584238.0,81414578.0
850813.SI,20260709,半导体材料,18801.07,18397.4,20336.5,20241.43,1892.22,10.31,94266.0,7293722.0,290.88,11.04,53517339.0,141085926.0
850814.SI,20260709,数字芯片设计,7693.74,7479.84,8143.91,8100.78,583.91,7.77,121321.0,24169383.0,127.99,16.28,286122720.0,603250014.0
850815.SI,20260709,模拟芯片设计,5219.37,5007.35,5398.04,5350.41,184.88,3.58,40693.0,2695610.0,208.26,6.9,41980638.0,73640672.0
850817.SI,20260709,集成电路封测,14082.31,13707.9,15196.37,15143.12,1407.83,10.25,131407.0,6979184.0,120.82,6.88,44046531.0,98008891.0
850818.SI,20260709,半导体设备,93794.15,91548.84,101990.33,101054.5,8817.05,9.56,41118.0,8644220.0,171.52,19.86,154401864.0,285904161.0
850822.SI,20260709,印制电路板,20823.56,20190.15,21924.68,21826.25,1523.42,7.5,166944.0,11577873.0,97.91,13.02,148511006.0,295030602.0
850823.SI,20260709,被动元件,21809.89,20729.65,22523.15,22350.65,959.8,4.49,60546.0,3375877.0,80.88,8.26,38547537.0,61300895.0
850831.SI,20260709,面板,1577.06,1554.51,1660.79,1648.58,85.47,5.47,682285.0,6083507.0,53.38,2.35,52992399.0,112317575.0
850832.SI,20260709,LED,1984.4,1933.38,2065.06,2052.17,86.54,4.4,118382.0,1490649.0,190.63,2.8,18422098.0,30295824.0
850833.SI,20260709,光学元件,5824.49,5563.28,6072.03,6009.16,270.68,4.72,57651.0,2116319.0,114.6,8.75,26247883.0,44151487.0
850841.SI,20260709,其他电子Ⅲ,20550.81,19669.91,21401.24,21203.85,968.22,4.78,81955.0,3290472.0,75.3,7.19,28887152.0,53789686.0
850853.SI,20260709,品牌消费电子,3379.51,3333.93,3607.49,3576.88,166.18,4.87,12442.0,596851.0,32.05,3.65,11039428.0,27897638.0
850854.SI,20260709,消费电子零部件及组装,8329.05,8012.86,8665.57,8619.89,375.25,4.55,237752.0,9559800.0,42.78,5.35,138672122.0,357064798.0
850861.SI,20260709,电子化学品Ⅲ,15426.14,14796.7,16217.0,16100.97,997.71,6.61,126636.0,6499057.0,136.14,8.88,57196414.0,96888799.0
850912.SI,20260709,商用载货车,3392.52,3327.85,3548.73,3516.28,116.98,3.44,33400.0,405529.0,39.26,2.08,7987859.0,17379141.0
850913.SI,20260709,商用载客车,8751.24,8545.01,8809.39,8597.83,-173.05,-1.97,7778.0,95052.0,12.71,3.2,4641097.0,8085074.0
850922.SI,20260709,车身附件及饰件,10653.15,10354.49,10790.23,10592.59,-79.66,-0.75,33307.0,620830.0,18.01,2.1,22584833.0,43380511.0
850923.SI,20260709,底盘与发动机系统,6759.22,6533.88,6881.93,6766.07,23.28,0.35,134474.0,2370838.0,29.58,2.77,54999515.0,101332196.0
850924.SI,20260709,轮胎轮毂,3383.32,3277.16,3409.76,3335.2,-65.37,-1.92,25864.0,264179.0,15.86,1.4,9752185.0,22739967.0
850925.SI,20260709,其他汽车零部件,2707.78,2624.22,2791.55,2755.69,46.75,1.73,46076.0,932616.0,36.8,2.33,16127267.0,34754808.0
850926.SI,20260709,汽车电子电气系统,4551.56,4389.58,4652.11,4571.27,37.27,0.82,50481.0,923378.0,38.15,2.9,16210902.0,40602813.0
850935.SI,20260709,航海装备Ⅲ,3270.71,3155.14,3326.13,3253.65,-22.35,-0.68,29799.0,927031.0,27.65,2.22,25993252.0,50306037.0
850936.SI,20260709,轨交设备Ⅲ,5385.26,5262.26,5445.33,5399.74,25.3,0.47,37631.0,358373.0,17.51,1.15,13140149.0,35273241.0
850952.SI,20260709,综合乘用车,5429.35,5354.91,5454.79,5396.7,-50.36,-0.92,21937.0,144687.0,17.31,0.64,8659186.0,31483104.0
851024.SI,20260709,通信网络设备及器件,53744.85,52019.12,56378.61,56058.58,3488.68,6.64,143626.0,15686209.0,89.47,16.91,239070625.0,358013054.0
851025.SI,20260709,通信线缆及配套,10855.01,10224.87,11216.36,11150.67,522.02,4.91,105809.0,5708857.0,83.47,6.85,42673729.0,73749032.0
851026.SI,20260709,通信终端及配件,2269.09,2172.73,2331.77,2309.89,45.35,2.0,50271.0,1630793.0,67.25,5.27,20642345.0,39551614.0
851027.SI,20260709,其他通信设备,1783.03,1722.8,1832.96,1820.27,34.85,1.95,9631.0,234453.0,86.18,3.87,4206394.0,8192519.0
851041.SI,20260709,垂直应用软件,4739.57,4654.74,4918.55,4870.65,110.23,2.32,142921.0,3696458.0,83.17,4.6,58806102.0,109029654.0
851042.SI,20260709,横向通用软件,22337.45,21927.99,23112.45,22940.97,441.47,1.96,73179.0,1746617.0,85.07,3.5,29524180.0,51837537.0
851112.SI,20260709,空调,39273.74,38809.72,39483.17,39327.61,-132.68,-0.34,7378.0,372416.0,10.92,2.07,53332457.0,79162987.0
851116.SI,20260709,冰洗,10916.84,10714.85,10950.26,10804.01,-152.09,-1.39,12086.0,128913.0,10.98,1.53,8886175.0,16440261.0
851122.SI,20260709,其他黑色家电,1880.45,1820.05,1949.76,1908.41,17.88,0.95,8955.0,104417.0,64.66,2.63,1942781.0,3680839.0
851131.SI,20260709,厨房小家电,3125.83,3059.85,3171.1,3090.86,-51.08,-1.63,4325.0,49291.0,22.91,2.5,1939677.0,7158374.0
851141.SI,20260709,厨房电器,11654.34,11459.9,11927.54,11735.56,144.75,1.25,4781.0,52889.0,19.2,1.47,1507237.0,3308536.0
851151.SI,20260709,照明设备Ⅲ,4476.09,4333.24,4574.89,4507.49,37.1,0.83,11724.0,120080.0,53.58,1.96,2705696.0,8454783.0
851161.SI,20260709,家电零部件Ⅲ,6950.77,6809.99,7184.07,7127.7,140.24,2.01,41714.0,903333.0,41.8,3.79,17547644.0,33648928.0
851232.SI,20260709,啤酒,3818.69,3745.83,3844.12,3781.02,-54.66,-1.42,6050.0,85318.0,16.88,2.47,4027571.0,11064296.0
851233.SI,20260709,其他酒类,3139.62,3071.31,3165.8,3104.64,-49.6,-1.57,5669.0,49631.0,41.51,2.01,2342447.0,5265148.0
851241.SI,20260709,肉制品,5262.53,5180.83,5320.29,5256.23,-2.84,-0.05,22043.0,112686.0,25.6,2.49,4052892.0,10800913.0
851242.SI,20260709,调味发酵品Ⅲ,5735.14,5593.9,5774.03,5653.77,-104.94,-1.82,27476.0,346684.0,25.91,3.19,12043941.0,31554325.0
851243.SI,20260709,乳品,8003.79,7910.71,8053.64,7938.78,-126.6,-1.57,23349.0,273062.0,14.91,2.43,17216989.0,23092411.0
851246.SI,20260709,预加工食品,3043.72,2946.66,3057.71,2985.4,-73.12,-2.39,4447.0,78119.0,19.31,1.6,3095222.0,5538920.0
851247.SI,20260709,保健品,903.64,880.59,915.72,895.44,-11.26,-1.24,14812.0,45697.0,30.97,1.63,1969523.0,4833948.0
851251.SI,20260709,白酒Ⅲ,33546.49,33144.37,33641.97,33287.77,-474.09,-1.4,13515.0,924505.0,17.87,3.31,89053779.0,222617147.0
851271.SI,20260709,软饮料,2953.92,2866.38,3046.66,2967.82,18.22,0.62,7225.0,211544.0,23.69,3.98,7094069.0,17855969.0
851281.SI,20260709,零食,1537.52,1496.16,1551.95,1513.21,-35.0,-2.26,6043.0,78574.0,12.59,1.9,2659258.0,5651723.0
851282.SI,20260709,烘焙食品,952.03,922.13,960.45,934.02,-21.57,-2.26,4015.0,41494.0,24.98,1.87,1448245.0,3689579.0
851312.SI,20260709,棉纺,1820.34,1754.18,1844.5,1812.34,-15.17,-0.83,12711.0,82719.0,17.07,0.99,2049811.0,4247101.0
851314.SI,20260709,印染,1618.15,1576.11,1646.98,1607.39,-26.86,-1.64,4488.0,37941.0,16.42,1.33,618515.0,1561260.0
851315.SI,20260709,辅料,4906.71,4672.76,5090.02,4978.48,25.1,0.51,5196.0,123048.0,22.67,2.48,1131987.0,2154781.0
851316.SI,20260709,其他纺织,1674.02,1627.36,1717.96,1688.12,9.04,0.54,14780.0,131265.0,33.68,1.97,2820480.0,6475536.0
851325.SI,20260709,鞋帽及其他,899.1,881.07,932.08,914.08,-8.42,-0.91,11958.0,153303.0,89.49,3.47,2032820.0,4232423.0
851326.SI,20260709,家纺,1610.34,1569.72,1631.65,1592.27,-21.51,-1.33,3306.0,28074.0,19.35,1.87,1134297.0,2952846.0
851329.SI,20260709,非运动服装,1449.94,1421.55,1472.43,1447.05,-7.21,-0.5,47404.0,254333.0,21.59,1.35,8069522.0,21338105.0
851331.SI,20260709,钟表珠宝,1293.24,1264.33,1314.27,1294.09,-8.21,-0.63,17309.0,130557.0,17.35,1.75,3666560.0,9208114.0
851412.SI,20260709,大宗用纸,3137.09,3088.85,3202.5,3166.83,39.13,1.25,23856.0,113520.0,21.69,0.93,4551173.0,8318705.0
851413.SI,20260709,特种纸,1475.09,1430.23,1504.22,1472.38,-1.77,-0.12,23273.0,171463.0,39.54,1.63,2836924.0,6235434.0
851422.SI,20260709,印刷,3302.36,3203.73,3313.21,3255.81,-44.96,-1.36,1458.0,10635.0,47.87,2.75,572538.0,1118484.0
851423.SI,20260709,金属包装,1975.17,1881.11,2002.69,1947.71,-15.02,-0.77,15378.0,139946.0,32.88,2.14,2413174.0,5349068.0
851424.SI,20260709,塑料包装,3193.88,3111.06,3272.43,3227.94,51.42,1.62,8524.0,107628.0,21.11,2.73,2184186.0,4391652.0
851425.SI,20260709,纸包装,2143.84,2076.85,2193.65,2165.43,22.8,1.06,31353.0,249783.0,51.66,2.22,5805289.0,11917090.0
851436.SI,20260709,瓷砖地板,809.5,779.75,825.32,804.19,-7.69,-0.95,12819.0,162626.0,53.79,1.64,2456915.0,8069485.0
851437.SI,20260709,成品家居,1214.42,1184.03,1247.08,1217.27,-1.67,-0.14,18964.0,197521.0,22.81,1.78,3867128.0,10085683.0
851438.SI,20260709,定制家居,1388.91,1353.13,1422.36,1393.51,-1.54,-0.11,5804.0,78664.0,20.04,1.3,2269710.0,6236691.0
851439.SI,20260709,卫浴制品,432.98,424.89,443.04,431.69,-4.88,-1.12,4383.0,31264.0,44.34,1.43,827035.0,3201696.0
851452.SI,20260709,娱乐用品,1423.24,1369.79,1438.61,1414.16,-11.38,-0.8,6789.0,81876.0,78.19,3.37,2212029.0,5322285.0
851491.SI,20260709,其他家居用品,1424.74,1385.61,1449.66,1416.63,-13.23,-0.93,16300.0,163368.0,28.72,2.5,4431473.0,17004371.0
851511.SI,20260709,原料药,9709.45,9492.48,10102.75,9849.33,38.99,0.4,62671.0,930281.0,47.27,2.45,15349737.0,32060718.0
851512.SI,20260709,化学制剂,7996.98,7876.04,8366.12,8175.44,79.2,0.98,220967.0,3997075.0,38.72,3.17,83581521.0,166623318.0
851521.SI,20260709,中药Ⅲ,5344.15,5258.58,5462.61,5348.98,-19.76,-0.37,93174.0,948973.0,22.19,1.84,36686205.0,72925846.0
851522.SI,20260709,血液制品,5602.27,5520.81,5725.38,5592.82,-48.25,-0.86,8993.0,68633.0,28.33,1.21,4251879.0,9442596.0
851523.SI,20260709,疫苗,9217.85,9013.59,9432.82,9233.23,14.08,0.15,13352.0,208883.0,56.77,1.6,8394986.0,15152562.0
851524.SI,20260709,其他生物制品,9632.24,9470.92,9983.5,9756.74,57.39,0.59,39735.0,809254.0,40.42,3.05,18115978.0,40738554.0
851532.SI,20260709,医疗设备,8046.73,7877.57,8265.25,8135.82,61.39,0.76,22822.0,768109.0,35.78,3.15,25734406.0,53821087.0
851533.SI,20260709,医疗耗材,5277.51,5172.47,5425.19,5318.32,23.98,0.45,31048.0,698041.0,33.99,2.19,19208767.0,41544874.0
851534.SI,20260709,体外诊断,6745.49,6580.65,6934.91,6749.98,-39.77,-0.59,18439.0,390648.0,36.85,1.56,12253047.0,25850745.0
851542.SI,20260709,医药流通,2456.67,2399.19,2494.3,2436.57,-22.15,-0.9,57617.0,266486.0,17.13,1.01,7608039.0,20609239.0
851543.SI,20260709,线下药店,10506.19,10301.47,10686.42,10459.06,-121.94,-1.15,4989.0,71939.0,16.33,1.6,3203697.0,7415886.0
851563.SI,20260709,医疗研发外包,13554.51,13405.32,14366.28,14154.5,518.59,3.8,45790.0,2070190.0,24.48,3.55,42030882.0,64406884.0
851564.SI,20260709,医院,3680.27,3619.24,3764.72,3700.37,3.17,0.09,36539.0,250724.0,38.34,3.14,9565567.0,17786558.0
851610.SI,20260709,电能综合服务,2762.25,2713.25,2797.16,2758.4,-18.93,-0.68,72548.0,254734.0,35.36,1.04,9255515.0,22922134.0
851611.SI,20260709,火力发电,2997.63,2934.32,3047.33,2998.14,-6.15,-0.2,227229.0,1535456.0,12.74,1.12,25250843.0,87122070.0
851612.SI,20260709,水力发电,5197.53,5162.88,5253.71,5234.33,10.93,0.21,42093.0,609063.0,18.69,2.46,36523418.0,121406859.0
851614.SI,20260709,热力服务,2368.51,2268.1,2408.95,2361.04,2.41,0.1,44412.0,407744.0,39.45,2.13,5756821.0,13173007.0
851616.SI,20260709,光伏发电,872.05,843.04,882.52,871.75,-0.69,-0.08,72628.0,397843.0,70.34,1.39,7184191.0,12249266.0
851617.SI,20260709,风力发电,1158.89,1130.39,1172.35,1146.32,-23.04,-1.97,83434.0,756040.0,40.22,1.32,11935920.0,70363334.0
851631.SI,20260709,燃气Ⅲ,2936.77,2866.49,3012.74,2926.27,-28.26,-0.96,42128.0,434131.0,22.17,1.74,9174775.0,24306162.0
851711.SI,20260709,港口,3678.3,3629.21,3707.11,3668.73,-19.93,-0.54,35456.0,153345.0,13.41,0.88,7927902.0,45881495.0
851721.SI,20260709,公交,2070.4,2029.97,2111.8,2088.84,16.34,0.79,5194.0,30374.0,60.14,1.23,1107315.0,2172227.0
851731.SI,20260709,高速公路,3096.95,3017.45,3122.27,3056.8,-48.82,-1.57,19527.0,126267.0,14.49,0.91,7897036.0,33002932.0
851741.SI,20260709,航空运输,1694.76,1665.11,1705.29,1688.57,-29.35,-1.71,84423.0,344967.0,25.45,2.7,12890397.0,36664696.0
851761.SI,20260709,航运,2430.3,2394.02,2469.22,2437.82,15.61,0.64,68326.0,586483.0,12.9,1.39,18121667.0,54797474.0
851771.SI,20260709,铁路运输,764.5,754.94,767.81,758.89,-7.39,-0.96,33676.0,167984.0,16.73,0.77,10745942.0,36330093.0
851782.SI,20260709,原材料供应链服务,2693.55,2644.86,2719.23,2693.44,-3.62,-0.13,17631.0,91208.0,17.58,0.51,5043467.0,10810260.0
851783.SI,20260709,中间产品及消费品供应链服务,972.56,946.74,996.45,980.9,9.9,1.02,7819.0,93911.0,64.03,2.34,1396790.0,2847299.0
851784.SI,20260709,快递,2221.12,2174.71,2227.04,2196.12,-35.56,-1.59,10256.0,172211.0,13.62,1.54,11062552.0,25411529.0
851785.SI,20260709,跨境物流,1318.92,1280.42,1326.92,1291.79,-28.76,-2.18,8474.0,67808.0,13.72,1.45,3677351.0,14334221.0
851786.SI,20260709,仓储物流,3053.16,2991.73,3091.92,3049.08,-4.06,-0.13,5487.0,71947.0,26.4,1.28,1779403.0,3415960.0
851787.SI,20260709,公路货运,2127.0,2078.53,2169.19,2147.26,20.34,0.96,4135.0,21386.0,32.13,1.01,851500.0,2194245.0
851811.SI,20260709,住宅开发,2043.07,2004.89,2108.77,2070.48,27.38,1.34,288727.0,1294967.0,15.46,0.71,27780451.0,56060524.0
851812.SI,20260709,商业地产,2171.03,2141.0,2209.51,2178.46,-4.55,-0.21,25523.0,101616.0,68.74,0.62,5096642.0,16846258.0
851813.SI,20260709,产业地产,2443.14,2390.59,2507.74,2483.17,52.28,2.15,12336.0,152284.0,39.59,1.68,4851296.0,12315235.0
851831.SI,20260709,物业管理,511.39,501.91,522.86,511.47,-0.86,-0.17,9031.0,38391.0,31.2,1.8,1286551.0,2788130.0
851922.SI,20260709,金融控股,2102.7,2065.11,2132.88,2115.4,-4.63,-0.22,28966.0,171387.0,19.89,0.8,4839157.0,19499257.0
851927.SI,20260709,资产管理,2027.25,1949.57,2049.43,1992.73,-31.85,-1.57,3378.0,39177.0,42.61,2.3,1448944.0,3915746.0
851931.SI,20260709,证券Ⅲ,6331.91,6274.33,6473.35,6454.5,135.38,2.14,352522.0,4371299.0,15.96,1.23,161923095.0,331432151.0
851941.SI,20260709,保险Ⅲ,1106.4,1096.2,1115.21,1111.9,-2.32,-0.21,23209.0,775499.0,6.45,0.95,66564011.0,188617387.0
852021.SI,20260709,贸易Ⅲ,3972.69,3854.32,4072.76,4018.29,35.42,0.89,20077.0,131870.0,21.77,1.27,3902134.0,12466420.0
852031.SI,20260709,百货,1939.2,1902.02,1968.76,1933.07,-8.71,-0.45,36656.0,146510.0,143.86,1.17,5416389.0,11047826.0
852032.SI,20260709,超市,8087.75,7917.5,8223.17,8082.42,-62.04,-0.76,34392.0,198953.0,36.58,3.72,4533723.0,10201300.0
852033.SI,20260709,多业态零售,1611.17,1581.06,1641.17,1611.36,-0.13,-0.01,20883.0,97763.0,22.31,0.98,3282711.0,6300475.0
852034.SI,20260709,商业物业经营,2295.25,2248.21,2325.2,2285.48,-17.25,-0.75,28951.0,158557.0,27.06,1.23,6628515.0,16344162.0
852041.SI,20260709,专业连锁Ⅲ,3258.22,3185.46,3305.39,3254.86,-2.79,-0.09,7871.0,65439.0,53.66,2.46,2357401.0,4118523.0
852062.SI,20260709,跨境电商,628.09,610.32,644.46,631.64,0.9,0.14,12003.0,109990.0,37.17,4.05,2303976.0,4519962.0
852063.SI,20260709,电商服务,2228.74,2160.22,2291.22,2257.17,25.42,1.14,7427.0,112119.0,100.97,2.94,2214371.0,3882673.0
852111.SI,20260709,人工景区,25666.09,25083.36,26017.23,25374.89,-881.4,-3.36,9081.0,72387.0,32.16,1.74,1728333.0,3078656.0
852112.SI,20260709,自然景区,2006.81,1953.66,2026.3,1982.26,-64.3,-3.14,15547.0,140880.0,37.77,2.43,2734115.0,5839606.0
852121.SI,20260709,酒店,2148.01,2097.66,2163.02,2108.2,-51.59,-2.39,4760.0,51430.0,18.88,1.17,1759956.0,3885646.0
852131.SI,20260709,旅游综合,10572.51,10157.09,10696.87,10361.69,-218.57,-2.07,14518.0,106390.0,85.61,2.94,1524107.0,3072148.0
852182.SI,20260709,检测服务,4768.13,4554.39,4884.39,4745.66,1.51,0.03,29476.0,416730.0,36.96,3.2,7289071.0,14783917.0
852183.SI,20260709,会展服务,1765.9,1726.98,1786.94,1770.0,-10.57,-0.59,1121.0,12195.0,27.45,1.75,521046.0,1387326.0
852213.SI,20260709,通信工程及服务,815.55,792.28,841.05,829.33,14.58,1.79,23262.0,316050.0,632.65,3.35,5315518.0,8595197.0
852214.SI,20260709,通信应用增值服务,2611.41,2513.63,2649.25,2613.77,16.66,0.64,59500.0,971143.0,53.78,4.85,14283163.0,27093416.0
852226.SI,20260709,IT服务Ⅲ,4121.59,4015.08,4274.6,4231.84,99.52,2.41,325915.0,6304715.0,113.96,3.37,79134047.0,132276564.0
852311.SI,20260709,综合Ⅲ,4321.78,4233.14,4530.08,4472.46,142.98,3.3,45994.0,616560.0,97.85,2.91,10362823.0,20743032.0
857111.SI,20260709,水泥制造,3863.72,3772.93,3908.42,3848.0,-11.56,-0.3,21766.0,222869.0,18.15,0.59,8576442.0,19134085.0
857112.SI,20260709,水泥制品,840.07,816.02,848.17,833.11,-12.82,-1.52,8057.0,39846.0,232.65,1.62,981744.0,2022630.0
857121.SI,20260709,玻璃制造,2989.03,2897.14,3079.68,2996.01,20.12,0.68,30564.0,163760.0,194.77,1.26,2737693.0,5155029.0
857122.SI,20260709,玻纤制造,120370.87,114286.49,124030.91,122942.94,4908.57,4.16,70837.0,3124595.0,71.58,7.08,24491986.0,76563102.0
857221.SI,20260709,装修装饰Ⅲ,4059.28,3934.24,4192.42,4096.9,43.93,1.08,44002.0,301006.0,71.83,2.5,5146850.0,11124651.0
857236.SI,20260709,基建市政工程,1569.3,1544.41,1580.51,1566.93,-7.75,-0.49,89304.0,381543.0,8.3,0.44,21442495.0,60880248.0
857241.SI,20260709,钢结构,2148.82,2100.06,2187.22,2150.69,2.12,0.1,12811.0,67106.0,25.84,1.11,2589994.0,5449780.0
857242.SI,20260709,化学工程,1246.46,1213.7,1256.95,1241.29,-6.39,-0.51,11057.0,95835.0,9.37,0.87,3530051.0,7199326.0
857243.SI,20260709,国际工程,1198.13,1168.6,1204.07,1191.93,-6.89,-0.57,9529.0,74591.0,11.19,0.84,1778054.0,4689836.0
857244.SI,20260709,其他专业工程,2709.26,2605.65,2805.33,2712.39,8.24,0.3,48318.0,913556.0,66.79,1.4,9115111.0,22887178.0
857251.SI,20260709,园林工程,5427.97,5256.57,5576.52,5414.47,-14.69,-0.27,35691.0,118911.0,1176.68,2.41,2224637.0,4203585.0
857261.SI,20260709,工程咨询服务Ⅲ,2216.31,2166.85,2292.8,2265.69,74.41,3.4,61844.0,1216802.0,49.61,2.05,9953196.0,21072835.0
857321.SI,20260709,电网自动化设备,7910.82,7574.63,8023.45,7886.12,-12.83,-0.16,42170.0,871572.0,29.08,3.52,23089445.0,47059035.0
857323.SI,20260709,电工仪器仪表,7868.23,7574.74,8051.85,7921.71,68.43,0.87,18470.0,238133.0,30.25,1.91,3821813.0,8178386.0
857334.SI,20260709,火电设备,3633.15,3531.17,3762.34,3706.55,77.32,2.13,6422.0,77221.0,24.36,1.91,1146296.0,2317049.0
857336.SI,20260709,其他电源设备Ⅲ,2229.63,2165.87,2327.51,2305.59,102.05,4.63,50270.0,2114287.0,98.49,5.05,25976299.0,49518907.0
857344.SI,20260709,线缆部件及其他,12716.57,12054.31,12853.51,12644.33,-25.18,-0.2,95683.0,1339351.0,51.51,3.15,17490103.0,33661232.0
857352.SI,20260709,光伏电池组件,938.0,903.99,951.76,936.42,-3.39,-0.36,95389.0,953035.0,136.94,2.14,21283764.0,39075188.0
857354.SI,20260709,光伏辅材,855.43,825.87,879.68,871.86,22.35,2.63,22886.0,527650.0,67.7,2.42,8867367.0,17593951.0
857355.SI,20260709,光伏加工设备,2430.95,2359.07,2523.79,2508.19,141.28,5.97,13022.0,972712.0,53.09,4.41,16266460.0,33676653.0
857362.SI,20260709,风电零部件,6989.76,6768.98,7161.48,7087.3,119.21,1.71,32908.0,616298.0,34.49,1.79,11684975.0,22745158.0
857371.SI,20260709,锂电池,27466.32,27060.01,28455.26,28300.76,876.35,3.2,84838.0,4090511.0,24.38,4.05,139749524.0,236808870.0
857372.SI,20260709,电池化学品,17432.1,16289.86,17686.9,16995.71,-546.26,-3.11,124413.0,3859026.0,41.06,2.61,51539213.0,85833364.0
857373.SI,20260709,锂电专用设备,17375.8,16617.11,17792.55,17559.42,255.78,1.48,18385.0,613739.0,49.44,3.67,10611017.0,20052297.0
857375.SI,20260709,蓄电池及其他电池,1722.33,1645.32,1752.12,1720.62,17.88,1.05,22678.0,284076.0,35.87,2.35,3619533.0,7794003.0
857381.SI,20260709,输变电设备,7288.47,7011.39,7379.59,7330.35,51.8,0.71,62438.0,1226309.0,28.46,2.68,32075443.0,52991070.0
857382.SI,20260709,配电设备,2209.36,2129.83,2237.72,2206.13,-6.59,-0.3,29582.0,415027.0,23.34,1.78,8638206.0,18332445.0
857411.SI,20260709,航天装备Ⅲ,30723.25,30360.41,32033.8,31961.13,1227.84,4.0,26236.0,950305.0,466.56,5.85,14048799.0,46190447.0
857421.SI,20260709,航空装备Ⅲ,8358.03,8106.57,8507.24,8462.81,118.35,1.42,56406.0,1562184.0,66.56,3.18,45101265.0,91876588.0
857431.SI,20260709,地面兵装Ⅲ,14895.63,14411.12,15265.2,15042.69,152.36,1.02,26026.0,414882.0,111.9,2.93,6412818.0,13088065.0
857451.SI,20260709,军工电子Ⅲ,6790.16,6539.12,7017.33,6920.87,195.48,2.91,98528.0,3800256.0,107.04,4.99,55366889.0,116273351.0
857641.SI,20260709,游戏Ⅲ,2832.92,2772.51,2942.72,2875.06,16.1,0.56,131208.0,2274850.0,24.62,3.25,33170091.0,48808254.0
857651.SI,20260709,营销代理,2120.33,2080.77,2236.05,2186.46,49.14,2.3,131710.0,1189484.0,176.41,3.66,13449166.0,17736650.0
857661.SI,20260709,影视动漫制作,1059.37,1040.37,1104.96,1084.12,14.21,1.33,72878.0,496514.0,195.35,2.49,7118191.0,14060105.0
857674.SI,20260709,门户网站,1334.25,1316.15,1379.82,1363.85,24.13,1.8,5620.0,85063.0,83.17,3.49,2100537.0,4774834.0
857691.SI,20260709,教育出版,172.07,170.06,174.52,172.13,-0.49,-0.28,9570.0,73224.0,12.7,1.13,3085224.0,10959166.0
857692.SI,20260709,大众出版,1793.38,1756.28,1874.76,1825.3,31.52,1.76,21903.0,294922.0,42.15,1.77,4831080.0,12738187.0
857821.SI,20260709,国有大型银行Ⅲ,1859.59,1836.44,1867.3,1848.0,-24.39,-1.3,149104.0,989114.0,7.03,0.58,70417483.0,636872915.0
857831.SI,20260709,股份制银行Ⅲ,3989.54,3951.31,4011.41,3982.17,-29.06,-0.72,86688.0,775650.0,5.3,0.42,93949339.0,236597660.0
857841.SI,20260709,城商行Ⅲ,1011.04,1000.36,1016.51,1007.47,-8.04,-0.79,74927.0,561977.0,5.67,0.51,59328163.0,118960913.0
857851.SI,20260709,农商行Ⅲ,727.22,719.41,734.67,725.81,-5.66,-0.77,31546.0,143775.0,5.42,0.51,13627556.0,22722215.0
858811.SI,20260709,其他运输设备,1497.11,1455.59,1528.0,1499.71,5.41,0.36,3295.0,45434.0,19.2,2.16,1310208.0,3499102.0
858812.SI,20260709,摩托车,4184.84,4074.36,4279.11,4173.0,-44.38,-1.05,7675.0,198705.0,24.68,3.09,6607056.0,14838469.0
859511.SI,20260709,动力煤,1956.25,1923.11,1992.84,1941.89,-36.9,-1.86,50513.0,662413.0,16.03,1.71,29844110.0,144057942.0
859512.SI,20260709,焦煤,4172.0,4081.12,4224.21,4123.4,-88.74,-2.11,29179.0,214021.0,33.19,0.84,8674543.0,22159242.0
859521.SI,20260709,焦炭Ⅲ,1044.33,1021.92,1063.48,1038.7,-8.45,-0.81,19140.0,56218.0,520.03,1.12,2265636.0,4357080.0
859621.SI,20260709,油田服务,694.47,673.81,708.84,679.53,-5.73,-0.84,44543.0,290838.0,19.97,1.83,2969973.0,11132957.0
859622.SI,20260709,油气及炼化工程,2887.12,2843.14,3035.05,2909.46,76.24,2.69,45570.0,402671.0,27.7,1.18,2849421.0,6285537.0
859631.SI,20260709,炼油化工,3066.87,2999.28,3115.49,3051.6,-9.91,-0.32,78806.0,667862.0,16.27,1.1,25003701.0,238150734.0
859632.SI,20260709,油品石化贸易,5841.76,5720.08,5963.72,5824.38,31.88,0.55,18978.0,146787.0,33.85,1.58,2981260.0,5950548.0
859633.SI,20260709,其他石化,2378.36,2267.22,2402.38,2342.14,-52.86,-2.21,24193.0,186890.0,29.75,1.37,6073821.0,10677316.0
859711.SI,20260709,大气治理,2444.95,2391.62,2508.12,2482.94,18.8,0.76,3263.0,35404.0,127.66,2.87,628265.0,1468451.0
859712.SI,20260709,水务及水治理,1312.56,1277.54,1334.2,1316.04,3.42,0.26,59671.0,477370.0,20.97,1.07,11878235.0,27044330.0
859713.SI,20260709,固废治理,2255.34,2173.07,2290.07,2227.23,-30.59,-1.35,57412.0,572940.0,19.84,1.67,13572220.0,31056267.0
859714.SI,20260709,综合环境治理,1633.95,1555.01,1674.59,1596.02,-41.58,-2.54,29996.0,206964.0,69.26,2.26,3852788.0,6800243.0
859721.SI,20260709,环保设备Ⅲ,2265.5,2178.86,2329.07,2271.54,12.23,0.54,34805.0,510202.0,42.12,2.47,8669485.0,16758526.0
859811.SI,20260709,生活用纸,1122.42,1095.51,1146.78,1115.82,-15.95,-1.41,5406.0,87134.0,24.89,1.75,1828062.0,4895382.0
859821.SI,20260709,化妆品制造及其他,2288.57,2212.42,2328.09,2268.69,-26.47,-1.15,3968.0,32360.0,49.06,2.4,950265.0,1780127.0
859822.SI,20260709,品牌化妆品,6768.2,6640.24,6870.27,6735.66,-84.34,-1.24,5222.0,115464.0,24.35,2.4,3085585.0,8926294.0
859852.SI,20260709,培训教育,496.93,476.29,505.75,490.71,-12.53,-2.49,49659.0,168060.0,65.65,6.52,3507061.0,5597768.0
859951.SI,20260709,电视广播Ⅲ,913.28,900.85,933.98,922.8,1.99,0.22,34813.0,170807.0,58.84,1.01,5915602.0,12748684.0
801001.SI,20260710,申万50,4255.96,4070.19,4266.63,4070.19,-158.08,-3.74,951020.0,66849618.0,26.75,3.72,1216731631.0,2444711832.0
801002.SI,20260710,申万中小,8566.36,8460.22,8676.14,8460.22,-68.54,-0.8,3214473.0,60656899.0,33.28,2.82,842258396.0,1541459880.0
801003.SI,20260710,申万Ａ指,4963.98,4884.06,5012.29,4884.06,-71.11,-1.44,14549783.0,338049360.0,24.14,2.21,4922126119.0,11325095456.0
801005.SI,20260710,申万创业,4424.45,4294.82,4458.48,4294.82,-117.0,-2.65,2563858.0,85159444.0,46.35,4.95,931214650.0,2012385988.0
801010.SI,20260710,农林牧渔,2294.02,2294.02,2363.02,2348.25,46.0,2.0,215938.0,1731056.0,38.39,2.11,53424613.0,113589621.0
801012.SI,20260710,农产品加工,1944.0,1913.18,2032.36,1993.62,49.42,2.54,25861.0,227821.0,36.69,1.81,6926673.0,25387919.0
801014.SI,20260710,饲料,3427.64,3360.38,3542.35,3488.2,55.01,1.6,40587.0,282047.0,46.1,1.98,9652896.0,20015386.0
801015.SI,20260710,渔业,607.96,596.46,634.61,625.84,16.55,2.72,11324.0,36048.0,130.93,2.14,907980.0,1503611.0
801016.SI,20260710,种植业,2088.02,2052.83,2153.46,2117.97,19.98,0.95,42764.0,250361.0,34.15,2.0,6613203.0,13179983.0
801017.SI,20260710,养殖业,2507.05,2457.73,2605.94,2579.97,60.36,2.4,71367.0,758468.0,34.83,2.31,24508377.0,45570695.0
801018.SI,20260710,动物保健Ⅱ,4192.14,4132.67,4309.82,4229.02,26.51,0.63,5651.0,69539.0,41.45,1.9,3094772.0,5240966.0
801030.SI,20260710,基础化工,4425.21,4364.87,4462.18,4364.87,-65.48,-1.48,813558.0,15040986.0,29.33,2.22,221430908.0,457845978.0
801032.SI,20260710,化学纤维,4381.53,4305.63,4548.26,4405.67,12.46,0.28,62845.0,522094.0,38.6,1.68,9668706.0,26034378.0
801033.SI,20260710,化学原料,3160.18,3077.05,3247.23,3147.46,-25.79,-0.81,147482.0,1672688.0,29.02,1.66,33156638.0,73211405.0
801034.SI,20260710,化学制品,6825.51,6588.68,7048.96,6707.84,-142.54,-2.08,296993.0,6886099.0,28.59,2.3,85604362.0,174227266.0
801036.SI,20260710,塑料,5412.91,5217.5,5649.69,5328.28,-59.61,-1.11,125125.0,2986826.0,69.15,3.67,36793041.0,74606595.0
801037.SI,20260710,橡胶,5478.4,5188.03,5586.8,5228.37,-232.74,-4.26,26032.0,598785.0,64.86,2.9,5905452.0,12646485.0
801038.SI,20260710,农化制品,4735.2,4610.26,4855.27,4703.09,-39.29,-0.83,145218.0,1714217.0,18.5,1.98,43928697.0,83291541.0
801039.SI,20260710,非金属材料Ⅱ,7910.52,7517.02,8175.83,7547.62,-256.81,-3.29,9862.0,660278.0,68.73,4.19,6374012.0,13828308.0
801040.SI,20260710,钢铁,2073.13,2071.84,2130.86,2107.21,31.07,1.5,251573.0,942083.0,27.94,0.94,27202932.0,79447544.0
801043.SI,20260710,冶钢原料,3107.64,3014.93,3174.33,3098.51,-4.12,-0.13,32032.0,262971.0,42.85,1.72,5853322.0,16160157.0
801044.SI,20260710,普钢,1920.68,1889.54,1994.59,1971.32,46.0,2.39,183267.0,465910.0,34.79,0.74,14566183.0,44745017.0
801045.SI,20260710,特钢Ⅱ,3604.72,3542.23,3729.71,3649.44,37.13,1.03,36275.0,213203.0,16.21,1.17,6783427.0,18542370.0
801050.SI,20260710,有色金属,7890.54,7860.55,8056.47,7863.15,10.8,0.14,675875.0,15225243.0,20.19,3.02,249977417.0,471767229.0
801051.SI,20260710,金属新材料,10640.22,10324.12,11183.78,10546.69,-46.15,-0.44,67195.0,1686396.0,75.49,4.56,19992261.0,39987696.0
801053.SI,20260710,贵金属,21396.7,20822.52,22479.35,21716.0,482.96,2.27,67324.0,1407540.0,19.88,3.45,24039805.0,44046634.0
801054.SI,20260710,小金属,39204.46,38339.07,40881.74,38832.16,-591.91,-1.5,110957.0,4865540.0,54.18,5.42,52608321.0,123645655.0
801055.SI,20260710,工业金属,2986.38,2921.94,3084.7,2993.59,41.17,1.39,389534.0,5272653.0,14.26,2.53,125636677.0,222804212.0
801056.SI,20260710,能源金属,18076.88,17507.15,18469.59,17541.75,-652.09,-3.58,40865.0,1993113.0,26.26,2.32,27700353.0,41283033.0
801072.SI,20260710,通用设备,9091.49,8779.74,9584.13,9016.09,-90.43,-0.99,456977.0,10525902.0,74.82,4.4,109751752.0,239571155.0
801074.SI,20260710,专用设备,13140.12,12562.19,13603.09,12803.06,-310.08,-2.36,258580.0,6025682.0,46.61,3.44,84579163.0,173743817.0
801076.SI,20260710,轨交设备Ⅱ,5388.26,5310.31,5555.0,5440.24,37.15,0.69,45213.0,437251.0,17.63,1.16,13230491.0,35407265.0
801077.SI,20260710,工程机械,21701.27,21387.09,22489.13,21980.55,257.41,1.18,60870.0,843123.0,19.26,1.93,36622278.0,71576438.0
801078.SI,20260710,自动化设备,24671.92,23615.23,25534.97,23880.72,-516.2,-2.12,134621.0,7924560.0,91.39,6.76,87459384.0,145025623.0
801080.SI,20260710,电子,11539.56,10841.16,11754.08,10841.16,-609.63,-5.32,2373659.0,119889225.0,95.55,8.02,1144718511.0,2327851312.0
801081.SI,20260710,半导体,13947.71,12910.39,14461.44,12982.16,-866.95,-6.26,661018.0,68405603.0,148.44,11.63,645438733.0,1290850290.0
801082.SI,20260710,其他电子Ⅱ,21216.71,20632.64,22478.31,21078.84,-74.06,-0.35,98716.0,3990087.0,75.0,7.16,28786013.0,53589387.0
801083.SI,20260710,元件,26854.1,24964.84,27717.38,25105.89,-1375.58,-5.19,240980.0,16390856.0,88.99,11.04,177372398.0,339890494.0
801084.SI,20260710,光学光电子,2260.39,2150.77,2347.69,2164.43,-86.0,-3.82,932671.0,11080208.0,71.2,2.9,93930267.0,180373979.0
801085.SI,20260710,消费电子,11752.78,11304.06,12206.71,11462.79,-235.75,-2.02,291154.0,12295310.0,40.94,5.07,146694610.0,374246748.0
801086.SI,20260710,电子化学品Ⅱ,16165.17,14700.83,16822.48,14777.91,-1323.04,-8.22,149120.0,7727161.0,124.76,8.14,52496490.0,88900413.0
801092.SI,20260710,汽车服务,421.91,417.37,442.63,431.06,8.72,2.06,13355.0,89433.0,39.53,1.66,2256249.0,5106825.0
801093.SI,20260710,汽车零部件,7483.28,7352.14,7796.55,7525.56,62.59,0.84,340057.0,6335414.0,25.94,2.4,120678447.0,245223479.0
801095.SI,20260710,乘用车,13856.25,13605.74,14466.4,14292.37,424.94,3.06,56208.0,1107774.0,24.99,1.63,35698336.0,93848947.0
801096.SI,20260710,商用车,6638.89,6532.44,6850.05,6692.98,64.19,0.97,39455.0,430882.0,22.04,2.43,12751250.0,25687568.0
801101.SI,20260710,计算机设备,3141.51,3085.12,3292.61,3151.53,22.19,0.71,196893.0,7648310.0,42.54,3.91,70533907.0,132350588.0
801102.SI,20260710,通信设备,12084.01,11307.72,12439.69,11380.04,-497.85,-4.19,333548.0,26487673.0,83.01,11.57,293742680.0,460646531.0
801103.SI,20260710,IT服务Ⅱ,4840.34,4778.49,5169.78,4977.29,113.73,2.34,391289.0,7585617.0,116.92,3.46,80994576.0,134769267.0
801104.SI,20260710,软件开发,5651.88,5547.83,5951.94,5720.03,29.64,0.52,258214.0,6024026.0,84.52,4.19,88790320.0,161060269.0
801110.SI,20260710,家用电器,8419.12,8413.75,8509.38,8456.03,29.99,0.36,145645.0,2678826.0,14.5,2.17,100028328.0,177721930.0
801111.SI,20260710,白色家电,18156.47,17884.68,18273.63,18186.36,-6.55,-0.04,20804.0,540110.0,10.93,1.97,62196243.0,95607394.0
801112.SI,20260710,黑色家电,2066.62,2003.31,2164.08,2062.94,-8.24,-0.4,41943.0,443137.0,31.45,2.22,8373096.0,15447925.0
801113.SI,20260710,小家电,3752.79,3705.21,3903.87,3839.28,81.1,2.16,9037.0,202350.0,22.25,2.32,6423378.0,18529644.0
801114.SI,20260710,厨卫电器,7421.83,7318.27,7774.26,7651.63,170.01,2.27,7166.0,85740.0,20.45,1.45,1973650.0,4758885.0
801115.SI,20260710,照明设备Ⅱ,4534.02,4404.77,4719.62,4504.3,-3.2,-0.07,12014.0,147889.0,54.11,1.98,2703776.0,8428847.0
801116.SI,20260710,家电零部件Ⅱ,7153.03,7054.84,7508.72,7219.19,91.49,1.28,52292.0,1245506.0,42.36,3.84,17772890.0,34008235.0
801120.SI,20260710,食品饮料,12973.44,12928.26,13254.99,13217.34,243.2,1.87,163587.0,3289708.0,18.88,2.99,148385788.0,350817891.0
801124.SI,20260710,食品加工,12010.97,11797.6,12386.83,12173.77,150.28,1.25,41126.0,270952.0,24.15,1.93,9231600.0,21475453.0
801125.SI,20260710,白酒Ⅱ,33303.71,32964.92,34295.41,34184.42,896.65,2.69,26992.0,1738213.0,18.35,3.4,91452550.0,228498506.0
801126.SI,20260710,非白酒,3168.88,3139.34,3267.89,3237.55,75.44,2.39,14343.0,181204.0,22.11,2.33,6521992.0,16673788.0
801127.SI,20260710,饮料乳品,6681.2,6521.5,6759.17,6657.06,-26.16,-0.39,35501.0,543077.0,16.65,2.74,24212372.0,40687047.0
801128.SI,20260710,休闲食品,1550.29,1526.86,1603.86,1585.43,31.17,2.01,13876.0,156842.0,17.49,1.87,4858098.0,11649260.0
801129.SI,20260710,调味发酵品Ⅱ,6437.43,6364.67,6596.83,6491.26,34.97,0.54,31749.0,399421.0,26.05,3.21,12109177.0,31833837.0
801130.SI,20260710,纺织服饰,1494.44,1494.44,1529.03,1511.56,13.2,0.88,140852.0,1155205.0,23.98,1.68,24175239.0,59017420.0
801131.SI,20260710,纺织制造,1628.13,1596.56,1684.06,1647.81,13.94,0.85,43473.0,419195.0,21.63,1.54,7120442.0,18050653.0
801132.SI,20260710,服装家纺,1489.16,1465.8,1539.01,1504.41,12.82,0.86,73927.0,577252.0,27.82,1.75,13040819.0,31167784.0
801133.SI,20260710,饰品,1270.28,1247.38,1312.59,1288.42,12.74,1.0,23452.0,158758.0,19.03,1.72,4013978.0,9798982.0
801140.SI,20260710,轻工制造,2046.6,2046.6,2092.49,2062.11,11.66,0.57,195222.0,1738333.0,30.89,1.73,37004305.0,92888952.0
801141.SI,20260710,包装印刷,2754.63,2698.45,2859.41,2762.69,-0.25,-0.01,66286.0,635066.0,37.51,2.26,11826591.0,24246658.0
801142.SI,20260710,家居用品,1581.12,1549.85,1634.01,1598.06,14.03,0.89,57708.0,645666.0,27.71,1.77,13974967.0,44958884.0
801143.SI,20260710,造纸,1991.36,1952.0,2048.4,2008.32,14.91,0.75,59884.0,320500.0,26.36,1.11,7445028.0,14609946.0
801145.SI,20260710,文娱用品,1578.63,1559.23,1630.27,1592.54,13.73,0.87,11344.0,137102.0,38.42,2.73,3757719.0,9073464.0
801150.SI,20260710,医药生物,7353.88,7353.88,7698.06,7587.64,183.91,2.48,865962.0,15122118.0,32.38,2.51,296049119.0,587121667.0
801151.SI,20260710,化学制药,11536.16,11394.43,12241.7,11949.12,295.71,2.54,352292.0,6040833.0,40.76,3.12,101449491.0,203544051.0
801152.SI,20260710,生物制品,5203.37,5124.93,5539.13,5421.44,193.48,3.7,82865.0,1605454.0,42.72,2.15,31936700.0,67621202.0
801153.SI,20260710,医疗器械,5514.66,5396.86,5734.55,5585.6,63.75,1.15,89083.0,2211468.0,35.89,2.33,57865375.0,122710037.0
801154.SI,20260710,医药商业,4255.18,4187.88,4388.78,4322.84,49.15,1.15,61426.0,400764.0,17.06,1.14,10936076.0,28308551.0
801155.SI,20260710,中药Ⅱ,5322.97,5237.31,5503.29,5431.13,80.37,1.5,121431.0,1218116.0,22.53,1.87,37237250.0,73911671.0
801156.SI,20260710,医疗服务,6759.42,6707.28,7281.34,7095.31,274.39,4.02,158866.0,3645483.0,28.36,3.44,56624227.0,91026156.0
801160.SI,20260710,公用事业,2411.1,2411.1,2461.78,2438.9,23.76,0.98,701875.0,5178566.0,20.67,1.55,114790078.0,398474451.0
801161.SI,20260710,电力,3183.06,3142.03,3263.22,3215.39,29.53,0.93,659684.0,4668957.0,20.53,1.54,105465511.0,373790137.0
801163.SI,20260710,燃气Ⅱ,2896.68,2847.54,3028.76,2975.92,47.81,1.63,42191.0,509609.0,22.53,1.77,9324566.0,24684314.0
801170.SI,20260710,交通运输,1966.44,1961.45,1991.05,1980.86,6.11,0.31,308203.0,2004299.0,16.07,1.14,86099872.0,277842069.0
801178.SI,20260710,物流,4004.15,3936.55,4082.88,4023.66,11.93,0.3,59784.0,585210.0,16.11,1.06,23886068.0,59216826.0
801179.SI,20260710,铁路公路,1436.86,1418.13,1459.98,1445.64,-4.35,-0.3,63488.0,353726.0,16.33,0.84,19691010.0,71214443.0
801180.SI,20260710,房地产,1856.32,1856.32,1924.32,1891.81,34.94,1.88,493147.0,2370286.0,19.91,0.78,40645894.0,91885304.0
801181.SI,20260710,房地产开发,2155.15,2114.89,2257.7,2195.82,40.11,1.86,459966.0,2263064.0,19.28,0.77,38430315.0,87021584.0
801183.SI,20260710,房地产服务,693.76,681.17,729.23,709.95,15.62,2.25,33181.0,107222.0,45.63,1.35,2215579.0,4863720.0
801191.SI,20260710,多元金融,1113.59,1084.87,1137.23,1111.24,-3.41,-0.31,80618.0,519598.0,19.93,1.17,14485818.0,44437865.0
801193.SI,20260710,证券Ⅱ,6416.89,6272.69,6446.32,6315.46,-132.52,-2.06,348002.0,4209068.0,15.63,1.2,158623301.0,323745026.0
801194.SI,20260710,保险Ⅱ,1109.38,1097.29,1124.95,1113.51,2.17,0.19,30163.0,904562.0,6.47,0.95,66693774.0,189138177.0
801200.SI,20260710,商贸零售,1686.23,1686.23,1746.21,1723.87,35.34,2.09,272484.0,1699154.0,33.07,1.57,37748156.0,83877986.0
801202.SI,20260710,贸易Ⅱ,4036.33,3975.9,4192.39,4083.21,42.41,1.05,26103.0,155577.0,22.0,1.28,3943085.0,12535858.0
801203.SI,20260710,一般零售,2524.01,2490.16,2642.41,2589.41,59.87,2.37,199922.0,921861.0,36.72,1.39,20331393.0,44966586.0
801204.SI,20260710,专业连锁Ⅱ,3243.04,3222.23,3419.85,3340.06,85.23,2.62,10800.0,92168.0,55.02,2.52,2419129.0,4236756.0
801206.SI,20260710,互联网电商,9662.05,9455.49,10039.75,9707.18,54.84,0.57,28369.0,290165.0,32.7,2.36,5904103.0,10998899.0
801210.SI,20260710,社会服务,6977.98,6977.98,7164.54,7058.49,51.02,0.73,143021.0,1160898.0,38.02,2.43,22993549.0,45628086.0
801218.SI,20260710,专业服务,5939.35,5794.77,6165.9,5902.91,-38.99,-0.66,38481.0,528796.0,28.93,2.45,9335044.0,20146502.0
801219.SI,20260710,酒店餐饮,1345.68,1327.29,1385.86,1366.45,17.4,1.29,8266.0,73999.0,24.76,1.44,2339934.0,4994586.0
801223.SI,20260710,通信服务,2106.36,2090.42,2208.63,2156.39,46.3,2.19,130129.0,1901860.0,26.19,1.73,37264559.0,101632471.0
801230.SI,20260710,综合,4429.55,4424.91,4576.17,4424.91,-58.02,-1.29,52011.0,604946.0,96.58,2.87,10228708.0,20426197.0
801231.SI,20260710,综合Ⅱ,4426.0,4354.75,4635.08,4421.37,-57.97,-1.29,52011.0,604946.0,96.58,2.87,10228708.0,20426197.0
801250.SI,20260710,申万制造,8822.5,8470.63,8931.07,8470.63,-293.43,-3.35,5674960.0,222827856.0,52.12,6.37,2550571956.0,4943733404.0
801260.SI,20260710,申万消费,5553.81,5553.81,5710.24,5661.24,91.61,1.64,1541301.0,23668371.0,19.77,3.03,652672150.0,1411368939.0
801270.SI,20260710,申万投资,4080.0,4064.47,4138.84,4064.47,-17.47,-0.43,2783390.0,40607889.0,20.18,2.4,674756787.0,1683831956.0
801280.SI,20260710,申万服务,2486.81,2486.81,2540.5,2514.26,14.45,0.58,4498120.0,50340298.0,11.18,1.43,1192812265.0,3265798051.0
801300.SI,20260710,申万300指数,3842.63,3724.21,3864.52,3724.21,-100.98,-2.64,3371843.0,157828071.0,22.95,2.56,2510860151.0,5614850795.0
801710.SI,20260710,建筑材料,6855.59,6727.79,7057.46,6727.79,-121.32,-1.77,214806.0,4440834.0,39.82,1.66,48066937.0,123865086.0
801711.SI,20260710,水泥,3806.79,3720.87,3935.77,3835.1,29.45,0.77,39426.0,319818.0,20.21,0.63,9632141.0,21296303.0
801712.SI,20260710,玻璃玻纤,26741.75,25520.08,28412.59,25634.89,-1040.42,-3.9,118773.0,3550314.0,74.36,4.53,26347292.0,78712001.0
801713.SI,20260710,装修建材,4378.68,4308.62,4535.03,4434.96,47.18,1.08,56606.0,570703.0,34.67,1.73,12087504.0,23856782.0
801720.SI,20260710,建筑装饰,1968.72,1968.72,2019.56,1990.83,21.18,1.08,411243.0,3915733.0,13.52,0.71,63713663.0,164788286.0
801721.SI,20260710,房屋建设Ⅱ,2742.78,2704.34,2802.13,2774.99,17.41,0.63,50476.0,260375.0,7.44,0.44,7301202.0,25704596.0
801722.SI,20260710,装修装饰Ⅱ,4110.9,4045.21,4295.68,4195.83,94.9,2.31,52924.0,386192.0,73.49,2.55,5265949.0,11368061.0
801723.SI,20260710,基础建设,2004.04,1983.19,2056.78,2033.04,20.99,1.04,141469.0,576831.0,9.2,0.48,23913971.0,65673837.0
801724.SI,20260710,专业工程,1878.89,1844.48,1963.66,1902.83,27.56,1.47,89477.0,1111045.0,22.18,1.14,17263205.0,40838479.0
801726.SI,20260710,工程咨询服务Ⅱ,2278.94,2210.0,2386.61,2269.36,3.67,0.16,76898.0,1581289.0,49.53,2.05,9969335.0,21203312.0
801730.SI,20260710,电力设备,9814.63,9524.49,9814.63,9527.42,-266.72,-2.72,924115.0,23476722.0,32.75,3.0,426427771.0,778797250.0
801731.SI,20260710,电机Ⅱ,12793.88,12640.82,13373.89,12939.14,157.36,1.23,41287.0,820735.0,49.35,3.25,12441153.0,29846075.0
801733.SI,20260710,其他电源设备Ⅱ,44206.32,42835.77,45920.93,43296.91,-345.56,-0.79,74170.0,2872370.0,68.48,3.71,33128822.0,68214847.0
801735.SI,20260710,光伏设备,5957.24,5718.39,6165.09,5810.12,-150.27,-2.52,238295.0,5049656.0,47.9,2.86,79996082.0,149522693.0
801736.SI,20260710,风电设备,2259.73,2210.75,2425.11,2355.99,99.32,4.4,90785.0,1585783.0,34.88,1.72,20549603.0,37781283.0
801737.SI,20260710,电池,23984.74,22567.81,24272.93,22723.25,-1222.94,-5.11,229024.0,9147804.0,26.61,3.33,195307867.0,333240829.0
801738.SI,20260710,电网设备,5454.01,5333.78,5634.65,5436.7,-7.08,-0.13,250554.0,4000374.0,30.92,2.76,85004245.0,160191523.0
801740.SI,20260710,国防军工,1800.22,1800.22,1910.99,1845.74,46.0,2.56,421901.0,12659814.0,66.95,3.59,150678508.0,327336708.0
801741.SI,20260710,航天装备Ⅱ,31831.73,30662.66,35496.69,35225.74,3265.25,10.22,47899.0,1809621.0,514.23,6.45,15484099.0,50929762.0
801742.SI,20260710,航空装备Ⅱ,8522.44,8362.68,9055.92,8649.05,116.99,1.37,101276.0,2764454.0,67.47,3.22,45719686.0,93217686.0
801743.SI,20260710,地面兵装Ⅱ,15003.68,14839.52,16001.33,15439.32,396.72,2.64,40299.0,572124.0,114.79,3.0,6581942.0,13433216.0
801744.SI,20260710,航海装备Ⅱ,3247.23,3220.05,3493.17,3384.2,130.77,4.02,51781.0,1466349.0,28.76,2.3,27038063.0,52044691.0
801745.SI,20260710,军工电子Ⅱ,6947.45,6715.35,7438.91,6981.85,60.98,0.88,180646.0,6047266.0,107.81,5.02,55854717.0,117711354.0
801750.SI,20260710,计算机,4567.35,4567.35,4757.86,4635.06,54.15,1.18,846396.0,21257953.0,70.06,3.85,240318803.0,428180123.0
801760.SI,20260710,传媒,657.82,657.82,694.89,681.69,17.3,2.6,649884.0,7068663.0,35.62,2.56,81536845.0,143402507.0
801764.SI,20260710,游戏Ⅱ,2837.86,2789.32,3020.41,2922.74,47.69,1.66,168533.0,2718060.0,25.03,3.31,33720292.0,49661436.0
801765.SI,20260710,广告营销,2327.6,2292.08,2543.26,2445.31,98.32,4.19,239250.0,2225526.0,56.59,3.99,19075060.0,26229387.0
801766.SI,20260710,影视院线,1042.19,1031.55,1109.91,1087.58,40.05,3.82,115427.0,915299.0,253.61,2.71,9240704.0,18470744.0
801767.SI,20260710,数字媒体,1491.24,1472.71,1594.86,1545.61,36.21,2.4,30924.0,482946.0,63.39,2.54,5383395.0,11895035.0
801769.SI,20260710,出版,1339.75,1324.3,1396.04,1369.32,16.57,1.22,38810.0,446164.0,21.93,1.46,8013253.0,23986151.0
801770.SI,20260710,通信,8796.32,8359.27,8869.75,8359.27,-304.32,-3.51,463678.0,28389533.0,66.85,7.09,331007239.0,562279001.0
801780.SI,20260710,银行,3775.25,3766.4,3806.81,3800.82,-8.34,-0.22,351855.0,2600993.0,5.81,0.48,236803158.0,1018314354.0
801782.SI,20260710,国有大型银行Ⅱ,1829.02,1822.65,1862.05,1858.45,10.45,0.57,153225.0,1019851.0,7.07,0.58,70815614.0,641691213.0
801783.SI,20260710,股份制银行Ⅱ,3945.45,3919.37,3982.86,3972.84,-9.34,-0.23,91615.0,839099.0,5.28,0.42,93728981.0,236128677.0
801784.SI,20260710,城商行Ⅱ,998.8,988.39,1005.1,996.57,-10.89,-1.08,79497.0,611118.0,5.6,0.5,58686654.0,117893072.0
801785.SI,20260710,农商行Ⅱ,725.15,716.3,730.48,722.84,-2.96,-0.41,27519.0,130925.0,5.39,0.5,13571909.0,22601391.0
801790.SI,20260710,非银金融,1765.61,1747.5,1770.65,1748.61,-23.65,-1.33,458783.0,5633227.0,11.32,1.12,239802893.0,557321068.0
801811.SI,20260710,大盘指数,4258.2,4135.81,4270.68,4135.81,-106.16,-2.5,2357090.0,105370421.0,18.66,2.04,2114601521.0,5170105202.0
801812.SI,20260710,中盘指数,5569.42,5455.11,5627.27,5455.11,-104.72,-1.88,2642108.0,82828117.0,33.93,2.59,1043126853.0,2200117249.0
801813.SI,20260710,小盘指数,6051.17,6003.98,6159.91,6003.98,-43.51,-0.72,3180760.0,70609625.0,37.05,2.4,832923734.0,1693229350.0
801821.SI,20260710,高市盈率指数,1809.51,1736.0,1847.68,1736.0,-63.92,-3.55,856443.0,48840122.0,202.69,12.17,478348395.0,999631996.0
801822.SI,20260710,中市盈率指数,4921.2,4880.34,5010.71,4880.34,-11.27,-0.23,755426.0,24051869.0,39.63,3.23,261467368.0,510467728.0
801823.SI,20260710,低市盈率指数,7152.15,7112.76,7211.29,7174.88,-12.0,-0.17,1177142.0,11591567.0,7.87,0.74,673726347.0,2213265934.0
801831.SI,20260710,高市净率指数,3055.38,2867.28,3104.53,2867.28,-156.44,-5.17,739364.0,95731531.0,127.17,20.78,1056443912.0,2143739751.0
801832.SI,20260710,中市净率指数,4379.57,4379.57,4455.86,4385.71,3.05,0.07,713971.0,9153836.0,25.44,2.46,196632355.0,378012034.0
801833.SI,20260710,低市净率指数,6655.67,6630.6,6736.65,6709.45,11.26,0.17,1273493.0,6637252.0,7.83,0.52,417361229.0,1515654604.0
801841.SI,20260710,高价股指数,5657.4,5332.17,5706.05,5332.17,-278.32,-4.96,472876.0,106417726.0,60.33,10.64,1394933876.0,2702800946.0
801842.SI,20260710,中价股指数,4096.2,4096.2,4210.57,4136.91,23.17,0.56,681299.0,10095513.0,27.81,2.17,155539246.0,342348117.0
801843.SI,20260710,低价股指数,13815.36,13815.36,14264.23,14140.03,273.92,1.98,1987429.0,4673823.0,24.33,0.96,127791769.0,266121868.0
801851.SI,20260710,亏损股指数,3959.11,3957.22,4062.29,3957.22,-10.65,-0.27,3976108.0,49081829.0,,2.86,586367029.0,1199430286.0
801852.SI,20260710,微利股指数,2822.05,2822.05,2905.49,2832.99,-4.86,-0.17,259296.0,4559422.0,66.45,2.34,64178041.0,118876130.0
801853.SI,20260710,绩优股指数,6682.72,6371.46,6682.72,6371.46,-260.24,-3.92,264420.0,31672211.0,26.15,6.9,686093721.0,1431966216.0
801863.SI,20260710,新股指数,2647.36,2548.32,2701.16,2548.32,-99.88,-3.77,84764.0,5625777.0,153.42,7.02,37683822.0,388087049.0
801880.SI,20260710,汽车,6586.8,6586.8,6752.35,6654.49,77.75,1.18,460384.0,8185333.0,25.4,2.18,179201604.0,387882387.0
801881.SI,20260710,摩托车及其他,3130.8,3056.64,3206.05,3093.08,-55.1,-1.75,11309.0,221830.0,23.26,2.87,7817321.0,18015567.0
801890.SI,20260710,机械设备,2512.4,2468.32,2540.91,2468.32,-33.64,-1.34,956261.0,25756519.0,47.41,3.54,331643068.0,665324299.0
801950.SI,20260710,煤炭,2935.39,2927.53,2993.44,2965.76,1.36,0.05,116122.0,967037.0,19.18,1.37,40802951.0,170488802.0
801951.SI,20260710,煤炭开采,3369.93,3314.81,3441.55,3399.58,-4.06,-0.12,84285.0,872035.0,18.13,1.39,38472657.0,166010377.0
801952.SI,20260710,焦炭Ⅱ,1030.6,1010.56,1090.16,1068.34,29.64,2.85,31837.0,95003.0,534.88,1.15,2330294.0,4478425.0
801960.SI,20260710,石油石化,2356.92,2356.86,2394.0,2391.03,-8.69,-0.36,253581.0,1789160.0,17.97,1.24,48845328.0,282530885.0
801962.SI,20260710,油服工程,2071.39,2037.29,2184.82,2155.28,11.76,0.55,81987.0,565133.0,23.26,1.45,5851309.0,17520149.0
801963.SI,20260710,炼化及贸易,2713.29,2652.67,2758.65,2731.3,-11.78,-0.43,121755.0,959822.0,18.54,1.16,33912568.0,252128241.0
801970.SI,20260710,环保,1931.28,1931.28,1967.38,1936.54,3.6,0.19,192800.0,1902397.0,25.82,1.57,38746609.0,83380616.0
801971.SI,20260710,环境治理,1836.33,1796.52,1892.83,1840.6,1.36,0.07,153862.0,1322949.0,22.96,1.41,30027179.0,66573711.0
801972.SI,20260710,环保设备Ⅱ,2275.26,2226.27,2375.29,2284.64,13.09,0.58,38938.0,579449.0,42.37,2.49,8719430.0,16806905.0
801980.SI,20260710,美容护理,3278.41,3278.41,3375.59,3336.34,49.35,1.5,18144.0,320862.0,29.06,2.34,8543075.0,22416098.0
801981.SI,20260710,个护用品,1176.71,1156.0,1206.77,1185.05,8.58,0.73,6912.0,99525.0,26.57,1.82,2376902.0,6634955.0
801982.SI,20260710,化妆品,5617.45,5552.23,5816.07,5710.98,60.62,1.07,9886.0,161360.0,28.13,2.43,4079150.0,10787749.0
801991.SI,20260710,航空机场,2298.66,2271.22,2340.98,2323.03,27.83,1.21,70426.0,323380.0,24.38,2.13,16415942.0,46609090.0
801992.SI,20260710,航运港口,3061.57,3025.96,3121.11,3087.49,6.77,0.22,114505.0,741983.0,13.08,1.19,26106853.0,100801710.0
801993.SI,20260710,旅游及景区,1770.8,1742.74,1846.31,1821.21,39.38,2.21,40080.0,316704.0,42.51,2.31,6109510.0,12246810.0
801994.SI,20260710,教育,1529.29,1505.57,1602.44,1562.83,16.66,1.08,50304.0,200650.0,81.9,3.83,4625881.0,7412360.0
801995.SI,20260710,电视广播Ⅱ,919.51,907.55,973.91,952.21,29.41,3.19,56942.0,280668.0,60.7,1.05,6104141.0,13159753.0
850111.SI,20260710,种子,2320.45,2286.93,2390.57,2366.16,42.52,1.83,15663.0,83052.0,109.53,2.22,2572379.0,4268996.0
850113.SI,20260710,其他种植业,1428.38,1397.43,1479.96,1438.63,0.36,0.03,19471.0,90735.0,39.32,1.98,2215467.0,4446435.0
850122.SI,20260710,水产养殖,385.59,378.35,403.1,397.5,10.61,2.74,10356.0,28743.0,288.89,2.42,685775.0,1040394.0
850135.SI,20260710,食品及饲料添加剂,2348.83,2307.57,2411.49,2367.15,11.87,0.5,18691.0,253954.0,16.49,1.71,10730614.0,23128851.0
850136.SI,20260710,有机硅,5499.73,5117.02,5672.86,5162.75,-413.88,-7.42,45473.0,1108934.0,67.59,2.64,4608987.0,13112505.0
850142.SI,20260710,畜禽饲料,1084.94,1059.37,1125.67,1111.16,24.65,2.27,33795.0,158680.0,1196.76,1.58,4755688.0,8465005.0
850151.SI,20260710,果蔬加工,1659.8,1631.36,1739.59,1675.93,25.61,1.55,4572.0,71633.0,44.95,3.86,1331079.0,3453419.0
850152.SI,20260710,粮油加工,1260.77,1240.66,1294.64,1279.78,19.4,1.54,4725.0,49607.0,36.8,1.49,2182010.0,15361111.0
850154.SI,20260710,其他农产品加工,2528.98,2490.36,2672.04,2626.86,91.03,3.59,16564.0,106580.0,34.17,1.69,3413583.0,6573390.0
850172.SI,20260710,生猪养殖,4743.05,4646.35,4927.34,4877.97,111.26,2.33,52897.0,612463.0,36.2,2.4,21229268.0,38293523.0
850173.SI,20260710,肉鸡养殖,702.48,692.52,731.17,725.49,18.97,2.68,12820.0,128780.0,24.77,1.78,2878975.0,6451030.0
850181.SI,20260710,动物保健Ⅲ,4192.48,4133.0,4310.16,4229.35,26.52,0.63,5651.0,69539.0,41.45,1.9,3094772.0,5240966.0
850232.SI,20260710,汽车经销商,387.51,380.18,402.58,395.27,8.68,2.25,5286.0,15996.0,56.49,1.42,665611.0,1647395.0
850233.SI,20260710,汽车综合服务,1623.42,1611.5,1710.1,1659.76,32.37,1.99,8069.0,73437.0,34.7,1.8,1590638.0,3459429.0
850322.SI,20260710,氯碱,1238.49,1210.44,1269.57,1232.75,-14.59,-1.17,48922.0,365389.0,40.83,1.22,6883355.0,13890848.0
850323.SI,20260710,无机盐,24195.56,22965.83,24759.78,23144.29,-1068.52,-4.41,15646.0,452327.0,66.6,3.05,5824148.0,11803587.0
850324.SI,20260710,其他化学原料,4164.9,4063.95,4275.97,4142.49,-26.15,-0.63,17549.0,341645.0,20.88,2.12,6664923.0,14932876.0
850325.SI,20260710,煤化工,6457.89,6349.37,6708.07,6602.67,87.76,1.35,34429.0,342967.0,16.98,1.61,7210028.0,21756846.0
850326.SI,20260710,钛白粉,632.29,620.68,646.51,636.29,2.49,0.39,18582.0,106296.0,58.0,1.6,4025202.0,6600115.0
850331.SI,20260710,氮肥,4925.25,4800.42,5097.48,5003.82,19.89,0.4,29034.0,185910.0,17.29,1.49,5267501.0,8374576.0
850332.SI,20260710,磷肥及磷化工,1979.81,1911.78,2021.11,1943.6,-38.84,-1.96,43271.0,553715.0,21.19,1.92,10863386.0,18727824.0
850333.SI,20260710,农药,3094.96,3013.13,3178.02,3088.1,-2.27,-0.07,36942.0,394325.0,26.98,1.53,9435216.0,18962813.0
850335.SI,20260710,涂料油墨,7942.58,7733.6,8317.56,7941.43,-77.79,-0.97,17509.0,412497.0,114.53,4.43,3655585.0,8963780.0
850337.SI,20260710,民爆制品,3876.65,3766.47,3979.03,3827.33,-73.22,-1.88,21444.0,340335.0,23.63,2.06,6206416.0,11322787.0
850338.SI,20260710,纺织化学制品,2201.71,2166.24,2315.27,2260.05,46.78,2.11,24616.0,232383.0,23.97,1.29,5488588.0,8967856.0
850339.SI,20260710,其他化学制品,2239.69,2170.12,2316.15,2202.54,-38.22,-1.71,89462.0,1560579.0,45.9,2.25,22018057.0,46951216.0
850341.SI,20260710,涤纶,5681.29,5596.35,5859.79,5711.1,13.77,0.24,15095.0,95760.0,27.23,1.35,2481428.0,7106962.0
850343.SI,20260710,粘胶,2504.72,2429.8,2575.47,2504.15,-27.83,-1.1,18854.0,67301.0,68.43,1.74,1321889.0,1984096.0
850351.SI,20260710,其他塑料制品,3670.28,3598.82,3849.89,3706.99,22.31,0.61,20853.0,370301.0,65.25,2.12,5443215.0,11034470.0
850353.SI,20260710,改性塑料,4644.73,4514.25,4815.58,4601.11,-43.92,-0.95,23356.0,480398.0,45.03,2.86,8974333.0,16247045.0
850354.SI,20260710,合成树脂,5658.05,5482.37,6025.87,5692.67,115.38,2.07,30259.0,938142.0,63.02,5.41,8958357.0,19827928.0
850355.SI,20260710,膜材料,3816.07,3621.93,3941.01,3650.72,-147.01,-3.87,50658.0,1197985.0,122.89,4.49,13417135.0,27497151.0
850362.SI,20260710,其他橡胶制品,3945.14,3849.9,4034.33,3888.73,-69.76,-1.76,9196.0,103794.0,97.13,2.56,2525578.0,4463988.0
850363.SI,20260710,炭黑,3168.87,3040.82,3218.65,3077.4,-75.84,-2.41,6738.0,68905.0,38.44,1.81,1209135.0,2564817.0
850372.SI,20260710,聚氨酯,17001.4,16591.54,17456.81,17075.88,-25.64,-0.15,13421.0,381482.0,17.78,1.94,13938109.0,24351537.0
850381.SI,20260710,复合肥,4230.07,4149.82,4315.44,4231.91,-24.83,-0.58,21341.0,120157.0,13.01,1.42,3955972.0,7192857.0
850382.SI,20260710,氟化工,9685.82,9126.47,10013.93,9148.22,-548.97,-5.66,60900.0,2485336.0,40.2,4.76,17462215.0,35023336.0
850412.SI,20260710,特钢Ⅲ,2468.45,2425.66,2554.04,2499.07,25.43,1.03,36275.0,213203.0,16.21,1.17,6783427.0,18542370.0
850442.SI,20260710,板材,1958.38,1926.54,2036.25,2012.34,49.44,2.52,169574.0,423281.0,38.76,0.75,12578510.0,40588884.0
850521.SI,20260710,其他金属新材料,8328.36,8100.65,8880.93,8347.61,49.0,0.59,33023.0,835416.0,90.97,4.76,9911434.0,19820673.0
850522.SI,20260710,磁性材料,11072.91,10718.74,11476.03,10857.33,-156.88,-1.42,34172.0,850980.0,64.14,4.38,10080827.0,20167023.0
850523.SI,20260710,非金属材料Ⅲ,7051.68,6700.9,7288.19,6728.18,-228.93,-3.29,9862.0,660278.0,68.73,4.19,6374012.0,13828308.0
850531.SI,20260710,黄金,21434.19,20858.61,22548.93,21771.44,494.19,2.32,55364.0,1312644.0,19.16,3.37,22581414.0,41807925.0
850544.SI,20260710,其他小金属,25547.61,25001.1,26778.69,25315.18,-285.71,-1.12,54204.0,2370273.0,60.59,4.24,20173099.0,36235662.0
850551.SI,20260710,铝,4452.86,4394.42,4676.05,4553.04,133.98,3.03,165140.0,1776650.0,11.41,1.69,32410800.0,56928084.0
850552.SI,20260710,铜,8214.99,8008.84,8425.18,8186.19,89.14,1.1,151432.0,2519600.0,14.64,3.1,77567427.0,139794038.0
850553.SI,20260710,铅锌,4935.23,4830.51,5105.75,4892.24,-22.02,-0.45,72962.0,976404.0,23.28,2.89,15658449.0,26082090.0
850614.SI,20260710,其他建材,7084.64,6980.02,7326.29,7179.34,85.1,1.2,21253.0,223282.0,24.93,1.69,5376654.0,11202369.0
850615.SI,20260710,耐火材料,6073.25,5964.52,6274.27,6094.81,21.21,0.35,10555.0,65743.0,50.67,1.71,1664661.0,2985593.0
850616.SI,20260710,管材,3858.58,3798.62,4028.13,3948.21,66.59,1.72,13869.0,159722.0,31.62,1.88,1586024.0,3406721.0
850623.SI,20260710,房屋建设Ⅲ,2742.93,2704.49,2802.29,2775.15,17.41,0.63,50476.0,260375.0,7.44,0.44,7301202.0,25704596.0
850702.SI,20260710,安防设备,15197.12,14874.94,15622.19,15013.45,-231.96,-1.52,38274.0,938199.0,22.52,2.95,20742003.0,49927177.0
850703.SI,20260710,其他计算机设备,5624.71,5531.54,5943.45,5679.22,93.21,1.67,158619.0,6710110.0,66.32,4.49,49791904.0,82423411.0
850711.SI,20260710,机床工具,1729.91,1689.9,1805.59,1718.39,1.79,0.1,37996.0,599446.0,83.46,4.07,6610763.0,13684656.0
850713.SI,20260710,磨具磨料,4307.3,4124.78,4571.3,4166.06,-152.5,-3.53,55979.0,1381777.0,135.54,5.8,8316943.0,15549285.0
850715.SI,20260710,制冷空调设备,22171.65,21507.54,23145.06,21942.91,-102.35,-0.46,28334.0,1036120.0,61.73,3.81,10007164.0,20848039.0
850716.SI,20260710,其他通用设备,9630.23,9423.04,10250.01,9731.91,81.18,0.84,107130.0,2443312.0,47.83,3.91,21435983.0,41480861.0
850721.SI,20260710,纺织服装设备,1601.53,1564.22,1666.72,1601.37,-1.84,-0.11,22605.0,259282.0,44.29,2.67,3572048.0,8232900.0
850725.SI,20260710,能源及重型设备,2446.8,2318.9,2524.2,2377.22,-66.97,-2.74,109505.0,1484468.0,34.71,2.63,26929841.0,55586808.0
850726.SI,20260710,印刷包装机械,3689.26,3618.12,3772.5,3690.11,0.49,0.01,9044.0,116812.0,45.62,2.71,2663205.0,4968462.0
850727.SI,20260710,其他专用设备,25499.43,24356.57,26459.28,24719.54,-699.51,-2.75,97395.0,3984224.0,63.37,5.03,46567891.0,93457397.0
850728.SI,20260710,楼宇设备,13379.3,13126.95,13825.99,13436.5,82.68,0.62,11569.0,128817.0,34.85,1.94,3526653.0,7775886.0
850731.SI,20260710,仪器仪表,7555.89,7193.84,7999.8,7437.16,-195.04,-2.56,38839.0,1681766.0,132.89,7.0,27171869.0,66241766.0
850741.SI,20260710,电机Ⅲ,12804.21,12651.02,13384.68,12949.58,157.49,1.23,41287.0,820735.0,49.35,3.25,12441153.0,29846075.0
850751.SI,20260710,金属制品,10162.71,9829.96,10649.49,10085.44,-62.05,-0.61,188699.0,3383480.0,68.0,3.51,36209031.0,81766549.0
850771.SI,20260710,工程机械整机,18481.52,18199.6,19082.01,18668.23,155.31,0.84,54208.0,565865.0,16.87,1.66,29580476.0,50822723.0
850772.SI,20260710,工程机械器件,5691.37,5627.8,5990.47,5831.71,151.38,2.66,6662.0,277258.0,55.55,7.41,7041803.0,20753715.0
850781.SI,20260710,机器人,15491.28,15323.45,16645.48,15728.97,-7.71,-0.05,47691.0,2103807.0,195.55,7.59,15167321.0,26384105.0
850782.SI,20260710,工控设备,6324.16,6111.87,6530.15,6152.49,-163.58,-2.59,41910.0,1600862.0,57.1,4.96,29368220.0,48996300.0
850783.SI,20260710,激光设备,18549.92,17372.9,18951.97,17555.57,-321.03,-1.8,31052.0,3418462.0,103.65,8.27,29595730.0,41344811.0
850784.SI,20260710,其他自动化设备,6880.35,6530.14,7070.99,6569.3,-276.53,-4.04,13968.0,801429.0,183.1,9.56,13328112.0,28300406.0
850812.SI,20260710,分立器件,5286.0,4810.04,5456.69,4855.04,-356.35,-6.84,85454.0,5282801.0,205.72,7.72,43398881.0,75271565.0
850813.SI,20260710,半导体材料,20407.9,18893.5,21471.54,19039.22,-1202.22,-5.94,108153.0,8897814.0,273.72,10.38,50338738.0,131620121.0
850814.SI,20260710,数字芯片设计,8170.74,7572.3,8446.14,7595.31,-505.47,-6.24,141547.0,26870501.0,119.95,15.26,268269372.0,565313507.0
850815.SI,20260710,模拟芯片设计,5342.56,5033.63,5554.68,5072.88,-277.53,-5.19,48784.0,3206204.0,197.45,6.54,39803097.0,69857341.0
850817.SI,20260710,集成电路封测,15718.38,14680.33,16314.28,14727.69,-415.43,-2.74,150946.0,9213266.0,117.51,6.69,42838190.0,93003509.0
850818.SI,20260710,半导体设备,100981.43,93263.43,105307.28,94096.12,-6958.38,-6.89,45075.0,9845240.0,159.72,18.49,143770107.0,265985648.0
850822.SI,20260710,印制电路板,22131.17,20586.75,22779.6,20699.27,-1126.98,-5.16,179136.0,12967935.0,92.85,12.34,140873442.0,281785638.0
850823.SI,20260710,被动元件,22673.84,21029.07,23651.4,21162.84,-1187.81,-5.31,61845.0,3422921.0,76.58,7.83,36498957.0,58104857.0
850831.SI,20260710,面板,1655.33,1561.67,1706.24,1566.15,-82.43,-5.0,718898.0,6530920.0,50.7,2.24,50342897.0,107526547.0
850832.SI,20260710,LED,2070.96,1993.4,2176.31,2025.13,-27.04,-1.32,147662.0,2122886.0,188.12,2.76,18179351.0,29919853.0
850833.SI,20260710,光学元件,6019.88,5779.38,6296.05,5816.88,-192.28,-3.2,66111.0,2426402.0,110.66,8.45,25408019.0,42927579.0
850841.SI,20260710,其他电子Ⅲ,21267.82,20682.33,22532.45,21129.61,-74.24,-0.35,98716.0,3990087.0,75.0,7.16,28786013.0,53589387.0
850853.SI,20260710,品牌消费电子,3588.07,3523.45,3759.68,3608.12,31.24,0.87,13077.0,659126.0,32.38,3.69,11135836.0,28136770.0
850854.SI,20260710,消费电子零部件及组装,8660.88,8316.33,8989.05,8426.36,-193.53,-2.25,278078.0,11636183.0,41.83,5.23,135558773.0,346109979.0
850861.SI,20260710,电子化学品Ⅲ,16165.19,14700.84,16822.5,14777.93,-1323.04,-8.22,149120.0,7727161.0,124.76,8.14,52496490.0,88900413.0
850912.SI,20260710,商用载货车,3521.12,3489.47,3653.79,3552.35,36.06,1.03,31112.0,352611.0,39.64,2.1,8069785.0,17534055.0
850913.SI,20260710,商用载客车,8613.15,8370.62,8800.06,8672.62,74.79,0.87,8344.0,78271.0,12.82,3.23,4681466.0,8153513.0
850922.SI,20260710,车身附件及饰件,10607.6,10381.06,10939.81,10570.44,-22.15,-0.21,38443.0,724589.0,17.96,2.09,22537611.0,43363093.0
850923.SI,20260710,底盘与发动机系统,6790.14,6678.45,7071.96,6816.82,50.75,0.75,159639.0,2926202.0,29.77,2.79,55412020.0,102211609.0
850924.SI,20260710,轮胎轮毂,3337.14,3289.41,3434.21,3376.7,41.5,1.24,24875.0,244737.0,16.05,1.42,9873519.0,22992158.0
850925.SI,20260710,其他汽车零部件,2765.11,2721.65,2916.83,2809.01,53.32,1.93,53282.0,1330563.0,37.31,2.37,16439304.0,35383589.0
850926.SI,20260710,汽车电子电气系统,4581.8,4492.12,4822.22,4629.1,57.83,1.27,63817.0,1109323.0,38.67,2.94,16415993.0,41273030.0
850935.SI,20260710,航海装备Ⅲ,3247.45,3220.27,3493.4,3384.43,130.78,4.02,51781.0,1466349.0,28.76,2.3,27038063.0,52044691.0
850936.SI,20260710,轨交设备Ⅲ,5384.92,5307.01,5551.55,5436.86,37.12,0.69,45213.0,437251.0,17.63,1.16,13230491.0,35407265.0
850952.SI,20260710,综合乘用车,5393.69,5332.43,5582.98,5511.27,114.58,2.12,32817.0,223036.0,17.68,0.65,8843030.0,32085570.0
851024.SI,20260710,通信网络设备及器件,57171.18,53053.28,58453.84,53299.33,-2759.25,-4.92,160188.0,18032000.0,85.05,16.07,227303392.0,341475649.0
851025.SI,20260710,通信线缆及配套,11200.81,10773.47,11842.18,10806.63,-344.05,-3.09,104810.0,6111400.0,80.89,6.64,41357061.0,71166489.0
851026.SI,20260710,通信终端及配件,2352.54,2268.65,2466.26,2328.91,19.01,0.82,55636.0,2015779.0,67.87,5.32,20812362.0,39638542.0
851027.SI,20260710,其他通信设备,1821.28,1781.81,1925.2,1847.74,27.47,1.51,12914.0,328493.0,87.49,3.93,4269866.0,8365850.0
851041.SI,20260710,垂直应用软件,4839.11,4733.53,5061.37,4856.55,-14.09,-0.29,174379.0,3967971.0,83.29,4.61,58635926.0,108111176.0
851042.SI,20260710,横向通用软件,22772.25,22507.8,24306.35,23430.66,489.69,2.13,83836.0,2056056.0,86.9,3.58,30154394.0,52949093.0
851112.SI,20260710,空调,39244.62,38673.36,39407.47,39215.34,-112.27,-0.29,8362.0,391576.0,10.89,2.07,53180214.0,78933874.0
851116.SI,20260710,冰洗,10789.33,10601.1,11007.97,10961.89,157.88,1.46,12442.0,148534.0,11.14,1.55,9016029.0,16673520.0
851122.SI,20260710,其他黑色家电,1906.1,1890.47,2061.46,2002.47,94.05,4.93,9499.0,123362.0,67.92,2.76,2038529.0,3884714.0
851131.SI,20260710,厨房小家电,3090.65,3046.51,3157.67,3107.36,16.49,0.53,4142.0,42991.0,23.03,2.52,1950027.0,7168013.0
851141.SI,20260710,厨房电器,11626.92,11475.62,12226.32,12016.58,281.02,2.39,4818.0,70023.0,19.66,1.5,1543330.0,3386512.0
851151.SI,20260710,照明设备Ⅲ,4534.01,4404.77,4719.61,4504.29,-3.2,-0.07,12014.0,147889.0,54.11,1.98,2703776.0,8428847.0
851161.SI,20260710,家电零部件Ⅲ,7153.04,7054.84,7508.73,7219.2,91.49,1.28,52292.0,1245506.0,42.36,3.84,17772890.0,34008235.0
851232.SI,20260710,啤酒,3776.13,3744.71,3850.1,3823.2,42.17,1.12,6485.0,101291.0,17.07,2.5,4072494.0,11189942.0
851233.SI,20260710,其他酒类,3129.63,3095.11,3289.55,3246.53,141.88,4.57,7858.0,79913.0,43.4,2.1,2449497.0,5483847.0
851241.SI,20260710,肉制品,5262.44,5150.08,5407.58,5282.09,25.86,0.49,25611.0,140184.0,25.73,2.5,4072830.0,10915817.0
851242.SI,20260710,调味发酵品Ⅲ,5637.25,5573.53,5776.84,5684.39,30.62,0.54,31749.0,399421.0,26.05,3.21,12109177.0,31833837.0
851243.SI,20260710,乳品,7915.43,7784.48,7988.23,7959.07,20.3,0.26,27269.0,334673.0,14.94,2.44,17257453.0,23171830.0
851246.SI,20260710,预加工食品,2980.69,2928.49,3083.04,3043.0,57.59,1.93,5365.0,89429.0,19.68,1.63,3154934.0,5635327.0
851247.SI,20260710,保健品,891.17,881.6,921.63,911.04,15.6,1.74,10150.0,41338.0,31.51,1.65,2003836.0,4924309.0
851251.SI,20260710,白酒Ⅲ,33303.71,32964.92,34295.41,34184.42,896.65,2.69,26992.0,1738213.0,18.35,3.4,91452550.0,228498506.0
851271.SI,20260710,软饮料,2985.92,2861.72,3038.53,2909.61,-58.21,-1.96,8232.0,208404.0,23.23,3.9,6954919.0,17515217.0
851281.SI,20260710,零食,1509.35,1487.74,1560.29,1542.89,29.68,1.96,7915.0,92727.0,12.86,1.94,2716298.0,5763752.0
851282.SI,20260710,烘焙食品,930.99,914.45,966.03,953.6,19.58,2.1,4605.0,48226.0,25.5,1.91,1478599.0,3755283.0
851312.SI,20260710,棉纺,1808.08,1783.1,1842.9,1811.64,-0.7,-0.04,12234.0,75040.0,17.06,0.99,2049018.0,4249837.0
851314.SI,20260710,印染,1608.26,1571.75,1652.19,1630.03,22.64,1.41,5083.0,41323.0,16.65,1.35,627224.0,1586829.0
851315.SI,20260710,辅料,4881.39,4784.22,5049.08,4942.01,-36.47,-0.73,4919.0,109971.0,22.51,2.47,1123696.0,2141421.0
851316.SI,20260710,其他纺织,1688.14,1650.81,1774.37,1724.23,36.11,2.14,20962.0,184576.0,34.41,2.02,2880811.0,6559897.0
851325.SI,20260710,鞋帽及其他,911.12,895.94,960.3,929.06,14.98,1.64,12362.0,166318.0,90.95,3.53,2066130.0,4302155.0
851326.SI,20260710,家纺,1592.48,1564.01,1631.66,1604.89,12.62,0.79,4183.0,41113.0,19.51,1.88,1143289.0,2989530.0
851329.SI,20260710,非运动服装,1442.34,1418.97,1479.66,1456.07,9.02,0.62,49357.0,278056.0,21.72,1.36,8119829.0,21403395.0
851331.SI,20260710,钟表珠宝,1288.83,1264.53,1331.53,1306.34,12.25,0.95,20373.0,149828.0,17.52,1.76,3701274.0,9283211.0
851412.SI,20260710,大宗用纸,3170.11,3117.02,3253.13,3210.74,43.91,1.39,34264.0,143192.0,21.99,0.94,4614274.0,8433483.0
851413.SI,20260710,特种纸,1466.01,1429.91,1513.79,1468.32,-4.06,-0.28,25620.0,177308.0,39.4,1.62,2830754.0,6176463.0
851422.SI,20260710,印刷,3253.47,3193.81,3349.87,3296.27,40.47,1.24,1852.0,13459.0,48.47,2.79,579654.0,1130853.0
851423.SI,20260710,金属包装,1948.17,1913.57,2032.48,1967.48,19.77,1.01,12572.0,135200.0,33.21,2.16,2437666.0,5411031.0
851424.SI,20260710,塑料包装,3234.97,3155.2,3298.21,3202.8,-25.14,-0.78,8732.0,117251.0,20.77,2.69,2149949.0,4313247.0
851425.SI,20260710,纸包装,2154.06,2109.67,2249.16,2163.12,-2.31,-0.11,38101.0,330606.0,51.56,2.21,5799101.0,11858369.0
851436.SI,20260710,瓷砖地板,803.89,787.7,837.74,817.44,13.25,1.65,13285.0,190344.0,54.25,1.65,2497393.0,8202460.0
851437.SI,20260710,成品家居,1209.2,1184.25,1245.88,1218.37,1.1,0.09,17694.0,166648.0,22.74,1.78,3870634.0,10083626.0
851438.SI,20260710,定制家居,1394.19,1362.59,1445.14,1415.19,21.68,1.56,6264.0,88638.0,20.46,1.33,2305015.0,6346489.0
851439.SI,20260710,卫浴制品,429.9,423.53,440.21,431.85,0.16,0.04,4297.0,30151.0,44.29,1.43,827336.0,3182431.0
851452.SI,20260710,娱乐用品,1414.99,1397.75,1469.29,1431.06,16.91,1.2,7665.0,96293.0,78.96,3.4,2238474.0,5387318.0
851491.SI,20260710,其他家居用品,1417.73,1391.79,1462.43,1430.41,13.78,0.97,16167.0,169885.0,28.97,2.52,4474589.0,17143879.0
851511.SI,20260710,原料药,9797.2,9644.89,10320.07,10081.77,232.43,2.36,69925.0,1016972.0,48.46,2.51,15719751.0,32940462.0
851512.SI,20260710,化学制剂,8086.02,7991.55,8592.19,8385.56,210.13,2.57,282367.0,5023861.0,39.72,3.25,85729740.0,170603588.0
851521.SI,20260710,中药Ⅲ,5321.2,5235.56,5501.45,5429.32,80.34,1.5,121431.0,1218116.0,22.53,1.87,37237250.0,73911671.0
851522.SI,20260710,血液制品,5586.46,5499.16,5817.84,5726.12,133.3,2.38,12976.0,103960.0,29.0,1.23,4353220.0,9693093.0
851523.SI,20260710,疫苗,9205.44,9051.53,9838.02,9692.85,459.62,4.98,23708.0,383219.0,59.62,1.68,8812877.0,15861253.0
851524.SI,20260710,其他生物制品,9695.04,9557.56,10354.54,10090.29,333.56,3.42,46180.0,1118274.0,41.83,3.15,18770604.0,42066857.0
851532.SI,20260710,医疗设备,8116.99,7945.25,8447.99,8201.87,66.05,0.81,28993.0,947621.0,36.02,3.17,25952160.0,54381933.0
851533.SI,20260710,医疗耗材,5318.76,5193.25,5506.7,5365.17,46.85,0.88,36651.0,788289.0,34.46,2.22,19377991.0,41862836.0
851534.SI,20260710,体外诊断,6740.87,6617.69,7044.9,6905.43,155.45,2.3,23438.0,475559.0,37.69,1.6,12535224.0,26465268.0
851542.SI,20260710,医药流通,2424.56,2383.44,2502.68,2470.24,33.67,1.38,55652.0,316692.0,17.34,1.02,7713178.0,20844105.0
851543.SI,20260710,线下药店,10428.63,10291.95,10735.67,10521.74,62.69,0.6,5774.0,84072.0,16.39,1.61,3222898.0,7464445.0
851563.SI,20260710,医疗研发外包,14009.61,13933.83,15142.54,14730.33,575.83,4.07,69208.0,2935802.0,25.45,3.69,43740005.0,67394700.0
851564.SI,20260710,医院,3680.98,3623.59,3879.92,3811.17,110.8,2.99,76153.0,458740.0,39.53,3.24,9852001.0,18262158.0
851610.SI,20260710,电能综合服务,2763.71,2736.88,2840.25,2798.13,39.73,1.44,80931.0,286395.0,35.87,1.06,9388827.0,23244066.0
851611.SI,20260710,火力发电,2989.96,2952.91,3099.31,3043.27,45.13,1.51,273393.0,1868981.0,12.93,1.14,25627892.0,88379096.0
851612.SI,20260710,水力发电,5227.63,5179.75,5300.39,5271.32,36.99,0.71,49930.0,724575.0,18.82,2.48,36781540.0,122086465.0
851614.SI,20260710,热力服务,2371.89,2322.34,2467.95,2380.86,19.82,0.84,45370.0,418794.0,39.78,2.15,5805144.0,13289083.0
851616.SI,20260710,光伏发电,875.33,845.27,912.36,877.24,5.49,0.63,105619.0,586399.0,70.78,1.4,7229459.0,12400172.0
851617.SI,20260710,风力发电,1145.9,1131.58,1178.09,1158.9,12.58,1.1,81251.0,643536.0,40.66,1.34,12066865.0,70702085.0
851631.SI,20260710,燃气Ⅲ,2894.85,2845.74,3026.85,2974.05,47.78,1.63,42191.0,509609.0,22.53,1.77,9324566.0,24684314.0
851711.SI,20260710,港口,3658.38,3621.88,3723.47,3688.01,19.29,0.53,43036.0,177266.0,13.48,0.88,7969580.0,46026593.0
851721.SI,20260710,公交,2085.28,2065.83,2174.48,2140.52,51.68,2.47,6765.0,37641.0,61.63,1.26,1134709.0,2224726.0
851731.SI,20260710,高速公路,3029.37,2981.62,3091.98,3045.94,-10.87,-0.36,22526.0,136135.0,14.44,0.91,7868965.0,32684496.0
851741.SI,20260710,航空运输,1690.01,1671.46,1722.89,1709.53,20.96,1.24,66980.0,276168.0,25.77,2.73,13050389.0,37108732.0
851761.SI,20260710,航运,2419.05,2389.16,2467.86,2439.92,2.1,0.09,71469.0,564717.0,12.91,1.39,18137272.0,54775117.0
851771.SI,20260710,铁路运输,751.4,742.82,758.88,754.75,-4.14,-0.55,34197.0,179951.0,16.64,0.77,10687336.0,36305221.0
851782.SI,20260710,原材料供应链服务,2673.64,2625.61,2706.03,2680.0,-13.44,-0.5,16402.0,92896.0,17.49,0.51,5018308.0,10776849.0
851783.SI,20260710,中间产品及消费品供应链服务,967.97,959.3,1031.85,990.02,9.11,0.93,9591.0,126976.0,64.63,2.37,1409767.0,2865740.0
851784.SI,20260710,快递,2194.04,2162.86,2231.57,2205.85,9.73,0.44,12163.0,197150.0,13.68,1.55,11111548.0,25524617.0
851785.SI,20260710,跨境物流,1294.76,1269.09,1318.04,1300.8,9.01,0.7,9588.0,69593.0,13.82,1.46,3703002.0,14423309.0
851786.SI,20260710,仓储物流,3061.69,2987.74,3122.29,3052.41,3.33,0.11,6606.0,68855.0,26.49,1.28,1785551.0,3417633.0
851787.SI,20260710,公路货运,2160.24,2095.57,2223.31,2163.38,16.12,0.75,5435.0,29739.0,32.38,1.02,857892.0,2208678.0
851811.SI,20260710,住宅开发,2065.12,2024.64,2169.64,2107.98,37.49,1.81,403929.0,1867405.0,15.74,0.73,28283525.0,57218406.0
851812.SI,20260710,商业地产,2192.11,2144.99,2269.36,2237.86,59.4,2.73,38594.0,157092.0,70.62,0.63,5235607.0,17308403.0
851813.SI,20260710,产业地产,2498.58,2472.35,2606.96,2513.83,30.65,1.23,17443.0,238567.0,40.08,1.7,4911183.0,12494775.0
851831.SI,20260710,物业管理,511.59,501.48,531.54,518.28,6.82,1.33,12069.0,55328.0,31.61,1.84,1303695.0,2835300.0
851922.SI,20260710,金融控股,2104.21,2059.56,2165.79,2136.31,20.91,0.99,33011.0,206796.0,20.08,0.81,4886996.0,19722354.0
851927.SI,20260710,资产管理,1987.99,1949.16,2021.89,1989.45,-3.28,-0.16,3949.0,40280.0,42.54,2.3,1446560.0,3917029.0
851931.SI,20260710,证券Ⅲ,6423.38,6279.02,6452.83,6321.84,-132.66,-2.06,348002.0,4209068.0,15.63,1.2,158623301.0,323745026.0
851941.SI,20260710,保险Ⅲ,1109.93,1097.84,1125.51,1114.07,2.17,0.19,30163.0,904562.0,6.47,0.95,66693774.0,189138177.0
852021.SI,20260710,贸易Ⅲ,4013.84,3953.75,4169.03,4060.46,42.17,1.05,26103.0,155577.0,22.0,1.28,3943085.0,12535858.0
852031.SI,20260710,百货,1930.41,1904.73,2031.6,1987.88,54.8,2.84,69093.0,253455.0,147.94,1.2,5569949.0,11385616.0
852032.SI,20260710,超市,8061.18,7977.56,8393.27,8230.86,148.44,1.84,53019.0,258937.0,37.26,3.79,4616989.0,10386033.0
852033.SI,20260710,多业态零售,1607.89,1575.66,1668.36,1627.68,16.32,1.01,30560.0,173432.0,22.53,0.99,3315964.0,6364664.0
852034.SI,20260710,商业物业经营,2279.61,2251.6,2395.7,2354.43,68.95,3.02,47250.0,236037.0,27.88,1.26,6828491.0,16830274.0
852041.SI,20260710,专业连锁Ⅲ,3243.06,3222.25,3419.87,3340.08,85.23,2.62,10800.0,92168.0,55.02,2.52,2419129.0,4236756.0
852062.SI,20260710,跨境电商,633.4,619.04,656.61,634.89,3.25,0.52,14837.0,122611.0,37.34,4.07,2315848.0,4550507.0
852063.SI,20260710,电商服务,2257.23,2203.44,2362.51,2262.45,5.28,0.23,9294.0,143125.0,101.4,2.96,2219554.0,3896326.0
852111.SI,20260710,人工景区,25323.54,24948.55,26320.59,26126.44,751.55,2.96,9417.0,78659.0,33.06,1.78,1770116.0,3167287.0
852112.SI,20260710,自然景区,1973.05,1944.93,2048.25,2019.55,37.29,1.88,15754.0,139208.0,38.48,2.48,2785555.0,5946589.0
852121.SI,20260710,酒店,2104.43,2077.71,2164.75,2136.05,27.85,1.32,5299.0,57265.0,19.11,1.18,1783204.0,3938703.0
852131.SI,20260710,旅游综合,10220.02,10016.47,10777.75,10563.83,202.13,1.95,14909.0,98838.0,87.28,3.0,1553839.0,3132933.0
852182.SI,20260710,检测服务,4743.34,4621.65,4939.4,4699.19,-46.47,-0.98,32840.0,469981.0,36.44,3.15,7217696.0,14660145.0
852183.SI,20260710,会展服务,1768.88,1733.33,1802.55,1775.12,5.12,0.29,1310.0,14891.0,27.53,1.76,522554.0,1390995.0
852213.SI,20260710,通信工程及服务,835.03,825.94,892.71,873.45,44.12,5.32,26633.0,398239.0,666.56,3.53,5598293.0,9022046.0
852214.SI,20260710,通信应用增值服务,2601.17,2575.32,2767.88,2655.94,42.17,1.61,63514.0,1229055.0,54.78,4.94,14513627.0,27573093.0
852226.SI,20260710,IT服务Ⅲ,4211.64,4157.82,4498.29,4330.8,98.96,2.34,391289.0,7585617.0,116.92,3.46,80994576.0,134769267.0
852311.SI,20260710,综合Ⅲ,4419.21,4348.06,4627.97,4414.58,-57.88,-1.29,52011.0,604946.0,96.58,2.87,10228708.0,20426197.0
857111.SI,20260710,水泥制造,3851.06,3762.46,3974.98,3869.51,21.51,0.56,28320.0,265391.0,18.25,0.59,8624386.0,19223523.0
857112.SI,20260710,水泥制品,829.73,814.21,870.27,855.19,22.07,2.65,11106.0,54427.0,238.82,1.66,1007755.0,2072779.0
857121.SI,20260710,玻璃制造,3022.39,2959.41,3152.76,2991.05,-4.95,-0.17,40338.0,232028.0,194.45,1.26,2733166.0,5144161.0
857122.SI,20260710,玻纤制造,123162.98,117194.55,131124.47,117638.38,-5304.56,-4.31,78435.0,3318285.0,68.88,6.81,23614125.0,73567840.0
857221.SI,20260710,装修装饰Ⅲ,4106.85,4041.23,4291.46,4191.71,94.8,2.31,52924.0,386192.0,73.49,2.55,5265949.0,11368061.0
857236.SI,20260710,基建市政工程,1560.66,1545.58,1597.53,1581.73,14.8,0.94,97626.0,435889.0,8.38,0.45,21645021.0,61390432.0
857241.SI,20260710,钢结构,2149.56,2097.43,2258.45,2216.7,66.01,3.07,20333.0,98766.0,26.63,1.14,2669485.0,5612944.0
857242.SI,20260710,化学工程,1234.37,1220.12,1268.2,1251.3,10.01,0.81,10786.0,91777.0,9.45,0.87,3558523.0,7250291.0
857243.SI,20260710,国际工程,1190.0,1168.72,1225.85,1203.41,11.48,0.96,9829.0,77318.0,11.3,0.84,1795180.0,4733443.0
857244.SI,20260710,其他专业工程,2729.26,2676.58,2874.55,2749.55,37.17,1.37,48528.0,843185.0,67.74,1.42,9240017.0,23241802.0
857251.SI,20260710,园林工程,5393.73,5298.96,5675.76,5522.33,107.85,1.99,43843.0,140942.0,1198.3,2.46,2268951.0,4283405.0
857261.SI,20260710,工程咨询服务Ⅲ,2278.95,2210.0,2386.62,2269.36,3.67,0.16,76898.0,1581289.0,49.53,2.05,9969335.0,21203312.0
857321.SI,20260710,电网自动化设备,7904.9,7716.46,8111.65,7852.13,-33.99,-0.43,37855.0,755234.0,28.94,3.5,22989926.0,46902966.0
857323.SI,20260710,电工仪器仪表,8024.29,7872.47,8271.03,8063.85,142.14,1.79,13780.0,212941.0,30.79,1.94,3890386.0,8331400.0
857334.SI,20260710,火电设备,3684.99,3654.69,3855.27,3761.64,55.09,1.49,5706.0,65766.0,24.72,1.94,1163333.0,2364191.0
857336.SI,20260710,其他电源设备Ⅲ,2342.33,2253.35,2434.36,2274.11,-31.48,-1.37,52849.0,2577710.0,97.02,4.98,25621616.0,48663076.0
857344.SI,20260710,线缆部件及其他,12668.24,12409.52,13336.82,12782.89,138.56,1.1,107698.0,1409511.0,52.07,3.18,17681766.0,33963848.0
857352.SI,20260710,光伏电池组件,936.31,924.25,985.88,951.84,15.43,1.65,115475.0,1073902.0,139.19,2.18,21634377.0,39615076.0
857354.SI,20260710,光伏辅材,876.16,834.45,907.45,846.45,-25.42,-2.92,27070.0,663204.0,65.7,2.35,8608866.0,17190774.0
857355.SI,20260710,光伏加工设备,2508.48,2383.46,2628.45,2415.73,-92.46,-3.69,15929.0,1133494.0,51.14,4.24,15666835.0,32117475.0
857362.SI,20260710,风电零部件,7086.75,6930.37,7496.27,7199.48,112.18,1.58,42761.0,773722.0,34.84,1.8,11869929.0,23170714.0
857371.SI,20260710,锂电池,28269.48,26457.0,28512.32,26651.79,-1648.97,-5.83,76578.0,4646026.0,22.93,3.81,131607744.0,223180707.0
857372.SI,20260710,电池化学品,17132.25,16270.77,17429.78,16354.88,-640.82,-3.77,114369.0,3552950.0,39.52,2.51,49595929.0,82545853.0
857373.SI,20260710,锂电专用设备,17585.36,16702.05,17959.23,16771.12,-788.3,-4.49,17800.0,626557.0,47.06,3.49,10134656.0,19256734.0
857375.SI,20260710,蓄电池及其他电池,1748.44,1710.75,1810.71,1742.71,22.08,1.28,19727.0,311698.0,36.33,2.38,3665990.0,7884560.0
857381.SI,20260710,输变电设备,7331.23,7157.94,7519.66,7240.92,-89.43,-1.22,60096.0,1202362.0,28.08,2.64,31684126.0,52413699.0
857382.SI,20260710,配电设备,2210.85,2175.41,2300.39,2236.73,30.6,1.39,31126.0,420327.0,23.72,1.81,8758040.0,18579609.0
857411.SI,20260710,航天装备Ⅲ,31832.37,30663.28,35497.41,35226.45,3265.32,10.22,47899.0,1809621.0,514.23,6.45,15484099.0,50929762.0
857421.SI,20260710,航空装备Ⅲ,8453.26,8294.8,8982.42,8578.85,116.04,1.37,101276.0,2764454.0,67.47,3.22,45719686.0,93217686.0
857431.SI,20260710,地面兵装Ⅲ,15003.76,14839.61,16001.42,15439.41,396.72,2.64,40299.0,572124.0,114.79,3.0,6581942.0,13433216.0
857451.SI,20260710,军工电子Ⅲ,6947.44,6715.35,7438.9,6981.85,60.98,0.88,180646.0,6047266.0,107.81,5.02,55854717.0,117711354.0
857641.SI,20260710,游戏Ⅲ,2837.87,2789.33,3020.42,2922.75,47.69,1.66,168533.0,2718060.0,25.03,3.31,33720292.0,49661436.0
857651.SI,20260710,营销代理,2163.75,2135.03,2412.93,2298.9,112.44,5.14,216870.0,2120829.0,185.69,3.85,14140775.0,18578612.0
857661.SI,20260710,影视动漫制作,1077.35,1064.76,1138.73,1115.03,30.92,2.85,91605.0,654933.0,200.93,2.56,7321190.0,14450912.0
857674.SI,20260710,门户网站,1353.54,1331.36,1446.44,1403.53,39.68,2.91,12294.0,179388.0,85.77,3.6,2161652.0,4938969.0
857691.SI,20260710,教育出版,170.33,168.2,173.69,171.55,-0.58,-0.34,10873.0,77293.0,12.66,1.13,3074852.0,10921006.0
857692.SI,20260710,大众出版,1808.76,1789.0,1910.44,1865.84,40.55,2.22,27937.0,368871.0,43.0,1.81,4938401.0,13065145.0
857821.SI,20260710,国有大型银行Ⅲ,1829.02,1822.65,1862.05,1858.45,10.45,0.57,153225.0,1019851.0,7.07,0.58,70815614.0,641691213.0
857831.SI,20260710,股份制银行Ⅲ,3945.45,3919.36,3982.85,3972.83,-9.34,-0.23,91615.0,839099.0,5.28,0.42,93728981.0,236128677.0
857841.SI,20260710,城商行Ⅲ,998.8,988.4,1005.11,996.58,-10.89,-1.08,79497.0,611118.0,5.6,0.5,58686654.0,117893072.0
857851.SI,20260710,农商行Ⅲ,725.15,716.3,730.48,722.84,-2.96,-0.41,27519.0,130925.0,5.39,0.5,13571909.0,22601391.0
858811.SI,20260710,其他运输设备,1492.15,1453.66,1537.91,1494.45,-5.26,-0.35,3518.0,47137.0,18.85,2.17,1344785.0,3493876.0
858812.SI,20260710,摩托车,4149.56,4053.05,4243.66,4088.03,-84.96,-2.04,7791.0,174694.0,24.28,3.04,6472536.0,14521691.0
859511.SI,20260710,动力煤,1923.63,1893.25,1964.35,1941.68,-0.21,-0.01,53320.0,655266.0,16.03,1.71,29840852.0,143950330.0
859512.SI,20260710,焦煤,4075.43,4000.85,4163.23,4103.09,-20.32,-0.49,30966.0,216769.0,33.03,0.84,8631805.0,22060047.0
859521.SI,20260710,焦炭Ⅲ,1030.6,1010.55,1090.16,1068.34,29.64,2.85,31837.0,95003.0,534.88,1.15,2330294.0,4478425.0
859621.SI,20260710,油田服务,659.99,650.2,698.52,690.16,10.62,1.56,43129.0,265013.0,20.28,1.86,3016402.0,11232926.0
859622.SI,20260710,油气及炼化工程,2796.73,2745.88,2939.22,2894.64,-14.82,-0.51,38858.0,300120.0,27.56,1.17,2834907.0,6287223.0
859631.SI,20260710,炼油化工,3013.25,2945.23,3046.25,3024.47,-27.14,-0.89,77006.0,639513.0,16.13,1.09,24781349.0,235320783.0
859632.SI,20260710,油品石化贸易,5731.43,5631.14,5975.52,5915.7,91.32,1.57,17006.0,126154.0,34.38,1.61,3028004.0,6060058.0
859633.SI,20260710,其他石化,2339.01,2283.52,2403.79,2353.48,11.33,0.48,27744.0,194154.0,29.9,1.37,6103215.0,10747401.0
859711.SI,20260710,大气治理,2484.76,2465.5,2626.83,2547.68,64.74,2.61,3964.0,41585.0,130.99,2.92,644647.0,1503510.0
859712.SI,20260710,水务及水治理,1315.58,1288.59,1356.83,1323.12,7.09,0.54,64819.0,513088.0,21.1,1.08,11942200.0,27186713.0
859713.SI,20260710,固废治理,2223.98,2173.84,2281.02,2211.07,-16.17,-0.73,58571.0,573687.0,19.62,1.65,13546678.0,31013386.0
859714.SI,20260710,综合环境治理,1586.12,1547.27,1654.1,1612.95,16.93,1.06,26509.0,194589.0,70.37,2.3,3893654.0,6870103.0
859721.SI,20260710,环保设备Ⅲ,2275.26,2226.27,2375.29,2284.63,13.09,0.58,38938.0,579449.0,42.37,2.49,8719430.0,16806905.0
859811.SI,20260710,生活用纸,1116.97,1095.45,1142.89,1121.55,5.73,0.51,5626.0,85746.0,25.01,1.75,1837449.0,4917505.0
859821.SI,20260710,化妆品制造及其他,2263.08,2233.1,2339.45,2299.2,30.51,1.34,4025.0,30767.0,49.72,2.44,963042.0,1800873.0
859822.SI,20260710,品牌化妆品,6689.49,6615.2,6929.34,6802.28,66.63,0.99,5862.0,130593.0,24.6,2.43,3116108.0,8986876.0
859852.SI,20260710,培训教育,484.71,477.91,507.42,494.74,4.03,0.82,38142.0,153454.0,66.19,6.58,3535896.0,5658008.0
859951.SI,20260710,电视广播Ⅲ,919.51,907.55,973.92,952.21,29.41,3.19,56942.0,280668.0,60.7,1.05,6104141.0,13159753.0
801001.SI,20260713,申万50,4029.17,3949.42,4076.33,3975.36,-94.83,-2.33,826393.0,51595557.0,26.14,3.63,1189223077.0,2404234178.0
801002.SI,20260713,申万中小,8394.42,8089.03,8410.11,8121.19,-339.03,-4.01,2916220.0,50457560.0,31.98,2.71,808637997.0,1484482597.0
801003.SI,20260713,申万Ａ指,4842.16,4696.9,4862.73,4714.23,-169.83,-3.48,13236138.0,281264233.0,23.38,2.14,4756466059.0,11000371205.0
801005.SI,20260713,申万创业,4263.11,4085.49,4287.05,4109.2,-185.62,-4.32,2263239.0,69207871.0,44.68,4.76,894702071.0,1919329101.0
801010.SI,20260713,农林牧渔,2333.39,2325.4,2352.51,2334.64,-13.61,-0.58,196352.0,1712646.0,38.17,2.1,53115013.0,112976805.0
801012.SI,20260713,农产品加工,1982.54,1943.04,2016.57,1969.52,-24.1,-1.21,22544.0,214716.0,36.25,1.79,6842934.0,25167653.0
801014.SI,20260713,饲料,3475.04,3397.94,3534.36,3436.98,-51.22,-1.47,34487.0,245786.0,45.46,1.95,9511157.0,19683117.0
801015.SI,20260713,渔业,625.7,607.02,629.62,612.0,-13.85,-2.21,8380.0,26581.0,128.03,2.09,887893.0,1471276.0
801016.SI,20260713,种植业,2129.62,2076.15,2166.0,2100.6,-17.37,-0.82,44622.0,266656.0,33.87,1.99,6558977.0,13047826.0
801017.SI,20260713,养殖业,2550.03,2529.42,2635.82,2591.51,11.54,0.45,66094.0,810041.0,34.99,2.32,24618005.0,45839120.0
801018.SI,20260713,动物保健Ⅱ,4218.7,4135.31,4290.37,4186.67,-42.35,-1.0,5243.0,65255.0,41.04,1.88,3063783.0,5202535.0
801030.SI,20260713,基础化工,4334.52,4171.03,4335.17,4182.48,-182.39,-4.18,755527.0,12468793.0,28.11,2.13,212179330.0,439170800.0
801032.SI,20260713,化学纤维,4372.56,4165.04,4422.97,4203.15,-202.51,-4.6,60912.0,455690.0,36.82,1.6,9224267.0,24796899.0
801033.SI,20260713,化学原料,3143.29,3017.01,3189.07,3059.93,-87.53,-2.78,154899.0,1657185.0,28.24,1.61,32239852.0,71602575.0
801034.SI,20260713,化学制品,6634.33,6362.98,6747.68,6433.67,-274.17,-4.09,258490.0,5087452.0,27.44,2.2,82101571.0,166830198.0
801036.SI,20260713,塑料,5315.76,4969.5,5436.62,5022.26,-306.02,-5.74,122321.0,2797364.0,65.08,3.45,34679901.0,70452913.0
801037.SI,20260713,橡胶,5188.65,4919.11,5265.21,4944.25,-284.12,-5.43,21061.0,408506.0,61.31,2.74,5584541.0,12025019.0
801038.SI,20260713,农化制品,4671.97,4499.67,4712.24,4545.1,-157.99,-3.36,129195.0,1493557.0,17.87,1.91,42452972.0,80662289.0
801039.SI,20260713,非金属材料Ⅱ,7469.72,6938.54,7674.36,6981.86,-565.76,-7.5,8648.0,569039.0,63.54,3.87,5896227.0,12800908.0
801040.SI,20260713,钢铁,2099.93,2061.67,2102.06,2066.04,-41.17,-1.95,198768.0,758330.0,27.41,0.92,26687502.0,78315624.0
801043.SI,20260713,冶钢原料,3081.5,3003.79,3108.85,3024.58,-73.93,-2.39,28499.0,214410.0,41.94,1.68,5729661.0,15795281.0
801044.SI,20260713,普钢,1964.69,1916.39,1981.94,1932.93,-38.39,-1.95,140074.0,358105.0,34.12,0.72,14282543.0,44108116.0
801045.SI,20260713,特钢Ⅱ,3642.55,3545.46,3702.78,3591.26,-58.17,-1.59,30195.0,185815.0,15.95,1.15,6675298.0,18412227.0
801050.SI,20260713,有色金属,7750.14,7491.95,7750.14,7524.74,-338.41,-4.3,575428.0,12302593.0,19.33,2.89,239218925.0,450594223.0
801051.SI,20260713,金属新材料,10461.94,9677.3,10619.87,9782.25,-764.44,-7.25,61049.0,1379868.0,70.01,4.23,18543194.0,37028796.0
801053.SI,20260713,贵金属,21154.97,20634.69,21550.6,20875.59,-840.41,-3.87,50381.0,1023626.0,19.11,3.31,23109468.0,42314314.0
801054.SI,20260713,小金属,38474.9,36189.45,38961.71,36392.46,-2439.7,-6.28,97368.0,3925599.0,50.78,5.08,49303109.0,116311469.0
801055.SI,20260713,工业金属,2945.71,2861.73,2984.31,2905.25,-88.34,-2.95,330594.0,4289629.0,13.84,2.45,121929022.0,215711291.0
801056.SI,20260713,能源金属,17340.82,16442.41,17491.88,16676.57,-865.18,-4.93,36034.0,1683871.0,24.96,2.21,26334131.0,39228353.0
801072.SI,20260713,通用设备,8889.59,8260.71,9122.42,8385.62,-630.47,-6.99,388673.0,8595567.0,69.8,4.1,102104926.0,222944307.0
801074.SI,20260713,专用设备,12694.68,11915.65,12976.75,12039.13,-763.93,-5.97,260957.0,5186330.0,43.91,3.24,79542079.0,163413621.0
801076.SI,20260713,轨交设备Ⅱ,5417.7,5271.76,5493.84,5325.1,-115.14,-2.12,46967.0,401797.0,17.28,1.13,12968041.0,34676560.0
801077.SI,20260713,工程机械,21860.55,21026.81,22068.99,21309.86,-670.69,-3.05,60527.0,772235.0,18.7,1.88,35504831.0,69253630.0
801078.SI,20260713,自动化设备,23626.91,22240.59,24061.41,22403.64,-1477.08,-6.19,116009.0,5753738.0,85.75,6.34,82047394.0,135895467.0
801080.SI,20260713,电子,10665.09,10152.1,10893.47,10213.92,-627.24,-5.79,2018437.0,96430473.0,90.12,7.57,1078798790.0,2203092388.0
801081.SI,20260713,半导体,12748.12,12100.01,13395.79,12344.24,-637.91,-4.91,576155.0,56665486.0,141.3,11.07,613949670.0,1236663117.0
801082.SI,20260713,其他电子Ⅱ,20464.81,18645.11,21016.8,18747.63,-2331.21,-11.06,83740.0,3445686.0,66.4,6.34,25602427.0,47648570.0
801083.SI,20260713,元件,24749.46,23261.65,25609.98,23529.73,-1576.16,-6.28,209500.0,13261087.0,83.46,10.36,166249725.0,318001856.0
801084.SI,20260713,光学光电子,2125.37,1981.52,2166.18,1993.09,-171.34,-7.92,774103.0,8230086.0,65.53,2.67,86494788.0,165820385.0
801085.SI,20260713,消费电子,11324.78,10614.16,11518.35,10717.91,-744.89,-6.5,257440.0,9166346.0,38.35,4.75,137168534.0,351262806.0
801086.SI,20260713,电子化学品Ⅱ,14739.09,13754.25,15220.61,13868.99,-908.92,-6.15,117500.0,5661782.0,117.26,7.66,49333645.0,83695654.0
801092.SI,20260713,汽车服务,430.32,414.68,433.97,419.38,-11.68,-2.71,11213.0,75038.0,38.46,1.62,2195112.0,5009469.0
801093.SI,20260713,汽车零部件,7469.55,7099.88,7562.66,7174.94,-350.62,-4.66,311618.0,5500893.0,24.77,2.29,115085284.0,233689347.0
801095.SI,20260713,乘用车,14055.36,13685.11,14090.01,13727.07,-565.3,-3.96,46578.0,853344.0,24.0,1.57,34286378.0,90202244.0
801096.SI,20260713,商用车,6641.88,6338.13,6736.65,6446.08,-246.91,-3.69,41723.0,393792.0,21.21,2.34,12280855.0,24858187.0
801101.SI,20260713,计算机设备,3153.33,2972.4,3202.65,3010.06,-141.46,-4.49,154108.0,5373909.0,40.67,3.74,67367799.0,126241727.0
801102.SI,20260713,通信设备,11282.64,10813.22,11701.47,10999.88,-380.16,-3.34,258510.0,18870005.0,80.24,11.19,283929870.0,443269326.0
801103.SI,20260713,IT服务Ⅱ,4951.14,4707.64,5077.84,4782.34,-194.95,-3.92,344776.0,6575041.0,112.37,3.33,77822186.0,129368078.0
801104.SI,20260713,软件开发,5688.72,5452.21,5802.25,5526.89,-193.15,-3.38,229171.0,5088741.0,81.53,4.04,85792176.0,155829870.0
801110.SI,20260713,家用电器,8401.8,8399.13,8477.43,8412.36,-43.67,-0.52,152405.0,2535625.0,14.44,2.17,99511452.0,175897660.0
801111.SI,20260713,白色家电,18094.3,18041.38,18498.07,18408.97,222.61,1.22,23403.0,717668.0,11.06,2.0,62957544.0,96698098.0
801112.SI,20260713,黑色家电,2046.48,1975.05,2135.02,2047.86,-15.08,-0.73,59438.0,547287.0,31.23,2.21,8311875.0,15119281.0
801113.SI,20260713,小家电,3822.35,3738.88,3860.86,3767.3,-71.99,-1.87,6560.0,160648.0,21.84,2.28,6302942.0,18127437.0
801114.SI,20260713,厨卫电器,7592.07,7382.59,7690.93,7463.08,-188.55,-2.46,5848.0,65038.0,19.94,1.42,1925017.0,4633187.0
801115.SI,20260713,照明设备Ⅱ,4476.75,4251.39,4532.86,4298.01,-206.29,-4.58,12875.0,134009.0,52.0,1.91,2579947.0,8064091.0
801116.SI,20260713,家电零部件Ⅱ,7135.37,6814.0,7210.92,6850.88,-368.31,-5.1,42169.0,898846.0,40.26,3.65,16865858.0,32341670.0
801120.SI,20260713,食品饮料,13127.2,13077.71,13250.44,13211.44,-5.9,-0.04,160015.0,2760782.0,18.87,2.99,148304499.0,350836031.0
801124.SI,20260713,食品加工,12128.02,11933.93,12436.92,12240.01,66.24,0.54,41575.0,284819.0,24.29,1.94,9281833.0,21641879.0
801125.SI,20260713,白酒Ⅱ,33926.59,33623.96,34324.84,34117.36,-67.05,-0.2,16994.0,1146333.0,18.31,3.4,91273166.0,228246517.0
801126.SI,20260713,非白酒,3224.81,3181.25,3299.27,3251.37,13.82,0.43,14679.0,180095.0,22.21,2.34,6549840.0,16780880.0
801127.SI,20260713,饮料乳品,6616.25,6507.77,6763.91,6636.71,-20.35,-0.31,33177.0,477631.0,16.6,2.73,24138356.0,40382033.0
801128.SI,20260713,休闲食品,1578.54,1543.79,1608.79,1567.12,-18.31,-1.15,13898.0,162845.0,17.29,1.85,4800011.0,11492610.0
801129.SI,20260713,调味发酵品Ⅱ,6441.77,6395.18,6668.78,6579.91,88.64,1.37,39690.0,509060.0,26.41,3.26,12261293.0,32292112.0
801130.SI,20260713,纺织服饰,1506.03,1464.69,1507.52,1468.37,-43.19,-2.86,134441.0,1123544.0,23.29,1.63,23484489.0,57665388.0
801131.SI,20260713,纺织制造,1641.37,1580.51,1679.72,1610.91,-36.9,-2.24,43997.0,447863.0,21.16,1.5,6961010.0,17720164.0
801132.SI,20260713,服装家纺,1500.43,1441.21,1522.04,1457.04,-47.37,-3.15,71296.0,546279.0,26.94,1.7,12630163.0,30379710.0
801133.SI,20260713,饰品,1280.03,1238.18,1293.16,1249.69,-38.73,-3.01,19148.0,129402.0,18.47,1.67,3893315.0,9565514.0
801140.SI,20260713,轻工制造,2052.35,1984.84,2052.47,1987.98,-74.13,-3.59,193027.0,1671025.0,29.9,1.68,35738825.0,89606664.0
801141.SI,20260713,包装印刷,2749.69,2612.64,2781.93,2633.8,-128.89,-4.67,63398.0,546419.0,35.75,2.15,11278200.0,23146677.0
801142.SI,20260713,家居用品,1589.25,1522.24,1613.46,1541.63,-56.43,-3.53,60990.0,646779.0,26.93,1.72,13481465.0,43373743.0
801143.SI,20260713,造纸,1995.45,1936.24,2027.95,1966.09,-42.23,-2.1,55943.0,332700.0,25.81,1.09,7288484.0,14309014.0
801145.SI,20260713,文娱用品,1594.65,1527.61,1626.11,1538.09,-54.44,-3.42,12697.0,145126.0,37.76,2.69,3690676.0,8777229.0
801150.SI,20260713,医药生物,7566.85,7489.99,7624.55,7530.05,-57.59,-0.76,882738.0,14546733.0,32.16,2.49,293789634.0,583406582.0
801151.SI,20260713,化学制药,11887.19,11623.24,12193.73,11852.49,-96.63,-0.81,348860.0,5633098.0,40.45,3.1,100637534.0,201798302.0
801152.SI,20260713,生物制品,5403.19,5272.8,5521.02,5348.86,-72.58,-1.34,75737.0,1414940.0,42.11,2.12,31509169.0,66727541.0
801153.SI,20260713,医疗器械,5563.05,5392.11,5651.23,5462.18,-123.41,-2.21,77622.0,1902464.0,35.19,2.28,56587804.0,120120906.0
801154.SI,20260713,医药商业,4320.06,4275.82,4434.61,4363.76,40.92,0.95,65166.0,454155.0,17.24,1.15,11039595.0,28643473.0
801155.SI,20260713,中药Ⅱ,5454.94,5403.89,5688.33,5609.19,178.06,3.28,190925.0,2044687.0,23.27,1.94,38446965.0,76381283.0
801156.SI,20260713,医疗服务,7082.97,6877.93,7217.27,6964.43,-130.87,-1.84,124428.0,3097389.0,27.82,3.38,55568567.0,89735078.0
801160.SI,20260713,公用事业,2429.37,2408.22,2436.83,2411.82,-27.08,-1.11,633680.0,4727203.0,20.44,1.54,113515604.0,393096064.0
801161.SI,20260713,电力,3195.85,3133.61,3243.26,3173.17,-42.22,-1.31,582785.0,4112103.0,20.26,1.52,104080677.0,368179183.0
801163.SI,20260713,燃气Ⅱ,3037.46,2966.31,3110.38,3011.14,35.22,1.18,50894.0,615099.0,22.79,1.79,9434927.0,24916881.0
801170.SI,20260713,交通运输,1973.47,1960.02,1976.82,1964.66,-16.19,-0.82,332276.0,2219509.0,15.94,1.13,85404471.0,276130811.0
801178.SI,20260713,物流,4014.78,3949.09,4072.99,3990.38,-33.27,-0.83,58524.0,544961.0,15.97,1.06,23697061.0,58779279.0
801179.SI,20260713,铁路公路,1440.5,1426.08,1457.83,1439.96,-5.68,-0.39,62842.0,343176.0,16.27,0.84,19613632.0,70949900.0
801180.SI,20260713,房地产,1874.16,1833.73,1887.63,1836.7,-55.11,-2.91,396813.0,1969010.0,19.33,0.76,39461789.0,89212486.0
801181.SI,20260713,房地产开发,2174.36,2105.43,2227.56,2131.85,-63.97,-2.91,372240.0,1889889.0,18.72,0.74,37310713.0,84491827.0
801183.SI,20260713,房地产服务,708.8,683.26,717.34,689.28,-20.67,-2.91,24573.0,79121.0,44.3,1.31,2151076.0,4720660.0
801191.SI,20260713,多元金融,1106.95,1071.14,1118.31,1081.99,-29.26,-2.63,71117.0,446455.0,19.4,1.14,14104453.0,43261099.0
801193.SI,20260713,证券Ⅱ,6293.2,6200.64,6359.1,6253.53,-61.93,-0.98,314239.0,3588549.0,15.48,1.19,157067939.0,320587167.0
801194.SI,20260713,保险Ⅱ,1109.6,1101.11,1119.27,1113.8,0.28,0.03,25429.0,837651.0,6.47,0.95,66710793.0,189643426.0
801200.SI,20260713,商贸零售,1715.99,1665.25,1721.92,1667.23,-56.64,-3.29,208627.0,1341531.0,31.98,1.52,36507842.0,81229067.0
801202.SI,20260713,贸易Ⅱ,4069.41,3874.89,4098.33,3895.02,-188.19,-4.61,20530.0,127414.0,20.99,1.22,3761355.0,12001117.0
801203.SI,20260713,一般零售,2575.04,2496.46,2609.12,2513.02,-76.39,-2.95,147828.0,721482.0,35.64,1.35,19731611.0,43729529.0
801204.SI,20260713,专业连锁Ⅱ,3330.1,3239.1,3393.13,3266.56,-73.51,-2.2,9272.0,79119.0,53.99,2.47,2365891.0,4141124.0
801206.SI,20260713,互联网电商,9693.74,9271.54,9835.02,9333.33,-373.85,-3.85,25379.0,244248.0,31.36,2.27,5676720.0,10602922.0
801210.SI,20260713,社会服务,7008.87,6731.69,7025.5,6733.35,-325.14,-4.61,120461.0,1021902.0,36.39,2.32,21934366.0,43554395.0
801218.SI,20260713,专业服务,5855.9,5481.27,5954.47,5536.76,-366.16,-6.2,34340.0,503387.0,27.31,2.31,8755993.0,18960580.0
801219.SI,20260713,酒店餐饮,1361.52,1315.62,1368.71,1324.48,-41.97,-3.07,8132.0,78142.0,24.02,1.4,2268061.0,4841811.0
801223.SI,20260713,通信服务,2144.59,2086.48,2198.34,2122.7,-33.69,-1.56,129668.0,1858150.0,25.87,1.71,36738820.0,100771221.0
801230.SI,20260713,综合,4428.05,4391.4,4562.21,4436.62,11.71,0.26,51484.0,623599.0,97.36,2.88,10255770.0,20500531.0
801231.SI,20260713,综合Ⅱ,4424.51,4338.78,4618.71,4433.07,11.7,0.26,51484.0,623599.0,97.36,2.88,10255770.0,20500531.0
801250.SI,20260713,申万制造,8376.74,7998.65,8462.73,8040.38,-430.25,-5.08,4991599.0,179439873.0,49.59,6.05,2421398687.0,4695839678.0
801260.SI,20260713,申万消费,5628.55,5589.93,5650.5,5605.41,-55.83,-0.99,1555545.0,22290426.0,19.63,3.0,646285705.0,1396007807.0
801270.SI,20260713,申万投资,4028.48,3905.95,4028.49,3918.59,-145.88,-3.59,2488885.0,34198590.0,19.48,2.31,650564288.0,1641994661.0
801280.SI,20260713,申万服务,2502.5,2473.24,2511.11,2479.49,-34.77,-1.38,4148625.0,44711745.0,11.06,1.42,1176369286.0,3246064029.0
801300.SI,20260713,申万300指数,3688.01,3596.47,3714.12,3614.77,-109.44,-2.94,2995506.0,127480827.0,22.29,2.49,2437289971.0,5497869812.0
801710.SI,20260713,建筑材料,6625.14,6303.95,6650.35,6323.86,-403.93,-6.0,189842.0,3673946.0,37.51,1.56,45181074.0,115987377.0
801711.SI,20260713,水泥,3825.23,3734.63,3881.18,3784.18,-50.93,-1.33,35327.0,293112.0,19.94,0.62,9504233.0,21056728.0
801712.SI,20260713,玻璃玻纤,25067.15,23291.73,25644.19,23451.97,-2182.93,-8.52,101790.0,2853959.0,68.15,4.15,24103702.0,72077990.0
801713.SI,20260713,装修建材,4389.07,4191.55,4446.64,4246.24,-188.72,-4.26,52725.0,526875.0,33.19,1.65,11573138.0,22852659.0
801720.SI,20260713,建筑装饰,1970.53,1931.69,1982.02,1933.4,-57.43,-2.88,377052.0,3347933.0,13.14,0.69,61875708.0,160939482.0
801721.SI,20260713,房屋建设Ⅱ,2761.89,2716.49,2803.06,2756.52,-18.47,-0.67,54665.0,241626.0,7.39,0.44,7252604.0,25706774.0
801722.SI,20260713,装修装饰Ⅱ,4160.85,3918.82,4243.73,3971.47,-224.36,-5.35,49809.0,335452.0,69.56,2.42,4984370.0,10785739.0
801723.SI,20260713,基础建设,2023.65,1985.2,2043.57,1998.88,-34.16,-1.68,130076.0,532678.0,9.05,0.47,23512205.0,64704377.0
801724.SI,20260713,专业工程,1876.85,1811.48,1932.3,1837.79,-65.04,-3.42,78793.0,1107245.0,21.44,1.1,16673149.0,39505181.0
801726.SI,20260713,工程咨询服务Ⅱ,2218.11,2119.11,2324.7,2151.91,-117.45,-5.18,63709.0,1130932.0,47.0,1.94,9453380.0,20237412.0
801730.SI,20260713,电力设备,9471.11,9191.04,9519.28,9202.97,-324.45,-3.41,846007.0,19832555.0,31.7,2.91,411890206.0,750383979.0
801731.SI,20260713,电机Ⅱ,12803.21,12062.7,12871.49,12115.71,-823.43,-6.36,34233.0,617907.0,46.24,3.04,11649418.0,27998577.0
801733.SI,20260713,其他电源设备Ⅱ,43171.92,40820.82,43999.38,41149.02,-2147.88,-4.96,70270.0,2242450.0,65.16,3.53,31469607.0,64796011.0
801735.SI,20260713,光伏设备,5747.11,5418.25,5831.56,5456.28,-353.84,-6.09,206686.0,3959215.0,44.97,2.69,75124330.0,140593430.0
801736.SI,20260713,风电设备,2324.97,2164.24,2348.19,2178.79,-177.2,-7.52,75410.0,1261674.0,32.35,1.59,19004014.0,35098946.0
801737.SI,20260713,电池,22653.97,21966.35,23245.19,22409.28,-313.97,-1.38,216531.0,7918208.0,26.37,3.3,192609285.0,327580926.0
801738.SI,20260713,电网设备,5400.87,5171.35,5527.5,5246.7,-190.0,-3.49,242877.0,3833101.0,29.85,2.66,82033551.0,154316089.0
801740.SI,20260713,国防军工,1836.17,1720.55,1836.17,1720.74,-125.0,-6.77,403133.0,11940030.0,62.46,3.35,140473861.0,306375647.0
801741.SI,20260713,航天装备Ⅱ,35637.67,32331.78,36553.17,33688.31,-1537.42,-4.36,72822.0,3024123.0,491.79,6.17,14808298.0,47852685.0
801742.SI,20260713,航空装备Ⅱ,8615.21,8065.39,8667.93,8127.8,-521.25,-6.03,79213.0,2005931.0,63.41,3.03,42964331.0,87873112.0
801743.SI,20260713,地面兵装Ⅱ,15290.16,14110.9,15330.49,14122.85,-1316.47,-8.53,34270.0,468123.0,104.99,2.74,6020717.0,12316523.0
801744.SI,20260713,航海装备Ⅱ,3364.4,3109.86,3404.93,3157.74,-226.46,-6.69,57749.0,1656504.0,26.84,2.15,25228778.0,49520579.0
801745.SI,20260713,军工电子Ⅱ,6911.66,6374.73,7017.89,6431.48,-550.37,-7.88,159080.0,4785350.0,99.41,4.63,51451738.0,108812747.0
801750.SI,20260713,计算机,4618.26,4429.57,4649.87,4454.98,-180.08,-3.89,728055.0,17037691.0,67.31,3.7,230982161.0,411439675.0
801760.SI,20260713,传媒,676.08,648.84,679.87,651.27,-30.42,-4.46,512884.0,5144342.0,34.06,2.45,77898554.0,137428327.0
801764.SI,20260713,游戏Ⅱ,2896.62,2758.14,2934.99,2807.82,-114.92,-3.93,138598.0,2050036.0,24.04,3.18,32394450.0,47697369.0
801765.SI,20260713,广告营销,2422.78,2303.47,2469.0,2318.55,-126.76,-5.18,165519.0,1412017.0,53.76,3.79,18086247.0,24926522.0
801766.SI,20260713,影视院线,1076.45,1007.04,1092.4,1010.61,-76.97,-7.08,106920.0,793979.0,235.66,2.52,8586725.0,17116555.0
801767.SI,20260713,数字媒体,1534.33,1460.61,1555.91,1467.96,-77.66,-5.02,22509.0,332773.0,60.39,2.42,5112906.0,11325786.0
801769.SI,20260713,出版,1363.56,1329.02,1390.73,1345.22,-24.1,-1.76,32029.0,324697.0,21.57,1.43,7872205.0,23723202.0
801770.SI,20260713,通信,8290.63,7987.05,8501.46,8096.78,-262.49,-3.14,388177.0,20728154.0,64.78,6.86,320668689.0,544040547.0
801780.SI,20260713,银行,3786.43,3779.41,3866.14,3865.81,64.99,1.71,474710.0,3558598.0,5.91,0.49,240852394.0,1038447325.0
801782.SI,20260713,国有大型银行Ⅱ,1847.45,1839.85,1901.79,1898.46,40.01,2.15,217985.0,1496288.0,7.22,0.6,72340204.0,655926164.0
801783.SI,20260713,股份制银行Ⅱ,3963.3,3949.37,4022.65,4015.13,42.29,1.06,105710.0,952815.0,5.34,0.42,94726741.0,239039633.0
801784.SI,20260713,城商行Ⅱ,992.42,987.35,1021.47,1016.38,19.8,1.99,106511.0,897672.0,5.72,0.51,59852871.0,120263104.0
801785.SI,20260713,农商行Ⅱ,722.42,719.84,744.05,742.05,19.21,2.66,44505.0,211823.0,5.54,0.52,13932578.0,23218423.0
801790.SI,20260713,非银金融,1742.41,1729.66,1749.22,1734.61,-14.0,-0.8,410784.0,4872655.0,11.23,1.11,237883185.0,553491692.0
801811.SI,20260713,大盘指数,4102.02,4029.96,4130.53,4051.42,-84.39,-2.04,2182628.0,86919395.0,18.29,2.0,2071672702.0,5108856133.0
801812.SI,20260713,中盘指数,5389.9,5206.67,5425.31,5222.82,-232.28,-4.26,2308068.0,67732801.0,32.5,2.48,998738649.0,2112430741.0
801813.SI,20260713,小盘指数,5950.05,5703.46,5971.76,5713.83,-290.15,-4.83,2829643.0,57081635.0,35.31,2.29,792750050.0,1616884130.0
801821.SI,20260713,高市盈率指数,1715.82,1637.96,1740.05,1649.88,-86.12,-4.96,701206.0,38850283.0,193.2,11.6,454623470.0,948913792.0
801822.SI,20260713,中市盈率指数,4827.32,4610.24,4845.88,4624.3,-256.04,-5.25,677891.0,18729591.0,37.55,3.06,247763284.0,485647200.0
801823.SI,20260713,低市盈率指数,7148.63,7138.66,7227.11,7219.89,45.01,0.63,1281529.0,12345603.0,7.92,0.75,677953283.0,2240003099.0
801831.SI,20260713,高市净率指数,2829.92,2695.54,2890.88,2720.4,-146.88,-5.12,671506.0,79905306.0,120.92,19.76,1002558399.0,2038539980.0
801832.SI,20260713,中市净率指数,4362.1,4243.58,4362.86,4251.36,-134.35,-3.06,630739.0,7995247.0,24.67,2.39,190608990.0,366474104.0
801833.SI,20260713,低市净率指数,6688.37,6676.93,6761.13,6757.32,47.87,0.71,1323548.0,7468437.0,7.88,0.52,420333591.0,1534336633.0
801841.SI,20260713,高价股指数,5264.97,5084.5,5371.33,5124.19,-207.98,-3.9,410481.0,87534779.0,58.11,10.25,1340767059.0,2600908486.0
801842.SI,20260713,中价股指数,4107.09,3961.04,4108.45,3969.49,-167.42,-4.05,592585.0,8388404.0,26.7,2.08,149244786.0,330365876.0
801843.SI,20260713,低价股指数,14077.06,13787.35,14134.09,13828.12,-311.91,-2.21,1763397.0,4150758.0,23.8,0.94,125003652.0,260552137.0
801851.SI,20260713,亏损股指数,3922.37,3744.13,3935.76,3755.34,-201.88,-5.1,3498775.0,40566264.0,,2.72,556609728.0,1146444679.0
801852.SI,20260713,微利股指数,2807.94,2678.93,2817.59,2688.49,-144.5,-5.1,256864.0,4240690.0,63.1,2.22,60904576.0,112506597.0
801853.SI,20260713,绩优股指数,6328.92,6255.73,6433.79,6307.43,-64.03,-1.0,221024.0,25291185.0,25.9,6.83,679199327.0,1414851486.0
801863.SI,20260713,新股指数,2493.96,2415.89,2532.63,2431.21,-117.11,-4.6,69678.0,4140129.0,146.85,6.72,35663818.0,373407972.0
801880.SI,20260713,汽车,6595.41,6359.88,6595.41,6372.16,-282.33,-4.24,421839.0,7064743.0,24.36,2.09,171628057.0,371504331.0
801881.SI,20260713,摩托车及其他,3093.16,2998.71,3188.86,3078.48,-14.6,-0.47,10707.0,241677.0,23.41,2.89,7780428.0,17745084.0
801890.SI,20260713,机械设备,2445.92,2315.45,2447.41,2322.98,-145.34,-5.89,873133.0,20709666.0,44.71,3.34,312167271.0,626183585.0
801950.SI,20260713,煤炭,2954.11,2923.0,2995.59,2985.08,19.32,0.65,103797.0,997179.0,19.31,1.38,41068812.0,172280599.0
801951.SI,20260713,煤炭开采,3385.86,3323.33,3481.92,3430.32,30.74,0.9,79435.0,925155.0,18.29,1.4,38820560.0,167940695.0
801952.SI,20260713,焦炭Ⅱ,1066.03,1020.98,1080.24,1030.73,-37.61,-3.52,24362.0,72025.0,516.04,1.11,2248252.0,4339904.0
801960.SI,20260713,石油石化,2416.53,2377.92,2417.41,2394.12,3.09,0.13,294329.0,2136164.0,18.0,1.24,48917933.0,288235829.0
801962.SI,20260713,油服工程,2187.42,2113.84,2220.88,2149.4,-5.88,-0.27,78480.0,564851.0,23.23,1.44,5844872.0,17535385.0
801963.SI,20260713,炼化及贸易,2747.54,2662.91,2801.96,2713.48,-17.83,-0.65,163021.0,1242812.0,18.42,1.16,33691241.0,257400712.0
801970.SI,20260713,环保,1923.63,1854.19,1923.73,1857.11,-79.43,-4.1,186727.0,1800058.0,24.81,1.51,37157167.0,80404656.0
801971.SI,20260713,环境治理,1829.48,1755.28,1862.63,1776.48,-64.11,-3.48,148776.0,1249256.0,22.24,1.36,28981135.0,64700049.0
801972.SI,20260713,环保设备Ⅱ,2264.46,2121.87,2297.75,2142.26,-142.38,-6.23,37951.0,550802.0,39.73,2.33,8176031.0,15704607.0
801980.SI,20260713,美容护理,3321.21,3242.17,3334.25,3249.36,-86.98,-2.61,16632.0,283515.0,28.28,2.27,8320365.0,21882869.0
801981.SI,20260713,个护用品,1184.1,1154.49,1197.58,1164.29,-20.76,-1.75,5870.0,80930.0,26.09,1.79,2335253.0,6522636.0
801982.SI,20260713,化妆品,5677.2,5518.32,5755.22,5555.28,-155.69,-2.73,9651.0,158867.0,27.34,2.36,3967945.0,10535269.0
801991.SI,20260713,航空机场,2290.81,2262.4,2303.06,2275.32,-47.71,-2.05,70766.0,309521.0,23.88,2.09,16078814.0,45672295.0
801992.SI,20260713,航运港口,3090.92,3027.65,3136.82,3076.62,-10.87,-0.35,140145.0,1021851.0,13.03,1.18,26014965.0,100729338.0
801993.SI,20260713,旅游及景区,1806.28,1754.69,1820.88,1765.13,-56.08,-3.08,30062.0,230407.0,41.2,2.24,5921394.0,11848425.0
801994.SI,20260713,教育,1553.93,1485.58,1578.3,1497.96,-64.87,-4.15,42865.0,175894.0,78.5,3.67,4433883.0,7115764.0
801995.SI,20260713,电视广播Ⅱ,948.17,906.03,960.15,911.94,-40.26,-4.23,47309.0,230841.0,58.14,1.0,5846022.0,12638892.0
850111.SI,20260713,种子,2368.58,2333.92,2412.0,2357.29,-8.87,-0.37,13272.0,73019.0,109.12,2.21,2562736.0,4254217.0
850113.SI,20260713,其他种植业,1459.79,1394.73,1480.33,1408.6,-30.03,-2.09,22430.0,108168.0,38.5,1.94,2169227.0,4324083.0
850122.SI,20260713,水产养殖,397.03,384.99,400.07,388.43,-9.06,-2.28,7683.0,21378.0,282.31,2.37,670139.0,1017277.0
850135.SI,20260713,食品及饲料添加剂,2357.34,2296.88,2399.15,2338.43,-28.72,-1.21,20429.0,254356.0,16.3,1.69,10600997.0,22833287.0
850136.SI,20260713,有机硅,5009.35,4481.16,5039.73,4514.26,-648.5,-12.56,37810.0,780228.0,59.17,2.31,4043516.0,11525370.0
850142.SI,20260713,畜禽饲料,1104.29,1084.33,1126.54,1098.52,-12.64,-1.14,27601.0,142398.0,1183.15,1.56,4701574.0,8358342.0
850151.SI,20260713,果蔬加工,1666.24,1626.81,1721.77,1660.61,-15.33,-0.91,4345.0,69048.0,44.54,3.83,1318905.0,3393568.0
850152.SI,20260713,粮油加工,1276.35,1264.2,1293.18,1279.13,-0.66,-0.05,4720.0,47786.0,36.78,1.49,2180893.0,15336264.0
850154.SI,20260713,其他农产品加工,2607.67,2542.07,2642.64,2572.65,-54.21,-2.06,13479.0,97882.0,33.47,1.65,3343136.0,6437821.0
850172.SI,20260713,生猪养殖,4817.73,4782.31,4984.97,4903.59,25.62,0.53,48850.0,664503.0,36.39,2.41,21340783.0,38561192.0
850173.SI,20260713,肉鸡养殖,719.6,712.47,740.71,727.13,1.65,0.23,13866.0,135358.0,24.85,1.78,2885506.0,6472274.0
850181.SI,20260713,动物保健Ⅲ,4219.03,4135.64,4290.71,4187.0,-42.35,-1.0,5243.0,65255.0,41.04,1.88,3063783.0,5202535.0
850232.SI,20260713,汽车经销商,395.16,386.96,397.77,390.09,-5.17,-1.31,3584.0,11595.0,55.75,1.4,656901.0,1632847.0
850233.SI,20260713,汽车综合服务,1655.93,1584.9,1671.27,1605.05,-54.71,-3.3,7629.0,63442.0,33.52,1.74,1538211.0,3376622.0
850322.SI,20260713,氯碱,1236.3,1180.1,1250.55,1188.76,-43.99,-3.57,50289.0,344693.0,39.37,1.18,6637732.0,13518424.0
850323.SI,20260713,无机盐,22871.19,21557.1,23274.71,21722.81,-1421.48,-6.14,14646.0,398137.0,62.59,2.86,5471517.0,11143391.0
850324.SI,20260713,其他化学原料,4122.83,3943.9,4192.76,3977.61,-164.88,-3.98,16618.0,299611.0,20.09,2.04,6399648.0,14309737.0
850325.SI,20260713,煤化工,6629.72,6414.07,6733.09,6635.44,32.77,0.5,37758.0,420830.0,17.06,1.61,7245816.0,21946323.0
850326.SI,20260713,钛白粉,633.58,621.88,640.33,628.17,-8.12,-1.28,16633.0,93143.0,57.26,1.58,3973813.0,6512843.0
850331.SI,20260713,氮肥,4981.55,4820.8,5058.13,4872.33,-131.48,-2.63,21860.0,161025.0,16.84,1.45,5129090.0,8149195.0
850332.SI,20260713,磷肥及磷化工,1920.09,1828.9,1934.44,1840.03,-103.57,-5.33,41613.0,476741.0,20.06,1.82,10284479.0,17756307.0
850333.SI,20260713,农药,3072.14,2967.82,3111.77,2994.36,-93.74,-3.04,32119.0,352707.0,26.06,1.48,9148803.0,18484912.0
850335.SI,20260713,涂料油墨,7856.11,7411.37,8053.66,7591.68,-349.75,-4.4,16825.0,389290.0,109.62,4.24,3494589.0,8584728.0
850337.SI,20260713,民爆制品,3837.73,3686.12,3880.61,3728.6,-98.73,-2.58,20041.0,289931.0,23.02,2.01,6046315.0,11052521.0
850338.SI,20260713,纺织化学制品,2257.94,2204.73,2331.7,2237.51,-22.54,-1.0,23048.0,222109.0,23.75,1.28,5433842.0,8845563.0
850339.SI,20260713,其他化学制品,2201.35,2083.19,2243.28,2109.54,-93.0,-4.22,90374.0,1524982.0,44.07,2.16,21069145.0,44924560.0
850341.SI,20260713,涤纶,5668.22,5478.04,5766.22,5541.67,-169.42,-2.97,14606.0,90003.0,26.43,1.31,2407816.0,6925965.0
850343.SI,20260713,粘胶,2491.19,2347.98,2513.04,2359.76,-144.39,-5.77,18168.0,66823.0,64.48,1.64,1245669.0,1865989.0
850351.SI,20260713,其他塑料制品,3692.39,3482.22,3761.66,3515.31,-191.68,-5.17,19661.0,324070.0,61.56,2.0,5161757.0,10458216.0
850353.SI,20260713,改性塑料,4611.9,4309.66,4673.44,4338.1,-263.01,-5.72,23265.0,513340.0,42.47,2.7,8461334.0,15270386.0
850354.SI,20260713,合成树脂,5659.32,5360.5,5888.0,5446.27,-246.4,-4.33,29602.0,897989.0,60.1,5.16,8570607.0,19022863.0
850355.SI,20260713,膜材料,3641.57,3363.32,3710.41,3397.42,-253.3,-6.94,49793.0,1061965.0,114.4,4.18,12486203.0,25701447.0
850362.SI,20260713,其他橡胶制品,3885.27,3653.08,3921.94,3675.31,-213.43,-5.49,8128.0,95495.0,91.78,2.41,2386966.0,4243741.0
850363.SI,20260713,炭黑,3057.92,2876.61,3076.01,2892.86,-184.54,-6.0,6178.0,57188.0,36.06,1.7,1136629.0,2417875.0
850372.SI,20260713,聚氨酯,17074.46,16589.08,17132.26,16611.53,-464.35,-2.72,10480.0,295612.0,17.29,1.89,13559085.0,23695051.0
850381.SI,20260713,复合肥,4212.93,4098.51,4244.08,4130.43,-101.48,-2.4,19834.0,108712.0,12.7,1.39,3861104.0,7038115.0
850382.SI,20260713,氟化工,8771.6,8526.72,8987.78,8609.29,-538.94,-5.89,34776.0,1239931.0,37.83,4.48,16433489.0,33082179.0
850412.SI,20260713,特钢Ⅲ,2494.36,2427.87,2535.6,2459.24,-39.84,-1.59,30195.0,185815.0,15.95,1.15,6675298.0,18412227.0
850442.SI,20260713,板材,2005.15,1953.87,2022.32,1970.83,-41.51,-2.06,129117.0,323183.0,37.96,0.74,12319015.0,40009676.0
850521.SI,20260713,其他金属新材料,8279.09,7570.05,8378.17,7673.04,-674.58,-8.08,29969.0,645399.0,83.57,4.37,9110486.0,18206408.0
850522.SI,20260713,磁性材料,10771.93,10076.72,10967.66,10159.29,-698.04,-6.43,31080.0,734469.0,60.08,4.1,9432708.0,18822388.0
850523.SI,20260713,非金属材料Ⅲ,6658.73,6185.23,6841.16,6223.84,-504.33,-7.5,8648.0,569039.0,63.54,3.87,5896227.0,12800908.0
850531.SI,20260713,黄金,21209.89,20720.2,21632.15,20975.54,-795.9,-3.66,41253.0,955140.0,18.46,3.24,21755906.0,40236521.0
850544.SI,20260713,其他小金属,24941.17,23433.66,25186.02,23519.71,-1795.47,-7.09,40114.0,1593545.0,56.29,3.94,18742330.0,33681521.0
850551.SI,20260713,铝,4515.37,4393.17,4593.33,4457.02,-96.03,-2.11,141108.0,1526503.0,11.16,1.65,31727230.0,55618631.0
850552.SI,20260713,铜,8036.61,7838.89,8139.32,7975.61,-210.58,-2.57,124480.0,1963721.0,14.26,3.02,75572096.0,135645566.0
850553.SI,20260713,铅锌,4790.96,4546.91,4819.66,4570.82,-321.42,-6.57,65007.0,799405.0,21.75,2.7,14629696.0,24447094.0
850614.SI,20260713,其他建材,7148.25,6930.14,7279.93,7078.25,-101.1,-1.41,19198.0,233260.0,24.59,1.67,5300942.0,10970702.0
850615.SI,20260713,耐火材料,6066.17,5726.25,6121.79,5756.16,-338.66,-5.56,9621.0,58666.0,47.85,1.61,1572164.0,2824679.0
850616.SI,20260713,管材,3820.11,3681.23,3866.21,3699.56,-248.66,-6.3,9203.0,81685.0,29.63,1.76,1486137.0,3204561.0
850623.SI,20260713,房屋建设Ⅲ,2762.05,2716.64,2803.22,2756.67,-18.47,-0.67,54665.0,241626.0,7.39,0.44,7252604.0,25706774.0
850702.SI,20260713,安防设备,14910.96,14289.63,14999.59,14382.56,-630.89,-4.2,32473.0,750729.0,21.63,2.83,19870386.0,47849356.0
850703.SI,20260713,其他计算机设备,5699.98,5336.01,5811.91,5417.52,-261.71,-4.61,121635.0,4623180.0,63.28,4.29,47497413.0,78392371.0
850711.SI,20260713,机床工具,1705.32,1570.53,1722.3,1578.76,-139.64,-8.13,33845.0,483511.0,77.97,3.79,6073176.0,12684157.0
850713.SI,20260713,磨具磨料,4097.38,3715.2,4173.22,3725.85,-440.2,-10.57,36466.0,922019.0,121.21,5.19,7438138.0,13912735.0
850715.SI,20260713,制冷空调设备,21836.19,20024.18,22524.99,20196.38,-1746.53,-7.96,25570.0,909254.0,57.15,3.52,9210653.0,19250597.0
850716.SI,20260713,其他通用设备,9604.23,9004.93,9820.77,9089.77,-642.14,-6.6,89377.0,1763276.0,44.69,3.65,20021571.0,38870819.0
850721.SI,20260713,纺织服装设备,1598.84,1500.18,1609.98,1519.87,-81.5,-5.09,21218.0,199803.0,41.96,2.53,3390252.0,7792442.0
850725.SI,20260713,能源及重型设备,2368.59,2231.4,2413.64,2261.75,-115.47,-4.86,121784.0,1514357.0,33.01,2.5,25631440.0,53081978.0
850726.SI,20260713,印刷包装机械,3684.08,3482.49,3724.88,3493.04,-197.07,-5.34,10280.0,140013.0,43.23,2.57,2520977.0,4700894.0
850727.SI,20260713,其他专用设备,24417.22,22828.5,25077.05,23036.49,-1683.05,-6.81,87232.0,3155914.0,59.23,4.7,43397284.0,86875270.0
850728.SI,20260713,楼宇设备,13351.8,12719.43,13494.98,12808.89,-627.61,-4.67,11444.0,125253.0,33.21,1.85,3361925.0,7452504.0
850731.SI,20260713,仪器仪表,7228.77,6793.43,7613.15,7056.71,-380.45,-5.12,40876.0,1693475.0,126.15,6.64,25792795.0,62366829.0
850741.SI,20260713,电机Ⅲ,12813.54,12072.43,12881.88,12125.48,-824.09,-6.36,34233.0,617907.0,46.24,3.04,11649418.0,27998577.0
850751.SI,20260713,金属制品,10012.69,9278.25,10130.24,9345.13,-740.31,-7.34,162539.0,2824032.0,63.21,3.26,33568593.0,75859170.0
850771.SI,20260713,工程机械整机,18561.81,17923.97,18700.64,18202.4,-465.83,-2.5,55250.0,562622.0,16.45,1.62,28842344.0,49630335.0
850772.SI,20260713,工程机械器件,5805.78,5492.37,5911.2,5517.57,-314.13,-5.39,5278.0,209613.0,52.79,7.04,6662487.0,19623294.0
850781.SI,20260713,机器人,15354.74,14509.97,15725.37,14645.26,-1083.71,-6.89,35089.0,1421589.0,182.09,7.07,14119893.0,24541803.0
850782.SI,20260713,工控设备,6085.9,5732.05,6147.29,5762.18,-390.31,-6.34,42820.0,1377287.0,53.48,4.65,27505116.0,45928531.0
850783.SI,20260713,激光设备,17450.39,16312.46,17871.61,16436.54,-1119.03,-6.37,23250.0,2199050.0,97.15,7.76,27709230.0,38672699.0
850784.SI,20260713,其他自动化设备,6533.06,6210.14,6646.81,6266.19,-303.11,-4.61,14849.0,755813.0,174.66,9.12,12713155.0,26752435.0
850812.SI,20260713,分立器件,4765.88,4544.65,5003.45,4645.83,-209.21,-4.31,70352.0,3875472.0,196.85,7.39,41528777.0,71650632.0
850813.SI,20260713,半导体材料,18562.87,17507.35,19570.78,17760.47,-1278.75,-6.72,82500.0,6228499.0,254.9,9.67,46957783.0,123229676.0
850814.SI,20260713,数字芯片设计,7447.62,7068.43,7800.02,7165.46,-429.86,-5.66,117287.0,21584903.0,113.35,14.42,253086651.0,543285752.0
850815.SI,20260713,模拟芯片设计,5007.05,4696.9,5186.31,4768.51,-304.37,-6.0,43497.0,2782508.0,185.61,6.15,37414916.0,65674968.0
850817.SI,20260713,集成电路封测,14430.19,14018.34,15531.02,14269.45,-458.24,-3.11,166246.0,8378157.0,113.9,6.48,41505316.0,90221279.0
850818.SI,20260713,半导体设备,92844.99,86723.02,97189.11,89922.32,-4173.81,-4.44,40173.0,9937256.0,152.84,17.7,137620438.0,254877751.0
850822.SI,20260713,印制电路板,20440.1,19404.9,21272.24,19626.32,-1072.96,-5.18,155007.0,10384923.0,88.1,11.71,133584209.0,266006252.0
850823.SI,20260713,被动元件,20725.47,18715.72,20966.76,18940.13,-2222.71,-10.5,54494.0,2876164.0,68.52,7.0,32665516.0,51995604.0
850831.SI,20260713,面板,1531.35,1428.35,1555.8,1435.33,-130.82,-8.35,601684.0,4853459.0,46.39,2.05,46137751.0,98338918.0
850832.SI,20260713,LED,1990.72,1847.09,2034.03,1861.54,-163.59,-8.08,117907.0,1476697.0,172.92,2.54,16710829.0,27509067.0
850833.SI,20260713,光学元件,5755.6,5379.64,5892.15,5413.54,-403.35,-6.93,54512.0,1899931.0,103.17,7.88,23646208.0,39972400.0
850841.SI,20260713,其他电子Ⅲ,20514.1,18690.01,21067.42,18792.78,-2336.83,-11.06,83740.0,3445686.0,66.4,6.34,25602427.0,47648570.0
850853.SI,20260713,品牌消费电子,3557.53,3421.57,3653.52,3479.84,-128.28,-3.56,10842.0,501033.0,31.28,3.56,10739919.0,27102800.0
850854.SI,20260713,消费电子零部件及组装,8326.27,7787.06,8461.84,7858.42,-567.94,-6.74,246598.0,8665313.0,39.09,4.89,126428615.0,324160006.0
850861.SI,20260713,电子化学品Ⅲ,14739.11,13754.27,15220.63,13869.01,-908.92,-6.15,117500.0,5661782.0,117.26,7.66,49333645.0,83695654.0
850912.SI,20260713,商用载货车,3512.61,3326.36,3545.99,3352.48,-199.86,-5.63,32391.0,295323.0,37.31,1.98,7615761.0,16728101.0
850913.SI,20260713,商用载客车,8659.48,8371.25,8853.49,8642.29,-30.33,-0.35,9332.0,98469.0,12.78,3.21,4665094.0,8130086.0
850922.SI,20260713,车身附件及饰件,10524.33,10163.36,10648.91,10307.03,-263.42,-2.49,37993.0,671906.0,17.54,2.05,21991241.0,42187750.0
850923.SI,20260713,底盘与发动机系统,6760.25,6399.21,6833.51,6443.38,-373.44,-5.48,147436.0,2451545.0,28.16,2.64,52376471.0,96482602.0
850924.SI,20260713,轮胎轮毂,3358.31,3266.06,3436.62,3351.66,-25.04,-0.74,28534.0,288198.0,15.94,1.41,9800302.0,22798564.0
850925.SI,20260713,其他汽车零部件,2787.34,2624.67,2818.01,2648.27,-160.74,-5.72,52445.0,1105367.0,35.48,2.25,15512849.0,33309721.0
850926.SI,20260713,汽车电子电气系统,4584.14,4301.63,4647.16,4343.85,-285.25,-6.16,45211.0,983877.0,36.02,2.74,15404422.0,38910710.0
850935.SI,20260713,航海装备Ⅲ,3364.63,3110.08,3405.16,3157.96,-226.47,-6.69,57749.0,1656504.0,26.84,2.15,25228778.0,49520579.0
850936.SI,20260713,轨交设备Ⅲ,5414.34,5268.49,5490.43,5321.79,-115.07,-2.12,46967.0,401797.0,17.28,1.13,12968041.0,34676560.0
850952.SI,20260713,综合乘用车,5435.48,5329.06,5465.87,5359.93,-151.34,-2.75,27562.0,182444.0,17.19,0.63,8600195.0,31262010.0
851024.SI,20260713,通信网络设备及器件,53055.95,51204.96,55266.09,52253.99,-1045.34,-1.96,122530.0,13046587.0,83.43,15.76,222845373.0,333384442.0
851025.SI,20260713,通信线缆及配套,10498.39,9719.14,10708.78,9742.44,-1064.19,-9.85,79362.0,4070203.0,72.93,5.98,37284415.0,64359729.0
851026.SI,20260713,通信终端及配件,2301.06,2194.27,2361.61,2217.32,-111.58,-4.79,46574.0,1537469.0,64.43,5.05,19815236.0,37754601.0
851027.SI,20260713,其他通信设备,1826.99,1703.08,1843.99,1724.4,-123.34,-6.68,10044.0,215746.0,81.58,3.66,3984846.0,7770554.0
851041.SI,20260713,垂直应用软件,4829.49,4624.92,4937.56,4692.54,-164.01,-3.38,154618.0,3538747.0,80.27,4.44,56655769.0,104611601.0
851042.SI,20260713,横向通用软件,23306.88,22373.32,23662.42,22639.66,-791.0,-3.38,74553.0,1549995.0,83.95,3.46,29136407.0,51218269.0
851112.SI,20260713,空调,39034.39,38965.73,39976.96,39825.09,609.75,1.55,11096.0,589311.0,11.06,2.1,54007095.0,80140830.0
851116.SI,20260713,冰洗,10877.47,10770.6,11002.23,10882.16,-79.73,-0.73,12307.0,128357.0,11.06,1.55,8950449.0,16557267.0
851122.SI,20260713,其他黑色家电,1978.06,1857.97,2000.27,1878.39,-124.07,-6.2,9947.0,119886.0,63.67,2.59,1912221.0,3619515.0
851131.SI,20260713,厨房小家电,3094.93,3042.08,3139.42,3076.7,-30.66,-0.99,2617.0,38284.0,22.8,2.49,1930787.0,7121421.0
851141.SI,20260713,厨房电器,11916.08,11572.45,12085.16,11722.27,-294.32,-2.45,4149.0,53653.0,19.18,1.46,1505530.0,3291074.0
851151.SI,20260713,照明设备Ⅲ,4476.74,4251.39,4532.86,4298.0,-206.29,-4.58,12875.0,134009.0,52.0,1.91,2579947.0,8064091.0
851161.SI,20260713,家电零部件Ⅲ,7135.38,6814.01,7210.92,6850.88,-368.31,-5.1,42169.0,898846.0,40.26,3.65,16865858.0,32341670.0
851232.SI,20260713,啤酒,3814.52,3772.32,3891.89,3862.92,39.72,1.04,7324.0,103222.0,17.25,2.53,4114808.0,11328944.0
851233.SI,20260713,其他酒类,3224.77,3168.03,3314.35,3227.35,-19.17,-0.59,7356.0,76872.0,43.15,2.09,2435031.0,5451936.0
851241.SI,20260713,肉制品,5268.18,5174.01,5383.19,5268.03,-14.05,-0.27,26304.0,136303.0,25.66,2.49,4061993.0,10963043.0
851242.SI,20260713,调味发酵品Ⅲ,5641.05,5600.25,5839.84,5762.02,77.63,1.37,39690.0,509060.0,26.41,3.26,12261293.0,32292112.0
851243.SI,20260713,乳品,7900.67,7836.13,8072.25,7991.79,32.72,0.41,23713.0,282754.0,15.0,2.45,17328393.0,23243506.0
851246.SI,20260713,预加工食品,3029.24,2982.45,3129.21,3099.65,56.65,1.86,5310.0,104273.0,20.05,1.66,3213670.0,5728288.0
851247.SI,20260713,保健品,906.62,894.77,925.68,912.1,1.06,0.12,9961.0,44243.0,31.55,1.66,2006170.0,4950548.0
851251.SI,20260713,白酒Ⅲ,33926.59,33623.96,34324.84,34117.36,-67.05,-0.2,16994.0,1146333.0,18.31,3.4,91273166.0,228246517.0
851271.SI,20260713,软饮料,2900.48,2793.97,2969.52,2848.97,-60.64,-2.08,9464.0,194876.0,22.74,3.82,6809963.0,17138527.0
851281.SI,20260713,零食,1539.07,1506.38,1563.74,1533.86,-9.03,-0.59,7142.0,90438.0,12.78,1.93,2698398.0,5718186.0
851282.SI,20260713,烘焙食品,946.37,921.96,969.17,931.75,-21.85,-2.29,5278.0,54229.0,24.92,1.87,1444712.0,3684155.0
851312.SI,20260713,棉纺,1812.3,1759.89,1844.4,1779.52,-32.12,-1.77,11610.0,71933.0,16.76,0.98,2012692.0,4197568.0
851314.SI,20260713,印染,1619.47,1566.99,1643.36,1582.11,-47.91,-2.94,5231.0,38605.0,16.16,1.31,608787.0,1540415.0
851315.SI,20260713,辅料,4914.93,4824.68,5269.74,5164.81,222.8,4.51,6559.0,166334.0,23.52,2.58,1174356.0,2237462.0
851316.SI,20260713,其他纺织,1713.87,1617.09,1732.12,1629.78,-94.45,-5.48,20397.0,164908.0,32.5,1.9,2722999.0,6212211.0
851325.SI,20260713,鞋帽及其他,929.99,871.43,936.36,878.63,-50.42,-5.43,10890.0,133414.0,86.02,3.33,1953994.0,4078510.0
851326.SI,20260713,家纺,1603.2,1555.89,1621.62,1576.7,-28.18,-1.76,3560.0,33311.0,19.16,1.85,1123212.0,2922939.0
851329.SI,20260713,非运动服装,1453.69,1414.23,1473.87,1431.41,-24.66,-1.69,48305.0,274017.0,21.36,1.34,7982306.0,21103788.0
851331.SI,20260713,钟表珠宝,1297.19,1254.48,1310.79,1266.35,-39.99,-3.06,16796.0,122339.0,16.99,1.71,3587969.0,9061680.0
851412.SI,20260713,大宗用纸,3190.83,3109.43,3232.45,3161.23,-49.51,-1.54,27384.0,129151.0,21.65,0.92,4543125.0,8304516.0
851413.SI,20260713,特种纸,1458.42,1405.25,1489.89,1424.03,-44.29,-3.02,28559.0,203550.0,38.22,1.57,2745359.0,6004498.0
851422.SI,20260713,印刷,3287.83,3144.43,3308.26,3159.08,-137.2,-4.16,1956.0,13935.0,46.45,2.67,555528.0,1083638.0
851423.SI,20260713,金属包装,1958.49,1848.56,1977.43,1859.63,-107.85,-5.48,14039.0,123094.0,31.39,2.04,2304041.0,5120226.0
851424.SI,20260713,塑料包装,3191.31,3058.53,3234.48,3109.1,-93.7,-2.93,10052.0,105849.0,20.22,2.61,2090485.0,4196367.0
851425.SI,20260713,纸包装,2152.07,2039.75,2177.3,2053.05,-110.07,-5.09,32610.0,268408.0,48.83,2.1,5504027.0,11277414.0
851436.SI,20260713,瓷砖地板,807.41,752.53,816.78,757.24,-60.2,-7.36,12504.0,165111.0,51.27,1.56,2313481.0,7652027.0
851437.SI,20260713,成品家居,1215.34,1175.07,1233.2,1193.34,-25.03,-2.05,19763.0,172776.0,22.26,1.74,3791123.0,9844025.0
851438.SI,20260713,定制家居,1404.86,1348.03,1427.76,1362.33,-52.86,-3.73,6474.0,90236.0,19.85,1.29,2218925.0,6125792.0
851439.SI,20260713,卫浴制品,430.54,410.93,433.1,414.16,-17.69,-4.1,3734.0,29162.0,42.48,1.37,793444.0,3040471.0
851452.SI,20260713,娱乐用品,1436.13,1359.52,1470.79,1366.54,-64.52,-4.51,8705.0,102382.0,77.68,3.34,2198276.0,5136999.0
851491.SI,20260713,其他家居用品,1424.81,1373.61,1451.71,1395.22,-35.2,-2.46,18514.0,189493.0,28.5,2.47,4364491.0,16711427.0
851511.SI,20260713,原料药,10017.43,9732.43,10287.45,9951.59,-130.18,-1.29,75523.0,1114851.0,47.81,2.47,15516775.0,32546664.0
851512.SI,20260713,化学制剂,8343.95,8168.22,8557.33,8325.17,-60.4,-0.72,273337.0,4518247.0,39.45,3.23,85120760.0,169251638.0
851521.SI,20260713,中药Ⅲ,5453.12,5402.09,5686.43,5607.32,178.0,3.28,190925.0,2044687.0,23.27,1.94,38446965.0,76381283.0
851522.SI,20260713,血液制品,5744.22,5686.84,5825.59,5769.78,43.66,0.76,12074.0,89520.0,29.22,1.24,4386410.0,9721279.0
851523.SI,20260713,疫苗,9609.52,9295.2,9776.6,9373.01,-319.84,-3.3,22064.0,384871.0,57.59,1.62,8522076.0,15403988.0
851524.SI,20260713,其他生物制品,10065.83,9830.03,10324.05,9998.95,-91.34,-0.91,41599.0,940548.0,41.42,3.12,18600683.0,41602274.0
851532.SI,20260713,医疗设备,8169.87,7903.17,8269.43,7994.66,-207.21,-2.53,27104.0,826573.0,35.17,3.1,25297469.0,53117996.0
851533.SI,20260713,医疗耗材,5342.03,5181.68,5448.86,5256.66,-108.51,-2.02,31341.0,677793.0,33.97,2.19,18986058.0,40928393.0
851534.SI,20260713,体外诊断,6878.56,6686.96,6995.74,6778.2,-127.22,-1.84,19178.0,398099.0,37.0,1.57,12304278.0,26074517.0
851542.SI,20260713,医药流通,2465.12,2440.72,2529.07,2485.55,15.31,0.62,58435.0,355444.0,17.45,1.03,7760982.0,21058092.0
851543.SI,20260713,线下药店,10551.04,10434.34,10845.26,10703.64,181.89,1.73,6731.0,98711.0,16.74,1.64,3278613.0,7585381.0
851563.SI,20260713,医疗研发外包,14731.64,14284.92,14997.29,14457.34,-272.99,-1.85,57596.0,2555749.0,24.95,3.62,42918180.0,66476967.0
851564.SI,20260713,医院,3781.21,3677.3,3844.61,3712.93,-98.24,-2.58,55675.0,324200.0,38.52,3.16,9598042.0,17854499.0
851610.SI,20260713,电能综合服务,2794.62,2732.98,2823.05,2756.02,-42.11,-1.51,74993.0,261963.0,35.33,1.04,9247523.0,22945880.0
851611.SI,20260713,火力发电,3006.96,2943.41,3046.94,2968.24,-75.03,-2.47,224326.0,1437876.0,12.61,1.11,24996056.0,86019313.0
851612.SI,20260713,水力发电,5253.45,5220.03,5362.9,5336.03,64.7,1.23,53710.0,892614.0,19.05,2.51,37233028.0,123436928.0
851614.SI,20260713,热力服务,2359.19,2254.29,2399.4,2270.8,-110.06,-4.62,43576.0,361201.0,37.94,2.05,5536785.0,12758784.0
851616.SI,20260713,光伏发电,870.98,828.51,887.29,833.72,-43.52,-4.96,90472.0,463213.0,67.27,1.33,6870824.0,11838009.0
851617.SI,20260713,风力发电,1153.16,1115.92,1160.43,1123.89,-35.01,-3.02,75939.0,575416.0,39.43,1.3,11702365.0,67861829.0
851631.SI,20260713,燃气Ⅲ,3035.55,2964.44,3108.42,3009.24,35.2,1.18,50894.0,615099.0,22.79,1.79,9434927.0,24916881.0
851711.SI,20260713,港口,3680.67,3653.5,3734.43,3703.82,15.81,0.43,45196.0,195929.0,13.54,0.89,8003743.0,46368488.0
851721.SI,20260713,公交,2131.38,2051.37,2151.35,2061.47,-79.04,-3.69,4830.0,27664.0,59.35,1.21,1092808.0,2151895.0
851731.SI,20260713,高速公路,3031.38,2990.25,3081.01,3030.07,-15.87,-0.52,24819.0,143380.0,14.36,0.91,7827976.0,32429141.0
851741.SI,20260713,航空运输,1682.3,1658.41,1689.66,1667.68,-41.85,-2.45,67802.0,274534.0,25.14,2.66,12730936.0,36227384.0
851761.SI,20260713,航运,2445.95,2381.88,2482.54,2422.96,-16.96,-0.69,94949.0,825923.0,12.82,1.38,18011222.0,54360851.0
851771.SI,20260713,铁路运输,752.81,749.43,759.67,755.14,0.39,0.05,33193.0,172132.0,16.65,0.77,10692848.0,36368864.0
851782.SI,20260713,原材料供应链服务,2672.45,2630.76,2711.06,2659.17,-20.83,-0.78,17543.0,92057.0,17.36,0.5,4979295.0,10693561.0
851783.SI,20260713,中间产品及消费品供应链服务,988.34,940.83,1011.13,945.86,-44.16,-4.46,8770.0,106428.0,61.75,2.26,1346883.0,2738016.0
851784.SI,20260713,快递,2200.47,2180.46,2222.29,2201.84,-4.01,-0.18,10281.0,160182.0,13.65,1.54,11099891.0,25477889.0
851785.SI,20260713,跨境物流,1300.62,1280.7,1328.66,1298.57,-2.23,-0.17,9925.0,84833.0,13.8,1.46,3696652.0,14385808.0
851786.SI,20260713,仓储物流,3043.36,2944.15,3118.0,2975.78,-76.63,-2.51,6755.0,75931.0,25.83,1.24,1740725.0,3329217.0
851787.SI,20260713,公路货运,2155.01,2082.61,2173.96,2102.16,-61.22,-2.83,5250.0,25529.0,31.46,0.99,833615.0,2154787.0
851811.SI,20260713,住宅开发,2085.59,2019.57,2143.88,2047.67,-60.3,-2.86,326099.0,1586317.0,15.29,0.71,27474430.0,55505566.0
851812.SI,20260713,商业地产,2221.82,2145.63,2250.0,2165.71,-72.15,-3.22,31585.0,136639.0,68.34,0.61,5066814.0,16825518.0
851813.SI,20260713,产业地产,2494.52,2421.64,2537.07,2441.29,-72.54,-2.89,14556.0,166933.0,38.92,1.65,4769469.0,12160743.0
851831.SI,20260713,物业管理,518.34,501.67,524.6,505.9,-12.38,-2.39,10419.0,45414.0,30.86,1.79,1272542.0,2768632.0
851922.SI,20260713,金融控股,2124.56,2064.29,2142.88,2084.7,-51.62,-2.42,29253.0,178532.0,19.6,0.79,4768920.0,19130875.0
851927.SI,20260713,资产管理,1983.46,1874.91,2010.1,1889.57,-99.88,-5.02,3718.0,38973.0,40.4,2.18,1373933.0,3725431.0
851931.SI,20260713,证券Ⅲ,6299.55,6206.9,6365.52,6259.85,-61.99,-0.98,314239.0,3588549.0,15.48,1.19,157067939.0,320587167.0
851941.SI,20260713,保险Ⅲ,1110.15,1101.66,1119.83,1114.35,0.28,0.03,25429.0,837651.0,6.47,0.95,66710793.0,189643426.0
852021.SI,20260713,贸易Ⅲ,4046.74,3853.3,4075.5,3873.32,-187.14,-4.61,20530.0,127414.0,20.99,1.22,3761355.0,12001117.0
852031.SI,20260713,百货,1976.66,1910.28,2003.18,1922.11,-65.77,-3.31,50941.0,187592.0,143.05,1.16,5385667.0,11013007.0
852032.SI,20260713,超市,8177.7,7926.81,8274.43,7969.52,-261.34,-3.18,37421.0,194699.0,36.07,3.67,4470392.0,10066327.0
852033.SI,20260713,多业态零售,1613.72,1571.31,1640.3,1587.87,-39.82,-2.45,23124.0,125589.0,21.98,0.97,3234849.0,6241914.0
852034.SI,20260713,商业物业经营,2346.46,2276.15,2375.71,2289.69,-64.75,-2.75,36342.0,213603.0,27.11,1.23,6640704.0,16408280.0
852041.SI,20260713,专业连锁Ⅲ,3330.12,3239.12,3393.15,3266.58,-73.51,-2.2,9272.0,79119.0,53.99,2.47,2365891.0,4141124.0
852062.SI,20260713,跨境电商,631.94,605.06,647.46,611.3,-23.59,-3.72,13065.0,118188.0,35.58,3.88,2229798.0,4410880.0
852063.SI,20260713,电商服务,2261.27,2153.71,2287.9,2163.92,-98.54,-4.36,8167.0,102043.0,97.31,2.84,2122886.0,3720370.0
852111.SI,20260713,人工景区,25956.16,25471.67,26207.05,25676.82,-449.61,-1.72,6444.0,57181.0,32.49,1.75,1739654.0,3111723.0
852112.SI,20260713,自然景区,2005.0,1947.55,2019.63,1958.18,-61.37,-3.04,12861.0,107001.0,37.31,2.4,2700908.0,5767524.0
852121.SI,20260713,酒店,2127.14,2050.72,2138.12,2064.09,-71.96,-3.37,6079.0,66836.0,18.49,1.15,1723132.0,3806791.0
852131.SI,20260713,旅游综合,10438.34,10023.56,10518.4,10067.49,-496.34,-4.7,10757.0,66225.0,83.18,2.86,1480832.0,2969178.0
852182.SI,20260713,检测服务,4652.35,4328.47,4731.43,4363.56,-335.63,-7.14,28437.0,426696.0,34.02,2.94,6702182.0,13618876.0
852183.SI,20260713,会展服务,1765.84,1692.16,1775.8,1706.63,-68.5,-3.86,1309.0,14298.0,26.47,1.69,502390.0,1337691.0
852213.SI,20260713,通信工程及服务,877.57,826.89,903.06,836.29,-37.16,-4.25,42629.0,570890.0,640.74,3.39,5410297.0,8607169.0
852214.SI,20260713,通信应用增值服务,2635.17,2517.72,2714.64,2562.68,-93.26,-3.51,56797.0,1050578.0,53.08,4.79,14008755.0,26452412.0
852226.SI,20260713,IT服务Ⅲ,4308.05,4096.18,4418.3,4161.17,-169.63,-3.92,344776.0,6575041.0,112.37,3.33,77822186.0,129368078.0
852311.SI,20260713,综合Ⅲ,4417.72,4332.12,4611.62,4426.26,11.68,0.26,51484.0,623599.0,97.36,2.88,10255770.0,20500531.0
857111.SI,20260713,水泥制造,3866.42,3784.29,3926.69,3838.89,-30.62,-0.79,25588.0,246848.0,18.11,0.58,8556141.0,19106307.0
857112.SI,20260713,水泥制品,839.98,802.24,845.24,804.56,-50.63,-5.92,9739.0,46264.0,224.68,1.56,948092.0,1950421.0
857121.SI,20260713,玻璃制造,2921.1,2807.74,2973.01,2817.92,-173.13,-5.79,36120.0,174599.0,183.19,1.18,2574962.0,4846460.0
857122.SI,20260713,玻纤制造,115049.93,106475.53,117768.11,107249.63,-10388.75,-8.83,65669.0,2679360.0,62.9,6.22,21528741.0,67231530.0
857221.SI,20260713,装修装饰Ⅲ,4156.76,3914.97,4239.56,3967.57,-224.14,-5.35,49809.0,335452.0,69.56,2.42,4984370.0,10785739.0
857236.SI,20260713,基建市政工程,1574.5,1550.4,1588.81,1560.61,-21.12,-1.34,89082.0,392536.0,8.27,0.44,21355982.0,60623217.0
857241.SI,20260713,钢结构,2208.78,2095.66,2233.29,2145.71,-70.99,-3.2,17966.0,99506.0,25.78,1.1,2583999.0,5442403.0
857242.SI,20260713,化学工程,1242.69,1217.14,1253.76,1224.99,-26.31,-2.1,10003.0,83821.0,9.25,0.85,3483705.0,7091856.0
857243.SI,20260713,国际工程,1193.22,1165.72,1200.37,1175.11,-28.3,-2.35,8952.0,67703.0,11.03,0.82,1752968.0,4614274.0
857244.SI,20260713,其他专业工程,2694.06,2591.96,2822.44,2634.23,-115.32,-4.19,41872.0,856215.0,65.01,1.36,8852477.0,22356648.0
857251.SI,20260713,园林工程,5494.49,5196.22,5588.19,5247.96,-274.36,-4.97,40995.0,140142.0,1140.44,2.34,2156224.0,4081160.0
857261.SI,20260713,工程咨询服务Ⅲ,2218.11,2119.11,2324.71,2151.92,-117.45,-5.18,63709.0,1130932.0,47.0,1.94,9453380.0,20237412.0
857321.SI,20260713,电网自动化设备,7806.06,7530.71,7951.4,7614.14,-237.99,-3.03,35881.0,690877.0,28.06,3.39,22293119.0,45466185.0
857323.SI,20260713,电工仪器仪表,8055.78,7696.92,8224.24,7819.97,-243.88,-3.02,21414.0,253648.0,29.86,1.88,3772728.0,8029573.0
857334.SI,20260713,火电设备,3749.97,3649.17,3862.09,3672.99,-88.65,-2.36,7240.0,91618.0,24.14,1.89,1135916.0,2328484.0
857336.SI,20260713,其他电源设备Ⅲ,2267.19,2131.96,2317.84,2151.43,-122.68,-5.39,50632.0,1969745.0,91.98,4.72,24223776.0,45923121.0
857344.SI,20260713,线缆部件及其他,12684.95,11925.02,12867.21,12049.93,-732.97,-5.73,99083.0,1236913.0,49.08,3.0,16667897.0,32055378.0
857352.SI,20260713,光伏电池组件,946.03,884.21,950.05,887.25,-64.59,-6.79,102894.0,856774.0,129.69,2.03,20166243.0,36910779.0
857354.SI,20260713,光伏辅材,832.17,783.56,849.94,788.62,-57.83,-6.83,24750.0,520986.0,61.2,2.19,8020722.0,16060256.0
857355.SI,20260713,光伏加工设备,2384.8,2209.81,2419.47,2226.37,-189.36,-7.84,13989.0,880866.0,47.13,3.91,14438770.0,29681716.0
857362.SI,20260713,风电零部件,7146.09,6667.66,7228.38,6724.6,-474.88,-6.6,40537.0,700141.0,32.77,1.7,11086982.0,21687293.0
857371.SI,20260713,锂电池,26617.71,26067.89,27464.2,26744.99,93.2,0.35,77543.0,4274146.0,23.15,3.85,132067971.0,223090000.0
857372.SI,20260713,电池化学品,16242.75,15432.84,16432.46,15550.0,-804.88,-4.92,105513.0,2809092.0,37.54,2.39,47155143.0,78438125.0
857373.SI,20260713,锂电专用设备,16585.41,15648.61,16983.69,15748.38,-1022.75,-6.1,17173.0,540669.0,44.28,3.29,9516619.0,18017814.0
857375.SI,20260713,蓄电池及其他电池,1755.74,1685.02,1795.81,1707.75,-34.96,-2.01,15767.0,284681.0,35.69,2.34,3592455.0,7694514.0
857381.SI,20260713,输变电设备,7188.96,6909.7,7439.23,7057.11,-183.8,-2.54,57776.0,1265862.0,27.4,2.58,30879864.0,50913229.0
857382.SI,20260713,配电设备,2221.74,2135.9,2253.91,2150.39,-86.35,-3.86,28724.0,385801.0,22.82,1.74,8419942.0,17851723.0
857411.SI,20260713,航天装备Ⅲ,35638.39,32332.44,36553.91,33688.99,-1537.45,-4.36,72822.0,3024123.0,491.79,6.17,14808298.0,47852685.0
857421.SI,20260713,航空装备Ⅲ,8545.28,7999.93,8597.58,8061.83,-517.02,-6.03,79213.0,2005931.0,63.41,3.03,42964331.0,87873112.0
857431.SI,20260713,地面兵装Ⅲ,15290.25,14110.98,15330.57,14122.93,-1316.48,-8.53,34270.0,468123.0,104.99,2.74,6020717.0,12316523.0
857451.SI,20260713,军工电子Ⅲ,6911.65,6374.72,7017.88,6431.47,-550.37,-7.88,159080.0,4785350.0,99.41,4.63,51451738.0,108812747.0
857641.SI,20260713,游戏Ⅲ,2896.63,2758.15,2935.0,2807.83,-114.92,-3.93,138598.0,2050036.0,24.04,3.18,32394450.0,47697369.0
857651.SI,20260713,营销代理,2273.69,2139.93,2326.91,2149.28,-149.61,-6.51,148021.0,1330913.0,173.81,3.6,13220480.0,17391664.0
857661.SI,20260713,影视动漫制作,1109.7,1040.61,1126.29,1044.91,-70.12,-6.29,89690.0,614155.0,188.29,2.4,6860799.0,13485950.0
857674.SI,20260713,门户网站,1399.72,1335.13,1413.93,1343.46,-60.07,-4.28,8202.0,112212.0,82.15,3.45,2069128.0,4731277.0
857691.SI,20260713,教育出版,171.49,169.38,174.62,171.77,0.22,0.13,10306.0,74820.0,12.68,1.13,3078714.0,10976688.0
857692.SI,20260713,大众出版,1853.53,1791.42,1892.37,1811.09,-54.75,-2.93,21723.0,249877.0,41.78,1.76,4793491.0,12746513.0
857821.SI,20260713,国有大型银行Ⅲ,1847.45,1839.85,1901.79,1898.46,40.01,2.15,217985.0,1496288.0,7.22,0.6,72340204.0,655926164.0
857831.SI,20260713,股份制银行Ⅲ,3963.3,3949.36,4022.64,4015.12,42.29,1.06,105710.0,952815.0,5.34,0.42,94726741.0,239039633.0
857841.SI,20260713,城商行Ⅲ,992.42,987.35,1021.47,1016.38,19.8,1.99,106511.0,897672.0,5.72,0.51,59852871.0,120263104.0
857851.SI,20260713,农商行Ⅲ,722.42,719.84,744.05,742.05,19.21,2.66,44505.0,211823.0,5.54,0.52,13932578.0,23218423.0
858811.SI,20260713,其他运输设备,1481.32,1429.39,1493.26,1436.11,-58.33,-3.9,3080.0,44087.0,18.43,2.12,1292294.0,3370250.0
858812.SI,20260713,摩托车,4095.63,3974.38,4241.6,4097.88,9.85,0.24,7626.0,197590.0,24.57,3.08,6488134.0,14374834.0
859511.SI,20260713,动力煤,1931.39,1896.28,1993.43,1967.53,25.85,1.33,51405.0,732230.0,16.25,1.74,30238192.0,146004449.0
859512.SI,20260713,焦煤,4104.42,4024.57,4167.96,4079.59,-23.5,-0.57,28030.0,192925.0,32.84,0.83,8582367.0,21936247.0
859521.SI,20260713,焦炭Ⅲ,1066.03,1020.98,1080.23,1030.73,-37.61,-3.52,24362.0,72025.0,516.04,1.11,2248252.0,4339904.0
859621.SI,20260713,油田服务,702.63,677.11,710.83,684.89,-5.27,-0.76,37832.0,227763.0,20.19,1.84,3002838.0,11245304.0
859622.SI,20260713,油气及炼化工程,2928.04,2838.01,2984.25,2901.92,7.28,0.25,40649.0,337088.0,27.63,1.18,2842034.0,6290081.0
859631.SI,20260713,炼油化工,3041.66,2971.81,3106.21,3036.12,11.65,0.39,103660.0,795978.0,16.19,1.09,24876822.0,241183129.0
859632.SI,20260713,油品石化贸易,6060.67,5744.33,6119.38,5773.95,-141.75,-2.4,21135.0,184386.0,33.56,1.57,2955451.0,5869211.0
859633.SI,20260713,其他石化,2348.28,2226.21,2393.28,2259.29,-94.18,-4.0,38226.0,262449.0,28.7,1.32,5858968.0,10348372.0
859711.SI,20260713,大气治理,2522.46,2391.02,2570.2,2411.32,-136.36,-5.35,4437.0,44329.0,123.98,2.78,610143.0,1421816.0
859712.SI,20260713,水务及水治理,1311.88,1272.06,1337.98,1291.73,-31.39,-2.37,62928.0,482624.0,20.69,1.06,11658860.0,26664770.0
859713.SI,20260713,固废治理,2205.97,2103.97,2243.27,2127.76,-83.31,-3.77,58462.0,555938.0,18.92,1.59,13036135.0,30137644.0
859714.SI,20260713,综合环境治理,1595.44,1515.53,1622.25,1522.79,-90.16,-5.59,22948.0,166365.0,66.87,2.18,3675997.0,6475819.0
859721.SI,20260713,环保设备Ⅲ,2264.45,2121.86,2297.74,2142.25,-142.38,-6.23,37951.0,550802.0,39.73,2.33,8176031.0,15704607.0
859811.SI,20260713,生活用纸,1119.1,1091.76,1132.74,1101.31,-20.24,-1.8,4847.0,69053.0,24.54,1.72,1804287.0,4833167.0
859821.SI,20260713,化妆品制造及其他,2286.44,2191.91,2304.93,2200.77,-98.43,-4.28,3719.0,29834.0,47.6,2.33,921815.0,1725373.0
859822.SI,20260713,品牌化妆品,6761.29,6599.99,6866.03,6649.53,-152.76,-2.25,5933.0,129033.0,24.02,2.37,3046131.0,8809896.0
859852.SI,20260713,培训教育,490.62,469.72,499.16,473.77,-20.98,-4.24,32132.0,137078.0,63.39,6.3,3385973.0,5430928.0
859951.SI,20260713,电视广播Ⅲ,948.18,906.03,960.15,911.94,-40.27,-4.23,47309.0,230841.0,58.14,1.0,5846022.0,12638892.0
801001.SI,20260714,申万50,3978.98,3933.6,4101.79,4101.79,126.43,3.18,838205.0,55705135.0,26.97,3.75,1226226508.0,2469883103.0
801002.SI,20260714,申万中小,8107.36,8007.0,8298.46,8298.46,177.27,2.18,2638055.0,49198956.0,32.75,2.77,826417268.0,1519230987.0
801003.SI,20260714,申万Ａ指,4712.07,4643.05,4804.83,4804.83,90.6,1.92,12538669.0,269931129.0,23.86,2.18,4846624490.0,11188215090.0
801005.SI,20260714,申万创业,4115.72,4040.25,4220.81,4218.16,108.96,2.65,2014475.0,65230051.0,45.99,4.89,918669762.0,1967797868.0
801010.SI,20260714,农林牧渔,2321.74,2306.45,2339.65,2339.65,5.01,0.21,186271.0,1522355.0,38.26,2.11,53234844.0,113320472.0
801012.SI,20260714,农产品加工,1957.84,1934.32,2012.95,1997.55,28.03,1.42,23443.0,222364.0,36.76,1.82,6940325.0,25509493.0
801014.SI,20260714,饲料,3418.84,3368.19,3472.14,3431.96,-5.02,-0.15,30485.0,230750.0,45.42,1.95,9497268.0,19663434.0
801015.SI,20260714,渔业,611.08,604.3,628.97,627.39,15.39,2.51,9407.0,30124.0,131.25,2.15,910223.0,1508326.0
801016.SI,20260714,种植业,2093.45,2073.05,2160.56,2132.49,31.89,1.52,51838.0,308525.0,34.39,2.02,6658542.0,13213881.0
801017.SI,20260714,养殖业,2574.11,2531.07,2596.06,2575.11,-16.4,-0.63,53084.0,590231.0,34.77,2.31,24468037.0,45545302.0
801018.SI,20260714,动物保健Ⅱ,4165.26,4104.71,4280.83,4242.53,55.86,1.33,5554.0,72019.0,41.58,1.9,3104658.0,5279999.0
801030.SI,20260714,基础化工,4179.93,4142.1,4287.14,4287.14,104.66,2.5,754862.0,12159004.0,28.82,2.18,217535432.0,450080804.0
801032.SI,20260714,化学纤维,4190.18,4111.32,4340.2,4272.68,69.53,1.65,59374.0,423205.0,37.43,1.63,9376851.0,25028979.0
801033.SI,20260714,化学原料,3089.48,3039.38,3200.96,3165.86,105.92,3.46,153667.0,1768586.0,29.24,1.67,33355868.0,74269228.0
801034.SI,20260714,化学制品,6391.95,6262.51,6619.01,6547.69,114.02,1.77,258046.0,5147488.0,27.92,2.24,83603637.0,169797652.0
801036.SI,20260714,塑料,5018.49,4861.35,5226.99,5147.29,125.02,2.49,111058.0,2468581.0,66.73,3.54,35543227.0,72089751.0
801037.SI,20260714,橡胶,4924.0,4765.72,5040.06,4971.02,26.76,0.54,17379.0,343418.0,61.62,2.76,5614222.0,12063871.0
801038.SI,20260714,农化制品,4559.04,4497.08,4733.82,4700.61,155.51,3.42,147030.0,1511396.0,18.48,1.97,43905525.0,83460537.0
801039.SI,20260714,非金属材料Ⅱ,7028.13,6876.72,7368.25,7265.91,284.04,4.07,8307.0,496331.0,66.03,4.02,6136104.0,13370786.0
801040.SI,20260714,钢铁,2078.06,2072.53,2123.31,2121.71,55.67,2.69,229524.0,801631.0,28.15,0.95,27406561.0,80414308.0
801043.SI,20260714,冶钢原料,3029.6,2993.55,3118.64,3112.97,88.39,2.92,28032.0,210671.0,43.16,1.73,5897097.0,16313312.0
801044.SI,20260714,普钢,1951.31,1928.65,2006.92,1997.33,64.4,3.33,176930.0,440183.0,35.25,0.75,14758409.0,45394518.0
801045.SI,20260714,特钢Ⅱ,3596.65,3549.59,3659.96,3632.02,40.76,1.13,24562.0,150776.0,16.13,1.16,6751055.0,18706478.0
801050.SI,20260714,有色金属,7485.45,7424.84,7908.95,7908.95,384.21,5.11,728110.0,14527825.0,20.32,3.04,251457589.0,473003053.0
801051.SI,20260714,金属新材料,9764.39,9471.77,10147.12,9971.79,189.54,1.94,61591.0,1223509.0,71.48,4.32,18925912.0,37596749.0
801053.SI,20260714,贵金属,20369.42,20078.31,21914.53,21826.47,950.87,4.55,61276.0,1281191.0,19.98,3.47,24162093.0,44149893.0
801054.SI,20260714,小金属,36248.38,35637.53,38184.34,37977.49,1585.03,4.36,99420.0,4071130.0,52.99,5.31,51450451.0,121095457.0
801055.SI,20260714,工业金属,2892.93,2857.57,3109.96,3089.53,184.29,6.34,472736.0,6441159.0,14.71,2.61,129663349.0,229557141.0
801056.SI,20260714,能源金属,16712.92,16336.22,17319.21,17260.22,583.65,3.5,33087.0,1510836.0,25.83,2.29,27255784.0,40603814.0
801072.SI,20260714,通用设备,8356.52,8068.6,8729.67,8559.35,173.73,2.07,326228.0,7231537.0,70.94,4.17,104427374.0,229699402.0
801074.SI,20260714,专用设备,12034.59,11683.98,12469.0,12266.51,227.38,1.89,227578.0,4396895.0,44.63,3.29,81044369.0,166678657.0
801076.SI,20260714,轨交设备Ⅱ,5329.89,5249.95,5433.49,5388.14,63.04,1.18,39346.0,327795.0,17.48,1.15,13121559.0,35054077.0
801077.SI,20260714,工程机械,21210.69,20826.17,21609.76,21522.03,212.16,1.0,51942.0,693365.0,18.89,1.89,35858318.0,69996011.0
801078.SI,20260714,自动化设备,22313.09,21430.75,23115.95,22811.45,407.81,1.82,100908.0,5639831.0,87.34,6.46,83540897.0,138300337.0
801080.SI,20260714,电子,10253.11,9866.51,10542.13,10491.95,278.03,2.72,1876164.0,93103153.0,92.66,7.78,1107360189.0,2252397765.0
801081.SI,20260714,半导体,12366.87,11631.99,12850.89,12518.43,174.18,1.41,556947.0,53852781.0,143.79,11.24,621818271.0,1246639789.0
801082.SI,20260714,其他电子Ⅱ,18822.41,17973.72,19771.85,19355.43,607.8,3.24,74097.0,2945555.0,68.62,6.55,26432464.0,49094794.0
801083.SI,20260714,元件,23855.33,23401.05,25615.17,25446.59,1916.86,8.15,219706.0,15276041.0,90.3,11.2,179793357.0,344061242.0
801084.SI,20260714,光学光电子,2006.95,1929.11,2074.7,2039.41,46.32,2.32,690536.0,7533176.0,67.06,2.73,88504993.0,166494627.0
801085.SI,20260714,消费电子,10694.15,10289.41,11100.92,10947.83,229.92,2.15,228396.0,8470633.0,39.13,4.85,140111056.0,360108137.0
801086.SI,20260714,电子化学品Ⅱ,13956.63,13284.91,14531.43,14253.12,384.13,2.77,106483.0,5024967.0,120.29,7.86,50700047.0,85999177.0
801092.SI,20260714,汽车服务,418.86,412.45,429.3,425.68,6.3,1.5,11131.0,66667.0,39.04,1.64,2228081.0,5074563.0
801093.SI,20260714,汽车零部件,7146.15,6973.75,7334.53,7263.5,88.57,1.23,281504.0,4484173.0,25.11,2.32,116507074.0,236195780.0
801095.SI,20260714,乘用车,13669.27,13602.06,14140.96,14067.63,340.56,2.48,35923.0,861597.0,24.59,1.61,35137000.0,92127929.0
801096.SI,20260714,商用车,6442.64,6308.1,6561.99,6500.2,54.13,0.84,34877.0,324404.0,21.4,2.36,12383973.0,25119219.0
801101.SI,20260714,计算机设备,3033.36,2851.27,3078.62,2985.89,-24.17,-0.8,139476.0,4783077.0,40.32,3.71,66846715.0,125606278.0
801102.SI,20260714,通信设备,11065.72,10781.42,11812.19,11681.27,681.39,6.19,263084.0,21746820.0,85.26,11.89,301517919.0,467120083.0
801103.SI,20260714,IT服务Ⅱ,4793.9,4499.2,4866.66,4697.94,-84.39,-1.76,308106.0,5722065.0,110.36,3.27,76448894.0,127362359.0
801104.SI,20260714,软件开发,5531.18,5303.45,5632.1,5495.3,-31.59,-0.57,199408.0,4466204.0,81.12,4.02,85301845.0,154900264.0
801110.SI,20260714,家用电器,8399.67,8350.07,8475.38,8475.38,63.01,0.75,134696.0,2315721.0,14.54,2.18,100256870.0,177370901.0
801111.SI,20260714,白色家电,18398.45,18301.69,18722.71,18595.87,186.9,1.02,21670.0,718210.0,11.17,2.02,63596728.0,97690808.0
801112.SI,20260714,黑色家电,2018.31,1961.95,2060.88,2026.09,-21.77,-1.06,47563.0,424755.0,30.89,2.18,8223523.0,15007775.0
801113.SI,20260714,小家电,3779.53,3712.2,3870.93,3801.04,33.74,0.9,12060.0,175487.0,22.03,2.3,6359397.0,18276589.0
801114.SI,20260714,厨卫电器,7420.17,7296.42,7592.9,7498.47,35.39,0.47,5069.0,51628.0,20.04,1.42,1934146.0,4654721.0
801115.SI,20260714,照明设备Ⅱ,4303.45,4217.2,4534.24,4451.94,153.93,3.58,10926.0,178474.0,52.26,1.92,2672348.0,8374395.0
801116.SI,20260714,家电零部件Ⅱ,6844.85,6597.8,6940.28,6861.01,10.14,0.15,35534.0,756767.0,40.28,3.66,16890811.0,32434356.0
801120.SI,20260714,食品饮料,13188.59,13170.58,13297.78,13281.6,70.16,0.53,150512.0,2541646.0,18.97,3.0,149092082.0,352704470.0
801124.SI,20260714,食品加工,12250.98,12016.73,12499.34,12328.5,88.48,0.72,48076.0,305987.0,24.46,1.96,9348931.0,21799342.0
801125.SI,20260714,白酒Ⅱ,34060.42,33910.68,34551.29,34285.96,168.6,0.49,15705.0,1135033.0,18.4,3.41,91724205.0,229320947.0
801126.SI,20260714,非白酒,3253.34,3208.58,3308.52,3270.34,18.97,0.58,14553.0,173485.0,22.33,2.36,6588045.0,16903556.0
801127.SI,20260714,饮料乳品,6629.0,6577.19,6771.93,6714.18,77.47,1.17,35563.0,472147.0,16.79,2.76,24420113.0,40862921.0
801128.SI,20260714,休闲食品,1565.93,1532.19,1598.97,1571.87,4.75,0.3,17884.0,203069.0,17.34,1.86,4814566.0,11523710.0
801129.SI,20260714,调味发酵品Ⅱ,6534.45,6455.48,6659.8,6544.99,-34.92,-0.53,18732.0,251925.0,26.27,3.24,12196221.0,32293994.0
801130.SI,20260714,纺织服饰,1466.08,1459.14,1496.48,1496.48,28.11,1.91,125146.0,1016673.0,23.74,1.66,23934130.0,58669690.0
801131.SI,20260714,纺织制造,1609.09,1577.3,1659.63,1643.45,32.54,2.02,40547.0,395407.0,21.59,1.53,7101634.0,18026903.0
801132.SI,20260714,服装家纺,1456.5,1429.86,1499.11,1483.75,26.71,1.83,66820.0,497155.0,27.44,1.73,12861710.0,30909885.0
801133.SI,20260714,饰品,1241.98,1230.28,1282.61,1274.56,24.87,1.99,17779.0,124111.0,18.84,1.71,3970786.0,9732901.0
801140.SI,20260714,轻工制造,1985.09,1977.0,2020.75,2020.75,32.77,1.65,183090.0,1588049.0,30.43,1.71,36328002.0,90857814.0
801141.SI,20260714,包装印刷,2626.87,2577.16,2716.15,2689.29,55.49,2.11,62567.0,568922.0,36.5,2.2,11515807.0,23656513.0
801142.SI,20260714,家居用品,1538.76,1509.34,1579.07,1553.48,11.85,0.77,58706.0,581676.0,27.19,1.73,13585127.0,43642119.0
801143.SI,20260714,造纸,1964.3,1942.55,2026.15,2002.22,36.13,1.84,50075.0,300047.0,26.28,1.11,7422432.0,14551115.0
801145.SI,20260714,文娱用品,1542.02,1510.28,1594.46,1585.58,47.49,3.09,11743.0,137404.0,38.98,2.77,3804637.0,9008068.0
801150.SI,20260714,医药生物,7499.18,7452.95,7723.8,7723.8,193.75,2.57,960984.0,15750173.0,32.99,2.56,301332092.0,597010046.0
801151.SI,20260714,化学制药,11802.13,11525.61,12239.79,12085.11,232.63,1.96,381334.0,5871993.0,41.25,3.16,102612752.0,205496785.0
801152.SI,20260714,生物制品,5329.63,5253.93,5570.65,5495.09,146.23,2.73,79195.0,1525724.0,43.22,2.17,32383484.0,68487120.0
801153.SI,20260714,医疗器械,5467.96,5393.65,5645.49,5579.22,117.04,2.14,85644.0,2023106.0,35.92,2.33,57770786.0,122400311.0
801154.SI,20260714,医药商业,4356.58,4312.38,4583.0,4527.08,163.32,3.74,93526.0,700902.0,17.85,1.19,11452763.0,29728045.0
801155.SI,20260714,中药Ⅱ,5550.28,5452.59,5768.55,5680.97,71.78,1.28,195298.0,2062399.0,23.56,1.96,38938972.0,77361670.0
801156.SI,20260714,医疗服务,6926.87,6777.35,7341.78,7290.89,326.46,4.69,125988.0,3566050.0,29.16,3.54,58173335.0,93536116.0
801160.SI,20260714,公用事业,2404.56,2402.91,2434.56,2434.43,22.61,0.94,591727.0,4443258.0,20.64,1.55,114579679.0,397574178.0
801161.SI,20260714,电力,3161.92,3132.67,3224.67,3203.42,30.25,0.95,529194.0,3639637.0,20.45,1.53,105072863.0,372582987.0
801163.SI,20260714,燃气Ⅱ,3019.97,2923.47,3096.55,3034.08,22.94,0.76,62533.0,803621.0,22.97,1.8,9506816.0,24991191.0
801170.SI,20260714,交通运输,1956.56,1955.46,1996.42,1996.42,31.76,1.62,344443.0,2291122.0,16.19,1.15,86785930.0,280763961.0
801178.SI,20260714,物流,3982.28,3945.8,4089.09,4064.71,74.33,1.86,60590.0,575100.0,16.27,1.08,24138481.0,59912030.0
801179.SI,20260714,铁路公路,1436.4,1427.11,1466.15,1461.54,21.58,1.5,71755.0,391179.0,16.51,0.85,19907634.0,72129845.0
801180.SI,20260714,房地产,1848.03,1819.19,1850.31,1848.99,12.29,0.67,296831.0,1552603.0,19.46,0.76,39725935.0,89803818.0
801181.SI,20260714,房地产开发,2145.42,2087.93,2184.71,2144.62,12.77,0.6,276838.0,1486543.0,18.83,0.75,37534218.0,85002216.0
801183.SI,20260714,房地产服务,691.21,680.02,707.21,702.31,13.02,1.89,19993.0,66060.0,45.14,1.34,2191717.0,4801602.0
801191.SI,20260714,多元金融,1080.25,1068.47,1104.66,1098.33,16.35,1.51,61988.0,381155.0,19.7,1.16,14317524.0,43870679.0
801193.SI,20260714,证券Ⅱ,6236.1,6121.33,6307.15,6272.17,18.64,0.3,306229.0,3578549.0,15.53,1.2,157536074.0,322091740.0
801194.SI,20260714,保险Ⅱ,1114.51,1090.98,1126.87,1122.69,8.89,0.8,33878.0,1192182.0,6.52,0.96,67243553.0,192921008.0
801200.SI,20260714,商贸零售,1674.98,1654.98,1687.86,1687.83,20.6,1.24,199570.0,1242136.0,32.37,1.54,36959011.0,82268891.0
801202.SI,20260714,贸易Ⅱ,3880.54,3813.87,3983.08,3950.39,55.37,1.42,22026.0,131531.0,21.29,1.24,3814825.0,12201995.0
801203.SI,20260714,一般零售,2533.71,2475.69,2579.42,2549.05,36.02,1.43,141453.0,699331.0,36.15,1.37,20014469.0,44344896.0
801204.SI,20260714,专业连锁Ⅱ,3284.26,3223.37,3343.77,3316.22,49.66,1.52,7978.0,67248.0,54.73,2.51,2401861.0,4206567.0
801206.SI,20260714,互联网电商,9340.0,9091.65,9566.89,9446.43,113.1,1.21,23959.0,232291.0,31.74,2.3,5745510.0,10736485.0
801210.SI,20260714,社会服务,6761.79,6694.62,6853.52,6853.52,120.17,1.78,98420.0,877269.0,37.04,2.37,22338158.0,44238539.0
801218.SI,20260714,专业服务,5588.97,5455.2,5724.05,5648.54,111.79,2.02,27853.0,418321.0,27.88,2.36,8944800.0,19292565.0
801219.SI,20260714,酒店餐饮,1331.78,1312.74,1349.71,1342.15,17.68,1.33,7239.0,65280.0,24.35,1.42,2298330.0,4903596.0
801223.SI,20260714,通信服务,2110.23,2021.52,2139.01,2079.82,-42.88,-2.02,109909.0,1621855.0,25.35,1.68,35996690.0,99501580.0
801230.SI,20260714,综合,4377.96,4331.16,4543.55,4512.3,75.68,1.71,62402.0,614995.0,99.02,2.93,10430707.0,20852743.0
801231.SI,20260714,综合Ⅱ,4374.45,4279.38,4600.91,4508.68,75.62,1.71,62402.0,614995.0,99.02,2.93,10430707.0,20852743.0
801250.SI,20260714,申万制造,8048.96,7824.86,8238.78,8226.2,185.82,2.31,4447513.0,168878387.0,50.87,6.2,2476863062.0,4787703559.0
801260.SI,20260714,申万消费,5589.53,5584.01,5675.87,5675.87,70.46,1.26,1538891.0,21922156.0,19.86,3.04,654399104.0,1412842555.0
801270.SI,20260714,申万投资,3915.75,3896.64,4065.02,4065.02,146.43,3.74,2660218.0,36783212.0,20.26,2.4,674969195.0,1703218054.0
801280.SI,20260714,申万服务,2474.44,2452.65,2491.49,2491.49,12.0,0.48,3829645.0,41732380.0,11.12,1.42,1182075206.0,3263633498.0
801300.SI,20260714,申万300指数,3613.65,3558.2,3705.52,3705.52,90.75,2.51,3059411.0,131070971.0,22.83,2.55,2497664053.0,5612170489.0
801710.SI,20260714,建筑材料,6301.51,6301.51,6645.22,6630.76,306.9,4.85,179283.0,3782153.0,39.14,1.63,47398004.0,122944683.0
801711.SI,20260714,水泥,3764.98,3700.78,3829.71,3797.67,13.49,0.36,31125.0,265802.0,20.01,0.63,9538112.0,21119702.0
801712.SI,20260714,玻璃玻纤,23375.98,23168.59,25662.01,25391.21,1939.24,8.27,99962.0,3063098.0,73.28,4.46,26118990.0,78588274.0
801713.SI,20260714,装修建材,4233.99,4166.06,4355.36,4306.78,60.54,1.43,48196.0,453253.0,33.66,1.67,11740901.0,23236708.0
801720.SI,20260714,建筑装饰,1934.62,1917.27,1955.2,1955.2,21.8,1.13,364295.0,3176814.0,13.29,0.69,62574777.0,162686136.0
801721.SI,20260714,房屋建设Ⅱ,2760.96,2736.42,2811.04,2796.17,39.66,1.44,65166.0,242331.0,7.5,0.44,7356945.0,26030373.0
801722.SI,20260714,装修装饰Ⅱ,3975.23,3837.53,4079.14,3989.72,18.25,0.46,42084.0,358274.0,69.88,2.43,5007275.0,10823291.0
801723.SI,20260714,基础建设,1991.81,1973.11,2031.96,2020.77,21.89,1.1,122882.0,498628.0,9.15,0.48,23770984.0,65379020.0
801724.SI,20260714,专业工程,1846.89,1790.67,1899.1,1860.26,22.47,1.22,69988.0,972326.0,21.72,1.12,16876990.0,39972159.0
801726.SI,20260714,工程咨询服务Ⅱ,2157.2,2060.14,2206.15,2176.77,24.86,1.16,64176.0,1105256.0,47.43,1.96,9562584.0,20481293.0
801730.SI,20260714,电力设备,9165.72,9003.41,9335.4,9335.4,132.43,1.44,726008.0,17718051.0,32.12,2.94,417817411.0,761822837.0
801731.SI,20260714,电机Ⅱ,12102.01,11770.16,12331.75,12230.17,114.46,0.94,27816.0,490152.0,46.65,3.07,11759468.0,28251568.0
801733.SI,20260714,其他电源设备Ⅱ,41168.85,39824.62,42849.31,42335.25,1186.23,2.88,61674.0,2221661.0,67.07,3.63,32376799.0,66301465.0
801735.SI,20260714,光伏设备,5455.16,5250.93,5558.46,5477.95,21.66,0.4,167453.0,3623126.0,45.15,2.7,75422601.0,141533009.0
801736.SI,20260714,风电设备,2171.37,2076.9,2203.87,2153.2,-25.59,-1.17,61228.0,990064.0,32.0,1.57,18780821.0,34797320.0
801737.SI,20260714,电池,22235.35,21964.34,22951.81,22847.71,438.44,1.96,187144.0,6984234.0,26.81,3.36,196377678.0,334601520.0
801738.SI,20260714,电网设备,5243.66,5085.15,5358.93,5314.91,68.21,1.3,220693.0,3408815.0,30.25,2.7,83100043.0,156337955.0
801740.SI,20260714,国防军工,1706.2,1629.88,1706.2,1674.76,-45.98,-2.67,299736.0,8019893.0,60.83,3.26,136792288.0,297504843.0
801741.SI,20260714,航天装备Ⅱ,32256.95,30234.95,32785.91,30552.63,-3135.68,-9.31,36375.0,1099552.0,448.24,5.59,13496993.0,43815402.0
801742.SI,20260714,航空装备Ⅱ,8074.92,7832.11,8194.16,8076.52,-51.28,-0.63,64732.0,1633781.0,63.01,3.01,42693263.0,87332145.0
801743.SI,20260714,地面兵装Ⅱ,14082.81,13477.98,14175.74,13867.21,-255.64,-1.81,27938.0,345203.0,103.06,2.69,5911733.0,12125726.0
801744.SI,20260714,航海装备Ⅱ,3138.1,3019.82,3184.53,3088.32,-69.42,-2.2,39712.0,1068207.0,26.25,2.1,24674137.0,48786675.0
801745.SI,20260714,军工电子Ⅱ,6418.76,5982.06,6521.23,6252.03,-179.45,-2.79,130979.0,3873150.0,96.67,4.51,50016161.0,105444895.0
801750.SI,20260714,计算机,4469.95,4256.02,4477.48,4408.6,-46.38,-1.04,646989.0,14971347.0,66.62,3.66,228597454.0,407868901.0
801760.SI,20260714,传媒,649.56,629.08,649.58,643.29,-7.98,-1.23,391423.0,3983648.0,33.63,2.42,76944011.0,136100761.0
801764.SI,20260714,游戏Ⅱ,2796.98,2660.67,2827.9,2747.48,-60.35,-2.15,104506.0,1654004.0,23.53,3.11,31698197.0,46626539.0
801765.SI,20260714,广告营销,2313.72,2220.47,2346.74,2293.87,-24.68,-1.06,128398.0,1056450.0,53.18,3.75,17893726.0,24720073.0
801766.SI,20260714,影视院线,1005.3,962.56,1021.91,989.93,-20.69,-2.05,76360.0,544056.0,230.83,2.46,8410948.0,16782296.0
801767.SI,20260714,数字媒体,1471.14,1425.29,1502.45,1475.25,7.3,0.5,20331.0,288989.0,60.58,2.43,5138318.0,11365257.0
801769.SI,20260714,出版,1344.86,1317.46,1368.57,1348.04,2.82,0.21,27709.0,274311.0,21.61,1.44,7888682.0,23837186.0
801770.SI,20260714,通信,8134.25,7987.78,8524.28,8522.13,425.35,5.25,372993.0,23368675.0,68.22,7.23,337514608.0,566621663.0
801780.SI,20260714,银行,3848.29,3832.54,3876.42,3870.45,4.64,0.12,432126.0,3183177.0,5.92,0.49,241141713.0,1037351676.0
801782.SI,20260714,国有大型银行Ⅱ,1885.07,1866.53,1901.54,1890.88,-7.58,-0.4,170214.0,1161475.0,7.19,0.6,72051506.0,653580927.0
801783.SI,20260714,股份制银行Ⅱ,4001.64,3970.99,4032.69,4022.25,7.12,0.18,117986.0,989038.0,5.35,0.42,94894722.0,239483014.0
801784.SI,20260714,城商行Ⅱ,1012.61,1004.01,1026.32,1020.91,4.54,0.45,101881.0,838253.0,5.74,0.51,60120000.0,120815702.0
801785.SI,20260714,农商行Ⅱ,739.85,735.66,753.96,749.67,7.61,1.03,42044.0,194411.0,5.6,0.52,14075486.0,23472033.0
801790.SI,20260714,非银金融,1731.56,1713.24,1743.46,1743.46,8.85,0.51,402094.0,5151887.0,11.28,1.12,239097150.0,558883427.0
801811.SI,20260714,大盘指数,4049.62,4011.58,4153.96,4153.96,102.54,2.53,2264750.0,90789894.0,18.75,2.05,2123294581.0,5209041385.0
801812.SI,20260714,中盘指数,5220.7,5101.47,5314.26,5314.26,91.44,1.75,2257171.0,66204208.0,33.05,2.53,1016224563.0,2147995240.0
801813.SI,20260714,小盘指数,5713.04,5603.64,5790.97,5790.97,77.14,1.35,2565873.0,51124247.0,35.76,2.31,803476430.0,1639365606.0
801821.SI,20260714,高市盈率指数,1658.2,1594.19,1694.8,1689.25,39.37,2.39,674152.0,37808444.0,197.54,11.86,465519668.0,969199706.0
801822.SI,20260714,中市盈率指数,4627.33,4521.08,4711.9,4711.9,87.6,1.89,632111.0,17716297.0,38.26,3.11,252456188.0,495455794.0
801823.SI,20260714,低市盈率指数,7200.3,7177.08,7278.93,7278.93,59.04,0.82,1284179.0,12694229.0,7.98,0.75,683498036.0,2258982450.0
801831.SI,20260714,高市净率指数,2734.77,2670.98,2849.01,2839.37,118.97,4.37,614105.0,78981906.0,126.4,20.67,1045597734.0,2113585214.0
801832.SI,20260714,中市净率指数,4245.57,4214.12,4320.09,4320.09,68.73,1.62,612713.0,7670057.0,25.06,2.42,193696650.0,372501838.0
801833.SI,20260714,低市净率指数,6733.92,6719.79,6805.29,6804.75,47.43,0.7,1298206.0,7254689.0,7.94,0.53,423287547.0,1540751314.0
801841.SI,20260714,高价股指数,5141.28,5029.11,5316.99,5308.19,184.01,3.59,419189.0,88887668.0,60.21,10.62,1388319261.0,2681920037.0
801842.SI,20260714,中价股指数,3960.28,3878.0,3979.84,3979.84,10.35,0.26,544714.0,7512596.0,26.76,2.08,149639916.0,332441507.0
801843.SI,20260714,低价股指数,13835.63,13832.9,14122.93,14121.44,293.32,2.12,1738833.0,4095964.0,24.3,0.95,127655498.0,266077737.0
801851.SI,20260714,亏损股指数,3753.02,3652.06,3784.39,3783.54,28.2,0.75,3139748.0,35698307.0,,2.74,560862379.0,1153256222.0
801852.SI,20260714,微利股指数,2699.53,2611.23,2699.83,2697.77,9.28,0.35,216997.0,3616418.0,63.29,2.23,61116136.0,113350781.0
801853.SI,20260714,绩优股指数,6311.77,6273.16,6554.36,6554.36,246.93,3.91,270521.0,29514837.0,26.91,7.1,705788932.0,1462495933.0
801863.SI,20260714,新股指数,2424.88,2361.74,2470.58,2463.23,32.02,1.32,63304.0,3670209.0,148.68,6.8,36133562.0,374060095.0
801880.SI,20260714,汽车,6349.46,6297.16,6466.78,6466.78,94.62,1.48,373641.0,5980104.0,24.74,2.13,174177849.0,376654085.0
801881.SI,20260714,摩托车及其他,3080.01,3028.64,3164.93,3134.39,55.91,1.82,10205.0,243263.0,23.68,2.92,7921721.0,18136593.0
801890.SI,20260714,机械设备,2319.73,2272.33,2369.67,2364.79,41.81,1.8,746002.0,18289424.0,45.44,3.39,317992518.0,639728485.0
801950.SI,20260714,煤炭,2989.21,2989.21,3104.25,3096.07,110.99,3.72,139655.0,1397028.0,20.03,1.43,42595897.0,177765960.0
801951.SI,20260714,煤炭开采,3435.51,3420.52,3605.86,3557.14,126.82,3.7,109065.0,1305628.0,18.97,1.45,40255729.0,173248824.0
801952.SI,20260714,焦炭Ⅱ,1029.86,1025.57,1081.74,1072.87,42.14,4.09,30590.0,91400.0,537.14,1.16,2340168.0,4517136.0
801960.SI,20260714,石油石化,2424.35,2421.67,2498.05,2498.05,103.93,4.34,352765.0,2650096.0,18.78,1.29,51041494.0,299228351.0
801962.SI,20260714,油服工程,2199.16,2166.34,2304.64,2285.77,136.37,6.34,110735.0,806894.0,24.71,1.54,6215705.0,18459731.0
801963.SI,20260714,炼化及贸易,2732.94,2700.18,2837.04,2822.31,108.83,4.01,175289.0,1359464.0,19.16,1.2,35042532.0,266895232.0
801970.SI,20260714,环保,1854.87,1842.96,1892.66,1892.66,35.55,1.91,171933.0,1677918.0,25.21,1.54,37868435.0,81835579.0
801971.SI,20260714,环境治理,1775.6,1744.35,1838.91,1817.58,41.1,2.31,137116.0,1172119.0,22.67,1.39,29651597.0,65996799.0
801972.SI,20260714,环保设备Ⅱ,2134.32,2060.64,2201.66,2152.95,10.69,0.5,34817.0,505799.0,39.91,2.34,8216838.0,15838780.0
801980.SI,20260714,美容护理,3250.29,3239.5,3291.24,3290.79,41.43,1.28,18158.0,297050.0,28.64,2.3,8426453.0,22149288.0
801981.SI,20260714,个护用品,1165.01,1147.99,1193.41,1184.51,20.23,1.74,6972.0,97739.0,26.56,1.82,2375820.0,6630175.0
801982.SI,20260714,化妆品,5548.19,5480.41,5691.61,5648.62,93.34,1.68,10219.0,162242.0,27.79,2.4,4034613.0,10695520.0
801991.SI,20260714,航空机场,2252.58,2241.63,2297.34,2295.51,20.19,0.89,59595.0,257707.0,24.09,2.11,16221515.0,46077507.0
801992.SI,20260714,航运港口,3065.42,3033.1,3148.68,3136.06,59.44,1.93,152503.0,1067135.0,13.28,1.2,26518301.0,102644579.0
801993.SI,20260714,旅游及景区,1764.3,1742.07,1802.13,1789.28,24.15,1.37,25769.0,212164.0,41.76,2.27,6002397.0,11993339.0
801994.SI,20260714,教育,1496.66,1467.62,1541.89,1527.57,29.61,1.98,33530.0,154225.0,80.03,3.75,4521853.0,7238913.0
801995.SI,20260714,电视广播Ⅱ,911.07,897.86,932.88,922.57,10.63,1.17,34119.0,165839.0,58.86,1.01,5914140.0,12769411.0
850111.SI,20260714,种子,2373.56,2363.63,2456.43,2424.45,67.15,2.85,22916.0,122718.0,112.23,2.27,2635743.0,4371634.0
850113.SI,20260714,其他种植业,1395.45,1384.64,1448.6,1434.51,25.91,1.84,18451.0,84405.0,39.21,1.98,2209131.0,4419864.0
850122.SI,20260714,水产养殖,388.43,383.87,399.77,398.59,10.16,2.62,8545.0,23606.0,289.69,2.43,687665.0,1044127.0
850135.SI,20260714,食品及饲料添加剂,2335.31,2307.45,2391.14,2376.16,37.72,1.61,17965.0,223790.0,16.56,1.72,10772008.0,23223063.0
850136.SI,20260714,有机硅,4494.4,4311.61,4610.88,4548.5,34.24,0.76,29586.0,588466.0,59.62,2.32,4074189.0,11633197.0
850142.SI,20260714,畜禽饲料,1091.6,1075.53,1110.02,1096.46,-2.06,-0.19,23624.0,116554.0,1180.92,1.56,4692738.0,8344547.0
850151.SI,20260714,果蔬加工,1647.92,1604.94,1704.34,1679.19,18.59,1.12,4416.0,59655.0,45.04,3.87,1333668.0,3419896.0
850152.SI,20260714,粮油加工,1275.25,1269.73,1306.17,1298.82,19.69,1.54,5106.0,52516.0,37.35,1.52,2214468.0,15551859.0
850154.SI,20260714,其他农产品加工,2554.25,2524.88,2626.56,2610.4,37.75,1.47,13921.0,110194.0,33.96,1.68,3392189.0,6537738.0
850172.SI,20260714,生猪养殖,4868.2,4784.4,4894.84,4853.8,-49.79,-1.02,35364.0,442866.0,36.04,2.39,21129886.0,38144434.0
850173.SI,20260714,肉鸡养殖,724.86,715.15,746.25,741.64,14.5,1.99,14144.0,137459.0,25.34,1.82,2943066.0,6588634.0
850181.SI,20260714,动物保健Ⅲ,4165.59,4105.03,4281.17,4242.86,55.86,1.33,5554.0,72019.0,41.58,1.9,3104658.0,5279999.0
850232.SI,20260714,汽车经销商,388.8,386.7,399.57,398.14,8.04,2.06,4407.0,14388.0,56.9,1.43,670444.0,1662245.0
850233.SI,20260714,汽车综合服务,1604.53,1573.19,1642.61,1625.33,20.27,1.26,6724.0,52279.0,33.94,1.76,1557637.0,3412318.0
850322.SI,20260714,氯碱,1188.68,1171.55,1229.04,1216.83,28.07,2.36,48309.0,326841.0,40.3,1.21,6794468.0,13822002.0
850323.SI,20260714,无机盐,21823.84,21452.01,22880.17,22687.1,964.3,4.44,13219.0,346789.0,65.46,2.99,5714403.0,11591784.0
850324.SI,20260714,其他化学原料,4037.17,3999.65,4216.68,4184.56,206.94,5.2,17770.0,333673.0,21.2,2.15,6732603.0,15011994.0
850325.SI,20260714,煤化工,6810.21,6697.68,7007.31,6953.89,318.44,4.8,43500.0,585377.0,17.88,1.69,7593550.0,23097168.0
850326.SI,20260714,钛白粉,628.23,606.35,643.46,623.91,-4.26,-0.68,16264.0,97976.0,56.87,1.57,3946881.0,6473318.0
850331.SI,20260714,氮肥,4906.46,4842.24,5060.81,5022.79,150.46,3.09,28346.0,184882.0,17.36,1.49,5287474.0,8407369.0
850332.SI,20260714,磷肥及磷化工,1849.75,1825.77,1932.52,1923.09,83.06,4.51,54906.0,466432.0,20.97,1.9,10748723.0,18580078.0
850333.SI,20260714,农药,2996.76,2937.5,3089.3,3051.22,56.86,1.9,30704.0,348594.0,26.52,1.5,9322515.0,18846342.0
850335.SI,20260714,涂料油墨,7567.83,7219.74,7812.37,7707.76,116.08,1.53,14855.0,342627.0,111.45,4.31,3548025.0,8689971.0
850337.SI,20260714,民爆制品,3721.52,3636.5,3843.92,3780.87,52.27,1.4,18425.0,271192.0,23.34,2.03,6131076.0,11191737.0
850338.SI,20260714,纺织化学制品,2231.67,2201.32,2336.22,2311.82,74.31,3.32,28859.0,273805.0,24.54,1.32,5614301.0,9146709.0
850339.SI,20260714,其他化学制品,2106.0,2047.51,2174.32,2139.26,29.72,1.41,87713.0,1437738.0,44.68,2.18,21412845.0,45550686.0
850341.SI,20260714,涤纶,5502.5,5453.0,5749.91,5651.31,109.63,1.98,13875.0,90745.0,26.96,1.34,2455450.0,7062757.0
850343.SI,20260714,粘胶,2341.51,2327.34,2470.77,2461.93,102.17,4.33,19604.0,66701.0,67.28,1.72,1299601.0,1951703.0
850351.SI,20260714,其他塑料制品,3530.35,3463.93,3645.58,3608.41,93.09,2.65,17634.0,260188.0,63.07,2.05,5298452.0,10739945.0
850353.SI,20260714,改性塑料,4342.55,4185.94,4486.3,4417.81,79.71,1.84,19329.0,407951.0,43.24,2.74,8616797.0,15675603.0
850354.SI,20260714,合成树脂,5381.07,5144.81,5543.85,5393.9,-52.37,-0.96,28851.0,750303.0,59.53,5.11,8488190.0,18844733.0
850355.SI,20260714,膜材料,3409.88,3325.44,3609.58,3575.25,177.84,5.23,45244.0,1050139.0,120.54,4.4,13139788.0,26829471.0
850362.SI,20260714,其他橡胶制品,3685.24,3589.42,3782.14,3740.36,65.05,1.77,7230.0,77492.0,93.38,2.46,2429215.0,4312150.0
850363.SI,20260714,炭黑,2873.66,2839.51,2972.4,2927.31,34.45,1.19,5105.0,46377.0,36.48,1.72,1149613.0,2447540.0
850372.SI,20260714,聚氨酯,16553.86,16471.6,17283.58,17223.58,612.05,3.68,10976.0,334301.0,17.93,1.96,14058670.0,24562871.0
850381.SI,20260714,复合肥,4129.3,4113.96,4283.56,4271.81,141.38,3.42,20486.0,117595.0,13.13,1.43,3993266.0,7279217.0
850382.SI,20260714,氟化工,8407.68,8268.91,8762.1,8691.1,81.82,0.95,45007.0,1583020.0,38.19,4.52,16589660.0,33537961.0
850412.SI,20260714,特钢Ⅲ,2462.92,2430.7,2506.28,2487.15,27.91,1.13,24562.0,150776.0,16.13,1.16,6751055.0,18706478.0
850442.SI,20260714,板材,1993.36,1968.39,2052.91,2043.68,72.85,3.7,164991.0,400729.0,39.36,0.77,12774380.0,41246272.0
850521.SI,20260714,其他金属新材料,7629.74,7324.92,7854.06,7658.22,-14.82,-0.19,32121.0,555354.0,83.55,4.37,9092886.0,18087185.0
850522.SI,20260714,磁性材料,10178.11,9970.26,10672.39,10564.7,405.41,3.99,29470.0,668155.0,62.63,4.28,9833026.0,19509564.0
850523.SI,20260714,非金属材料Ⅲ,6265.09,6130.11,6568.29,6477.05,253.21,4.07,8307.0,496331.0,66.03,4.02,6136104.0,13370786.0
850531.SI,20260714,黄金,20454.8,20165.38,22029.43,21938.99,963.45,4.59,52107.0,1213073.0,19.31,3.39,22755197.0,41990230.0
850544.SI,20260714,其他小金属,23391.83,22747.87,24592.5,24392.14,872.43,3.71,42282.0,1711603.0,58.38,4.08,19437549.0,34860688.0
850551.SI,20260714,铝,4500.18,4407.05,4798.65,4761.51,304.49,6.83,226862.0,2559302.0,11.93,1.76,33894771.0,59364372.0
850552.SI,20260714,铜,7894.83,7831.49,8545.18,8485.2,509.59,6.39,172907.0,3009350.0,15.18,3.21,80400680.0,144478662.0
850553.SI,20260714,铅锌,4552.42,4483.48,4809.14,4801.46,230.64,5.05,72968.0,872507.0,22.84,2.84,15367897.0,25714107.0
850614.SI,20260714,其他建材,7071.35,6916.29,7299.96,7186.56,108.32,1.53,19124.0,204021.0,24.96,1.69,5384816.0,11193022.0
850615.SI,20260714,耐火材料,5831.2,5716.93,5984.25,5954.18,198.03,3.44,9227.0,55332.0,49.5,1.67,1626250.0,2906622.0
850616.SI,20260714,管材,3608.23,3576.65,3708.6,3664.05,-35.51,-0.96,10518.0,97658.0,29.34,1.74,1471874.0,3207605.0
850623.SI,20260714,房屋建设Ⅲ,2761.11,2736.57,2811.2,2796.33,39.66,1.44,65166.0,242331.0,7.5,0.44,7356945.0,26030373.0
850702.SI,20260714,安防设备,14330.39,14067.72,14606.17,14435.1,52.54,0.37,26411.0,591324.0,21.69,2.84,19942975.0,48100698.0
850703.SI,20260714,其他计算机设备,5485.2,5061.8,5557.28,5347.54,-69.98,-1.29,113065.0,4191753.0,62.44,4.23,46903740.0,77505580.0
850711.SI,20260714,机床工具,1579.1,1528.59,1610.86,1593.42,14.66,0.93,24937.0,351732.0,78.47,3.81,6129562.0,12870855.0
850713.SI,20260714,磨具磨料,3705.8,3564.62,3876.79,3801.85,75.99,2.04,36155.0,813120.0,123.69,5.29,7589847.0,14129104.0
850715.SI,20260714,制冷空调设备,20250.0,19598.3,21334.87,20974.55,778.17,3.85,23268.0,889365.0,59.74,3.68,9565537.0,20015015.0
850716.SI,20260714,其他通用设备,9066.0,8630.29,9297.73,9052.36,-37.4,-0.41,88372.0,1444858.0,44.38,3.62,19941998.0,38762990.0
850721.SI,20260714,纺织服装设备,1514.04,1482.04,1568.97,1533.68,13.81,0.91,18495.0,165753.0,42.42,2.56,3421058.0,7896562.0
850725.SI,20260714,能源及重型设备,2250.04,2197.34,2328.95,2301.36,39.61,1.75,111153.0,1291577.0,33.58,2.54,26080297.0,53676748.0
850726.SI,20260714,印刷包装机械,3497.56,3296.93,3565.2,3416.04,-76.99,-2.2,11265.0,151442.0,42.12,2.5,2465409.0,4620827.0
850727.SI,20260714,其他专用设备,23094.29,22345.21,24010.27,23584.32,547.83,2.38,72114.0,2656215.0,60.4,4.79,44429309.0,89411861.0
850728.SI,20260714,楼宇设备,12824.28,12539.25,13029.69,12917.39,108.5,0.85,8677.0,94731.0,33.5,1.87,3390403.0,7513276.0
850731.SI,20260714,仪器仪表,6958.71,6762.55,7426.78,7251.03,194.32,2.75,33319.0,1391326.0,129.74,6.83,26505420.0,64854061.0
850741.SI,20260714,电机Ⅲ,12111.77,11779.66,12341.7,12240.03,114.55,0.94,27816.0,490152.0,46.65,3.07,11759468.0,28251568.0
850751.SI,20260714,金属制品,9364.44,9070.4,9744.39,9602.14,257.01,2.75,120176.0,2341137.0,64.24,3.33,34695011.0,79067376.0
850771.SI,20260714,工程机械整机,18110.13,17803.62,18435.88,18363.85,161.45,0.89,47817.0,518643.0,16.59,1.64,29098172.0,50057793.0
850772.SI,20260714,工程机械器件,5501.8,5373.46,5625.0,5598.45,80.88,1.47,4124.0,174722.0,53.71,7.17,6760146.0,19938218.0
850781.SI,20260714,机器人,14574.42,14040.9,15070.02,14759.34,114.08,0.78,31191.0,1297156.0,183.54,7.13,14229883.0,24704258.0
850782.SI,20260714,工控设备,5780.07,5606.55,5882.62,5817.24,55.07,0.96,32354.0,1142303.0,54.0,4.7,27767980.0,46484168.0
850783.SI,20260714,激光设备,16209.71,15332.21,17133.63,16960.48,523.94,3.19,24589.0,2517019.0,100.22,8.0,28592507.0,39942796.0
850784.SI,20260714,其他自动化设备,6282.77,6081.01,6487.51,6383.19,117.0,1.87,12774.0,683353.0,178.4,9.32,12950527.0,27169115.0
850812.SI,20260714,分立器件,4659.08,4453.51,5019.82,4917.46,271.63,5.85,61931.0,4034843.0,208.37,7.82,43967892.0,74947621.0
850813.SI,20260714,半导体材料,17794.36,16362.16,18236.43,17624.2,-136.26,-0.77,81172.0,5794018.0,252.96,9.6,46597516.0,122094964.0
850814.SI,20260714,数字芯片设计,7217.16,6793.9,7444.05,7314.67,149.22,2.08,111350.0,20137119.0,116.4,14.81,257546636.0,549133418.0
850815.SI,20260714,模拟芯片设计,4786.35,4518.44,4947.19,4779.67,11.17,0.23,41405.0,2402525.0,186.04,6.17,37502533.0,65727193.0
850817.SI,20260714,集成电路封测,14126.59,13339.29,14966.03,14711.88,442.43,3.1,173578.0,8620016.0,117.49,6.69,42792209.0,91870700.0
850818.SI,20260714,半导体设备,89133.13,84703.46,93864.49,90271.86,349.55,0.39,34990.0,9126573.0,153.47,17.77,138155397.0,256088527.0
850822.SI,20260714,印制电路板,19976.21,19610.78,21385.3,21254.11,1627.79,8.29,162337.0,12317146.0,95.44,12.69,144663581.0,288128787.0
850823.SI,20260714,被动元件,18893.17,18474.3,20541.87,20368.96,1428.83,7.54,57369.0,2958895.0,73.72,7.53,35129776.0,55932455.0
850831.SI,20260714,面板,1452.5,1403.16,1501.9,1475.29,39.96,2.78,538141.0,4340068.0,47.7,2.1,47422276.0,97957997.0
850832.SI,20260714,LED,1825.64,1748.68,1877.13,1842.43,-19.11,-1.03,107892.0,1327876.0,171.15,2.51,16539282.0,27210279.0
850833.SI,20260714,光学元件,5498.66,5246.54,5702.46,5618.95,205.41,3.79,44502.0,1865232.0,107.19,8.18,24543435.0,41326352.0
850841.SI,20260714,其他电子Ⅲ,18867.75,18017.01,19819.48,19402.05,609.27,3.24,74097.0,2945555.0,68.62,6.55,26432464.0,49094794.0
850853.SI,20260714,品牌消费电子,3471.86,3379.41,3570.53,3470.78,-9.06,-0.26,9535.0,424776.0,31.16,3.55,10711955.0,27030329.0
850854.SI,20260714,消费电子零部件及组装,7841.04,7536.81,8145.7,8043.05,184.64,2.35,218860.0,8045857.0,39.97,5.0,129399102.0,333077808.0
850861.SI,20260714,电子化学品Ⅲ,13956.65,13284.92,14531.45,14253.14,384.13,2.77,106483.0,5024967.0,120.29,7.86,50700047.0,85999177.0
850912.SI,20260714,商用载货车,3361.63,3289.39,3436.98,3393.68,41.2,1.23,25837.0,216797.0,37.8,2.01,7709343.0,16978010.0
850913.SI,20260714,商用载客车,8591.66,8420.86,8695.78,8659.96,17.67,0.2,9040.0,107608.0,12.8,3.22,4674631.0,8141209.0
850922.SI,20260714,车身附件及饰件,10261.2,10068.62,10426.6,10358.89,51.86,0.5,33231.0,562631.0,17.62,2.05,22103174.0,42556909.0
850923.SI,20260714,底盘与发动机系统,6416.48,6259.05,6627.79,6575.36,131.98,2.05,117701.0,2040740.0,28.74,2.7,53448894.0,98288420.0
850924.SI,20260714,轮胎轮毂,3329.98,3286.49,3402.7,3375.21,23.55,0.7,26091.0,249902.0,16.05,1.42,9869166.0,22963432.0
850925.SI,20260714,其他汽车零部件,2646.6,2557.53,2714.75,2664.28,16.02,0.6,40250.0,861911.0,36.04,2.28,15605599.0,33554671.0
850926.SI,20260714,汽车电子电气系统,4323.52,4203.48,4419.16,4364.85,21.0,0.48,64231.0,768988.0,36.26,2.75,15480241.0,38832349.0
850935.SI,20260714,航海装备Ⅲ,3138.32,3020.03,3184.75,3088.53,-69.43,-2.2,39712.0,1068207.0,26.25,2.1,24674137.0,48786675.0
850936.SI,20260714,轨交设备Ⅲ,5326.59,5246.69,5430.11,5384.79,63.0,1.18,39346.0,327795.0,17.48,1.15,13121559.0,35054077.0
850952.SI,20260714,综合乘用车,5352.66,5317.32,5417.48,5407.79,47.86,0.89,19388.0,132453.0,17.34,0.64,8676984.0,31497245.0
851024.SI,20260714,通信网络设备及器件,52713.7,51417.5,56507.15,55849.6,3595.62,6.88,126893.0,15752616.0,89.21,16.86,238179442.0,353480359.0
851025.SI,20260714,通信线缆及配套,9662.49,9459.32,10278.61,10246.82,504.38,5.18,84518.0,4336349.0,76.7,6.29,39214673.0,67612799.0
851026.SI,20260714,通信终端及配件,2225.79,2130.96,2299.44,2256.86,39.54,1.78,42876.0,1467122.0,65.76,5.15,20168566.0,38316866.0
851027.SI,20260714,其他通信设备,1711.17,1630.75,1743.14,1711.59,-12.81,-0.74,8797.0,190733.0,81.01,3.64,3955238.0,7710059.0
851041.SI,20260714,垂直应用软件,4701.38,4513.5,4795.4,4685.0,-7.55,-0.16,136821.0,3168737.0,80.26,4.44,56564639.0,104381816.0
851042.SI,20260714,横向通用软件,22608.59,21624.45,22943.8,22329.47,-310.19,-1.37,62587.0,1297467.0,82.79,3.41,28737206.0,50518448.0
851112.SI,20260714,空调,39811.57,39630.75,40549.17,40261.73,436.64,1.1,11566.0,599091.0,11.18,2.12,54599228.0,81043683.0
851116.SI,20260714,冰洗,10860.74,10756.55,10992.86,10939.37,57.21,0.53,10104.0,119119.0,11.12,1.55,8997500.0,16647125.0
851122.SI,20260714,其他黑色家电,1845.77,1772.99,1869.78,1823.9,-54.49,-2.9,11309.0,124637.0,61.72,2.51,1856750.0,3495703.0
851131.SI,20260714,厨房小家电,3097.21,3050.63,3166.92,3132.74,56.04,1.82,7251.0,50271.0,23.22,2.54,1965955.0,7225291.0
851141.SI,20260714,厨房电器,11646.07,11431.59,11933.8,11750.59,28.33,0.24,3496.0,41110.0,19.23,1.47,1509168.0,3292493.0
851151.SI,20260714,照明设备Ⅲ,4303.44,4217.19,4534.24,4451.93,153.93,3.58,10926.0,178474.0,52.26,1.92,2672348.0,8374395.0
851161.SI,20260714,家电零部件Ⅲ,6844.86,6597.81,6940.29,6861.02,10.14,0.15,35534.0,756767.0,40.28,3.66,16890811.0,32434356.0
851232.SI,20260714,啤酒,3855.63,3827.19,3922.86,3895.73,32.81,0.85,6793.0,104156.0,17.4,2.55,4149758.0,11445956.0
851233.SI,20260714,其他酒类,3242.91,3163.53,3295.32,3231.67,4.32,0.13,7759.0,69329.0,43.21,2.09,2438287.0,5457601.0
851241.SI,20260714,肉制品,5243.91,5136.48,5327.95,5239.58,-28.45,-0.54,26195.0,138044.0,25.52,2.48,4040059.0,10909174.0
851242.SI,20260714,调味发酵品Ⅲ,5722.21,5653.06,5831.98,5731.44,-30.58,-0.53,18732.0,251925.0,26.27,3.24,12196221.0,32293994.0
851243.SI,20260714,乳品,7962.87,7947.16,8120.0,8091.9,100.1,1.25,25587.0,292341.0,15.19,2.48,17545448.0,23585122.0
851246.SI,20260714,预加工食品,3119.72,3047.98,3174.24,3132.73,33.08,1.07,4992.0,102397.0,20.26,1.68,3247968.0,5775967.0
851247.SI,20260714,保健品,914.88,905.59,945.34,936.98,24.89,2.73,16889.0,65546.0,32.41,1.7,2060905.0,5114200.0
851251.SI,20260714,白酒Ⅲ,34060.42,33910.68,34551.29,34285.96,168.6,0.49,15705.0,1135033.0,18.4,3.41,91724205.0,229320947.0
851271.SI,20260714,软饮料,2863.48,2798.88,2938.42,2876.04,27.07,0.95,9976.0,179806.0,22.96,3.86,6874665.0,17277799.0
851281.SI,20260714,零食,1531.74,1502.55,1565.69,1541.47,7.61,0.5,10725.0,120284.0,12.84,1.94,2711789.0,5741192.0
851282.SI,20260714,烘焙食品,934.96,905.57,952.14,927.7,-4.05,-0.43,5941.0,68141.0,24.81,1.86,1438430.0,3675657.0
851312.SI,20260714,棉纺,1778.34,1755.79,1856.43,1852.12,72.59,4.08,13185.0,94440.0,17.44,1.02,2094799.0,4367481.0
851314.SI,20260714,印染,1598.45,1575.17,1646.16,1641.76,59.65,3.77,4853.0,42289.0,16.77,1.36,631739.0,1594486.0
851315.SI,20260714,辅料,5097.02,4940.21,5238.87,5139.45,-25.36,-0.49,5144.0,129023.0,23.4,2.56,1168589.0,2223865.0
851316.SI,20260714,其他纺织,1631.33,1593.46,1675.31,1653.55,23.78,1.46,17196.0,124523.0,32.98,1.93,2762724.0,6295725.0
851325.SI,20260714,鞋帽及其他,881.51,848.87,897.49,880.36,1.72,0.2,8300.0,100376.0,86.18,3.34,1957827.0,4089484.0
851326.SI,20260714,家纺,1574.55,1552.98,1612.92,1592.31,15.61,0.99,3112.0,27044.0,19.35,1.87,1134331.0,2944200.0
851329.SI,20260714,非运动服装,1428.22,1413.69,1467.82,1455.52,24.12,1.68,46594.0,258527.0,21.72,1.36,8116784.0,21483886.0
851331.SI,20260714,钟表珠宝,1258.28,1246.21,1300.21,1292.28,25.93,2.05,15768.0,118088.0,17.34,1.74,3661450.0,9222979.0
851412.SI,20260714,大宗用纸,3151.63,3128.96,3243.7,3211.96,50.73,1.6,22615.0,106569.0,22.0,0.94,4616031.0,8445240.0
851413.SI,20260714,特种纸,1427.74,1402.81,1478.04,1455.69,31.66,2.22,27460.0,193477.0,39.06,1.61,2806401.0,6105875.0
851422.SI,20260714,印刷,3136.5,3114.04,3217.15,3196.38,37.3,1.18,1988.0,13055.0,47.0,2.7,562088.0,1092327.0
851423.SI,20260714,金属包装,1851.15,1827.91,1930.28,1914.87,55.24,2.97,16017.0,142181.0,32.33,2.1,2372483.0,5268344.0
851424.SI,20260714,塑料包装,3113.13,3045.57,3233.39,3197.25,88.15,2.84,10473.0,116556.0,20.81,2.69,2149754.0,4334217.0
851425.SI,20260714,纸包装,2047.26,2001.71,2108.89,2087.82,34.76,1.69,30522.0,268509.0,49.63,2.13,5597224.0,11474914.0
851436.SI,20260714,瓷砖地板,757.57,738.33,779.43,763.94,6.7,0.88,14295.0,141276.0,52.01,1.58,2333943.0,7722753.0
851437.SI,20260714,成品家居,1190.42,1168.17,1221.6,1200.87,7.53,0.63,20015.0,173086.0,22.47,1.76,3815043.0,9885644.0
851438.SI,20260714,定制家居,1362.95,1337.32,1395.79,1369.75,7.42,0.54,5943.0,78118.0,19.99,1.3,2231011.0,6140840.0
851439.SI,20260714,卫浴制品,414.84,411.33,425.88,423.17,9.02,2.18,3285.0,26630.0,43.39,1.4,810722.0,3108430.0
851452.SI,20260714,娱乐用品,1371.31,1339.2,1430.33,1422.2,55.66,4.07,7859.0,95765.0,81.0,3.48,2287808.0,5320882.0
851491.SI,20260714,其他家居用品,1389.09,1363.73,1424.93,1404.78,9.56,0.69,15167.0,162566.0,28.71,2.49,4394408.0,16784452.0
851511.SI,20260714,原料药,9840.93,9656.15,10280.35,10160.48,208.89,2.1,78209.0,1140782.0,48.82,2.53,15842483.0,33161964.0
851512.SI,20260714,化学制剂,8300.23,8098.77,8596.67,8486.5,161.33,1.94,303125.0,4731210.0,40.22,3.3,86770269.0,172334822.0
851521.SI,20260714,中药Ⅲ,5548.42,5450.77,5766.63,5679.08,71.76,1.28,195298.0,2062399.0,23.56,1.96,38938972.0,77361670.0
851522.SI,20260714,血液制品,5750.49,5709.09,5977.51,5902.51,132.73,2.3,16197.0,118977.0,29.9,1.27,4487314.0,9924732.0
851523.SI,20260714,疫苗,9362.31,9274.36,9726.71,9564.29,191.28,2.04,21119.0,326236.0,58.72,1.66,8695994.0,15732264.0
851524.SI,20260714,其他生物制品,9951.16,9771.39,10443.51,10314.24,315.29,3.15,41879.0,1080511.0,42.67,3.21,19200176.0,42830124.0
851532.SI,20260714,医疗设备,8017.16,7900.69,8237.52,8120.66,126.0,1.58,29632.0,854523.0,35.73,3.14,25696163.0,53862708.0
851533.SI,20260714,医疗耗材,5259.39,5192.15,5429.21,5369.08,112.42,2.14,33730.0,692752.0,34.62,2.23,19362568.0,41792059.0
851534.SI,20260714,体外诊断,6766.48,6679.26,7057.68,7002.84,224.64,3.31,22282.0,475831.0,38.23,1.62,12712055.0,26745544.0
851542.SI,20260714,医药流通,2482.93,2453.45,2586.85,2562.76,77.21,3.11,80896.0,508245.0,17.97,1.06,8002067.0,21729179.0
851543.SI,20260714,线下药店,10671.1,10606.53,11481.75,11265.43,561.8,5.25,12630.0,192657.0,17.57,1.73,3450696.0,7998866.0
851563.SI,20260714,医疗研发外包,14325.73,13990.12,15340.78,15253.93,796.59,5.51,63165.0,3035783.0,26.36,3.83,45282950.0,69822381.0
851564.SI,20260714,医院,3726.96,3690.61,3822.09,3797.49,84.56,2.28,51715.0,318264.0,39.37,3.23,9816626.0,18260837.0
851610.SI,20260714,电能综合服务,2747.39,2735.26,2811.06,2800.52,44.49,1.61,73214.0,245180.0,35.9,1.06,9396821.0,23332519.0
851611.SI,20260714,火力发电,2944.35,2916.71,3014.05,3000.91,32.67,1.1,199725.0,1261832.0,12.75,1.12,25271195.0,86929030.0
851612.SI,20260714,水力发电,5331.26,5296.05,5409.23,5376.8,40.78,0.76,48192.0,780033.0,19.2,2.53,37517547.0,124773554.0
851614.SI,20260714,热力服务,2272.43,2229.42,2344.04,2317.91,47.11,2.07,36407.0,298157.0,38.73,2.09,5651655.0,13038453.0
851616.SI,20260714,光伏发电,826.18,803.94,840.1,824.63,-9.09,-1.09,76643.0,391521.0,66.53,1.32,6795899.0,11767204.0
851617.SI,20260714,风力发电,1121.22,1110.3,1149.59,1142.0,18.11,1.61,69139.0,510216.0,40.06,1.32,11890951.0,69082406.0
851631.SI,20260714,燃气Ⅲ,3018.07,2921.63,3094.6,3032.17,22.93,0.76,62533.0,803621.0,22.97,1.8,9506816.0,24991191.0
851711.SI,20260714,港口,3694.8,3678.38,3799.11,3784.81,80.98,2.19,56277.0,239808.0,13.83,0.91,8179517.0,47303873.0
851721.SI,20260714,公交,2070.04,2035.75,2132.24,2122.82,61.35,2.98,6144.0,41308.0,61.12,1.25,1125331.0,2207255.0
851731.SI,20260714,高速公路,3023.1,3005.67,3112.68,3095.65,65.58,2.16,25139.0,148413.0,14.67,0.93,7997388.0,33239159.0
851741.SI,20260714,航空运输,1647.48,1639.43,1683.42,1682.62,14.94,0.9,56214.0,219910.0,25.36,2.69,12845012.0,36554823.0
851761.SI,20260714,航运,2412.84,2380.86,2477.23,2467.03,44.07,1.82,96225.0,827328.0,13.05,1.41,18338784.0,55340705.0
851771.SI,20260714,铁路运输,752.67,748.2,762.61,761.64,6.5,0.86,40473.0,201457.0,16.79,0.77,10784915.0,36683431.0
851782.SI,20260714,原材料供应链服务,2653.27,2633.13,2706.9,2685.17,26.0,0.98,20010.0,98140.0,17.53,0.51,5027989.0,10807081.0
851783.SI,20260714,中间产品及消费品供应链服务,947.2,922.79,976.26,955.59,9.73,1.03,7867.0,89717.0,62.38,2.28,1360743.0,2760485.0
851784.SI,20260714,快递,2199.16,2185.75,2263.87,2255.27,53.43,2.43,12025.0,211266.0,13.99,1.58,11369258.0,26098105.0
851785.SI,20260714,跨境物流,1292.57,1277.92,1329.35,1323.51,24.94,1.92,10027.0,79897.0,14.06,1.48,3767650.0,14674144.0
851786.SI,20260714,仓储物流,2965.29,2926.23,3034.41,3022.77,46.99,1.58,6399.0,74785.0,26.24,1.26,1768213.0,3390634.0
851787.SI,20260714,公路货运,2096.37,2066.09,2149.62,2129.93,27.77,1.32,4262.0,21295.0,31.87,1.0,844629.0,2181581.0
851811.SI,20260714,住宅开发,2045.04,1992.25,2084.71,2050.06,2.39,0.12,233473.0,1060615.0,15.31,0.71,27506498.0,55596258.0
851812.SI,20260714,商业地产,2166.65,2135.6,2217.3,2198.5,32.79,1.51,27474.0,126349.0,69.38,0.62,5143535.0,17004622.0
851813.SI,20260714,产业地产,2579.8,2464.5,2598.73,2500.01,58.72,2.41,15891.0,299579.0,39.85,1.69,4884185.0,12401336.0
851831.SI,20260714,物业管理,508.58,500.27,521.43,516.26,10.36,2.05,9219.0,39962.0,31.49,1.83,1298611.0,2821353.0
851922.SI,20260714,金融控股,2077.39,2056.6,2113.71,2100.62,15.93,0.76,23104.0,140028.0,19.75,0.79,4805353.0,19275634.0
851927.SI,20260714,资产管理,1887.24,1861.37,1935.11,1928.54,38.97,2.06,3602.0,33208.0,41.24,2.23,1402271.0,3813805.0
851931.SI,20260714,证券Ⅲ,6242.4,6127.51,6313.52,6278.51,18.66,0.3,306229.0,3578549.0,15.53,1.2,157536074.0,322091740.0
851941.SI,20260714,保险Ⅲ,1115.07,1091.53,1127.43,1123.25,8.9,0.8,33878.0,1192182.0,6.52,0.96,67243553.0,192921008.0
852021.SI,20260714,贸易Ⅲ,3858.92,3792.62,3960.89,3928.38,55.06,1.42,22026.0,131531.0,21.29,1.24,3814825.0,12201995.0
852031.SI,20260714,百货,1939.32,1897.54,1976.52,1951.67,29.57,1.54,45120.0,194625.0,145.25,1.18,5468512.0,11202782.0
852032.SI,20260714,超市,8097.42,7857.49,8231.09,8184.13,214.61,2.69,39150.0,200309.0,37.05,3.76,4590776.0,10323221.0
852033.SI,20260714,多业态零售,1585.9,1564.36,1621.01,1600.89,13.02,0.82,20633.0,111106.0,22.16,0.98,3261375.0,6298914.0
852034.SI,20260714,商业物业经营,2305.72,2250.53,2343.0,2308.0,18.31,0.8,36550.0,193292.0,27.33,1.24,6693806.0,16519979.0
852041.SI,20260714,专业连锁Ⅲ,3284.28,3223.39,3343.79,3316.24,49.66,1.52,7978.0,67248.0,54.73,2.51,2401861.0,4206567.0
852062.SI,20260714,跨境电商,609.61,594.16,632.75,626.49,15.19,2.49,11261.0,113422.0,36.52,3.98,2285209.0,4520757.0
852063.SI,20260714,电商服务,2166.08,2095.47,2204.1,2170.5,6.58,0.3,9045.0,99868.0,97.55,2.84,2129343.0,3730172.0
852111.SI,20260714,人工景区,25729.89,25488.61,26156.52,25914.6,237.78,0.93,6230.0,58076.0,32.79,1.77,1755764.0,3141725.0
852112.SI,20260714,自然景区,1957.84,1938.59,2006.58,1996.89,38.71,1.98,10546.0,99452.0,38.05,2.45,2754305.0,5886617.0
852121.SI,20260714,酒店,2080.07,2051.83,2100.37,2087.87,23.78,1.15,4798.0,52969.0,18.71,1.16,1742981.0,3847512.0
852131.SI,20260714,旅游综合,10027.21,9811.97,10236.35,10145.64,78.15,0.78,8993.0,54636.0,83.83,2.88,1492328.0,2964997.0
852182.SI,20260714,检测服务,4398.89,4286.82,4516.62,4458.36,94.8,2.17,22434.0,351575.0,34.78,3.01,6859836.0,13908096.0
852183.SI,20260714,会展服务,1688.71,1643.88,1731.8,1683.34,-23.29,-1.36,1734.0,17194.0,26.11,1.67,495534.0,1308890.0
852213.SI,20260714,通信工程及服务,827.16,783.29,843.71,809.12,-27.17,-3.25,24647.0,339743.0,620.03,3.28,5234536.0,8336792.0
852214.SI,20260714,通信应用增值服务,2547.41,2331.89,2583.82,2445.02,-117.66,-4.59,55873.0,1055707.0,50.54,4.56,13365568.0,25077961.0
852226.SI,20260714,IT服务Ⅲ,4171.23,3914.81,4234.54,4087.74,-73.43,-1.76,308106.0,5722065.0,110.36,3.27,76448894.0,127362359.0
852311.SI,20260714,综合Ⅲ,4367.74,4272.81,4593.85,4501.76,75.5,1.71,62402.0,614995.0,99.02,2.93,10430707.0,20852743.0
857111.SI,20260714,水泥制造,3822.01,3757.47,3880.72,3846.49,7.6,0.2,23404.0,230492.0,18.15,0.59,8573073.0,19133302.0
857112.SI,20260714,水泥制品,795.57,780.8,822.49,818.94,14.38,1.79,7720.0,35310.0,228.69,1.59,965039.0,1986400.0
857121.SI,20260714,玻璃制造,2817.78,2774.72,2906.7,2893.83,75.9,2.69,29216.0,144893.0,183.09,1.22,2665332.0,4977277.0
857122.SI,20260714,玻纤制造,106860.87,105995.66,118167.59,116838.98,9589.35,8.94,70746.0,2918205.0,68.09,6.73,23453658.0,73610997.0
857221.SI,20260714,装修装饰Ⅲ,3971.32,3833.75,4075.13,3985.8,18.23,0.46,42084.0,358274.0,69.88,2.43,5007275.0,10823291.0
857236.SI,20260714,基建市政工程,1555.49,1543.64,1585.02,1577.18,16.57,1.06,90798.0,390387.0,8.36,0.44,21582730.0,61237768.0
857241.SI,20260714,钢结构,2190.74,2094.7,2225.53,2167.29,21.57,1.01,13543.0,81362.0,26.04,1.12,2609978.0,5492899.0
857242.SI,20260714,化学工程,1229.25,1216.32,1258.35,1254.21,29.22,2.39,10989.0,87833.0,9.47,0.87,3566806.0,7260815.0
857243.SI,20260714,国际工程,1171.59,1161.49,1188.51,1185.29,10.18,0.87,7345.0,54662.0,11.13,0.83,1768158.0,4654089.0
857244.SI,20260714,其他专业工程,2640.63,2538.69,2736.98,2657.91,23.68,0.9,38111.0,748469.0,65.69,1.38,8932049.0,22564356.0
857251.SI,20260714,园林工程,5216.12,5075.08,5381.76,5322.74,74.78,1.42,32084.0,108241.0,1161.99,2.39,2188254.0,4141252.0
857261.SI,20260714,工程咨询服务Ⅲ,2157.21,2060.15,2206.16,2176.77,24.86,1.16,64176.0,1105256.0,47.43,1.96,9562584.0,20481293.0
857321.SI,20260714,电网自动化设备,7613.23,7379.16,7734.84,7666.13,51.99,0.68,33185.0,659345.0,28.25,3.42,22445334.0,45836242.0
857323.SI,20260714,电工仪器仪表,7785.96,7623.82,8024.91,7972.38,152.42,1.95,17530.0,222711.0,30.44,1.92,3846261.0,8201933.0
857334.SI,20260714,火电设备,3665.73,3581.13,3786.88,3714.05,41.06,1.12,4895.0,43737.0,24.41,1.9,1148616.0,2339415.0
857336.SI,20260714,其他电源设备Ⅲ,2157.07,2080.35,2259.83,2227.37,75.93,3.53,44350.0,1989165.0,95.3,4.89,25078713.0,47296457.0
857344.SI,20260714,线缆部件及其他,12041.25,11736.97,12436.1,12349.86,299.94,2.49,90568.0,1111521.0,50.3,3.07,17082781.0,32837190.0
857352.SI,20260714,光伏电池组件,883.63,862.63,900.74,896.31,9.06,1.02,76034.0,733606.0,130.96,2.05,20372188.0,37326971.0
857354.SI,20260714,光伏辅材,794.97,768.17,810.62,796.59,7.97,1.01,21913.0,408996.0,61.83,2.21,8101825.0,16393813.0
857355.SI,20260714,光伏加工设备,2232.66,2133.3,2286.81,2219.18,-7.2,-0.32,10795.0,735266.0,46.97,3.9,14392102.0,29682549.0
857362.SI,20260714,风电零部件,6717.2,6513.92,6869.33,6785.72,61.12,0.91,33946.0,586043.0,33.25,1.72,11187748.0,21849631.0
857371.SI,20260714,锂电池,26412.42,26263.07,27415.23,27348.28,603.29,2.26,78119.0,4178469.0,23.57,3.92,135047023.0,228693172.0
857372.SI,20260714,电池化学品,15595.05,15193.59,15898.73,15755.21,205.2,1.32,82483.0,2193729.0,38.03,2.42,47777411.0,79557279.0
857373.SI,20260714,锂电专用设备,15777.98,15319.24,16111.99,15926.94,178.57,1.13,13396.0,398785.0,44.77,3.32,9624525.0,18200491.0
857375.SI,20260714,蓄电池及其他电池,1703.96,1660.33,1740.27,1732.85,25.1,1.47,12751.0,206343.0,36.22,2.37,3645248.0,7802272.0
857381.SI,20260714,输变电设备,7055.18,6797.5,7176.38,7113.7,56.58,0.8,50953.0,1041728.0,27.64,2.6,31127460.0,51273416.0
857382.SI,20260714,配电设备,2148.31,2105.86,2213.28,2195.91,45.53,2.12,28457.0,373510.0,23.3,1.78,8598207.0,18189175.0
857411.SI,20260714,航天装备Ⅲ,32257.6,30235.56,32786.57,30553.25,-3135.74,-9.31,36375.0,1099552.0,448.24,5.59,13496993.0,43815402.0
857421.SI,20260714,航空装备Ⅲ,8009.38,7768.54,8127.65,8010.97,-50.86,-0.63,64732.0,1633781.0,63.01,3.01,42693263.0,87332145.0
857431.SI,20260714,地面兵装Ⅲ,14082.89,13478.06,14175.82,13867.28,-255.64,-1.81,27938.0,345203.0,103.06,2.69,5911733.0,12125726.0
857451.SI,20260714,军工电子Ⅲ,6418.75,5982.05,6521.22,6252.03,-179.45,-2.79,130979.0,3873150.0,96.67,4.51,50016161.0,105444895.0
857641.SI,20260714,游戏Ⅲ,2796.99,2660.68,2827.91,2747.48,-60.35,-2.15,104506.0,1654004.0,23.53,3.11,31698197.0,46626539.0
857651.SI,20260714,营销代理,2146.44,2036.74,2181.22,2119.18,-30.1,-1.4,111025.0,975830.0,171.33,3.55,13035315.0,17192951.0
857661.SI,20260714,影视动漫制作,1041.7,1004.61,1060.57,1036.12,-8.8,-0.84,59197.0,383651.0,186.71,2.38,6803046.0,13312597.0
857674.SI,20260714,门户网站,1353.48,1316.16,1375.89,1358.28,14.82,1.1,6854.0,90049.0,82.91,3.48,2091956.0,4770669.0
857691.SI,20260714,教育出版,171.7,170.52,174.98,173.54,1.77,1.03,9898.0,79361.0,12.81,1.14,3110439.0,11070775.0
857692.SI,20260714,大众出版,1810.74,1758.16,1840.95,1805.33,-5.76,-0.32,17812.0,194949.0,41.64,1.75,4778242.0,12766411.0
857821.SI,20260714,国有大型银行Ⅲ,1885.07,1866.53,1901.54,1890.88,-7.58,-0.4,170214.0,1161475.0,7.19,0.6,72051506.0,653580927.0
857831.SI,20260714,股份制银行Ⅲ,4001.63,3970.98,4032.69,4022.24,7.12,0.18,117986.0,989038.0,5.35,0.42,94894722.0,239483014.0
857841.SI,20260714,城商行Ⅲ,1012.61,1004.02,1026.33,1020.92,4.54,0.45,101881.0,838253.0,5.74,0.51,60120000.0,120815702.0
857851.SI,20260714,农商行Ⅲ,739.85,735.66,753.96,749.66,7.61,1.03,42044.0,194411.0,5.6,0.52,14075486.0,23472033.0
858811.SI,20260714,其他运输设备,1444.27,1427.04,1488.05,1469.05,32.93,2.29,3071.0,49544.0,18.71,2.16,1321926.0,3438966.0
858812.SI,20260714,摩托车,4095.7,4023.48,4206.36,4168.41,70.52,1.72,7135.0,193719.0,24.84,3.11,6599795.0,14697628.0
859511.SI,20260714,动力煤,1968.32,1960.77,2069.09,2038.38,70.85,3.6,70365.0,1014669.0,16.83,1.8,31327015.0,150429551.0
859512.SI,20260714,焦煤,4101.74,4076.28,4281.98,4244.22,164.63,4.04,38700.0,290959.0,34.16,0.86,8928714.0,22819273.0
859521.SI,20260714,焦炭Ⅲ,1029.85,1025.57,1081.74,1072.87,42.14,4.09,30590.0,91400.0,537.14,1.16,2340168.0,4517136.0
859621.SI,20260714,油田服务,699.75,689.06,724.46,718.26,33.38,4.87,61112.0,343307.0,21.18,1.93,3149174.0,11761795.0
859622.SI,20260714,油气及炼化工程,2973.52,2930.28,3155.78,3131.15,229.23,7.9,49623.0,463587.0,29.81,1.27,3066531.0,6697936.0
859631.SI,20260714,炼油化工,3057.55,3030.19,3172.16,3163.46,127.34,4.19,118968.0,947361.0,16.87,1.14,25920212.0,250178677.0
859632.SI,20260714,油品石化贸易,5877.36,5815.65,6073.97,6031.56,257.61,4.46,24240.0,172730.0,35.05,1.64,3087311.0,6099773.0
859633.SI,20260714,其他石化,2264.38,2206.11,2361.84,2327.18,67.88,3.0,32081.0,239372.0,29.56,1.36,6035009.0,10616782.0
859711.SI,20260714,大气治理,2378.37,2341.0,2458.73,2410.27,-1.05,-0.04,3372.0,33289.0,123.93,2.82,609878.0,1422989.0
859712.SI,20260714,水务及水治理,1284.28,1263.4,1327.55,1314.98,23.25,1.8,57683.0,464791.0,20.97,1.07,11868705.0,27063359.0
859713.SI,20260714,固废治理,2130.87,2094.74,2210.71,2187.73,59.98,2.82,53866.0,505037.0,19.45,1.64,13403587.0,30867283.0
859714.SI,20260714,综合环境治理,1540.19,1502.71,1595.25,1561.49,38.7,2.54,22195.0,169002.0,67.7,2.21,3769427.0,6643168.0
859721.SI,20260714,环保设备Ⅲ,2134.32,2060.63,2201.66,2152.94,10.69,0.5,34817.0,505799.0,39.91,2.34,8216838.0,15838780.0
859811.SI,20260714,生活用纸,1102.39,1084.2,1130.34,1122.03,20.72,1.88,5925.0,85728.0,25.03,1.76,1838234.0,4922706.0
859821.SI,20260714,化妆品制造及其他,2196.64,2169.6,2291.61,2278.29,77.52,3.52,4175.0,34046.0,49.27,2.41,954285.0,1792531.0
859822.SI,20260714,品牌化妆品,6642.24,6561.28,6779.03,6724.18,74.65,1.12,6044.0,128196.0,24.28,2.4,3080328.0,8902989.0
859852.SI,20260714,培训教育,473.45,463.66,490.17,484.89,11.13,2.35,25509.0,125426.0,64.86,6.45,3465835.0,5542272.0
859951.SI,20260714,电视广播Ⅲ,911.07,897.86,932.89,922.57,10.63,1.17,34119.0,165839.0,58.86,1.01,5914140.0,12769411.0
801001.SI,20260715,申万50,4110.86,4052.69,4127.46,4057.54,-44.25,-1.08,777378.0,49633991.0,26.69,3.71,1213552937.0,2448062641.0
801002.SI,20260715,申万中小,8312.09,8230.38,8378.63,8255.56,-42.9,-0.52,2714074.0,48484956.0,32.58,2.76,822161861.0,1514618543.0
801003.SI,20260715,申万Ａ指,4812.55,4757.29,4833.4,4768.02,-36.81,-0.77,12641873.0,256731995.0,23.69,2.16,4811725061.0,11122690501.0
801005.SI,20260715,申万创业,4240.69,4155.37,4263.52,4169.23,-48.93,-1.16,2028498.0,59313445.0,45.48,4.84,909502963.0,1944404651.0
801010.SI,20260715,农林牧渔,2322.95,2322.95,2407.64,2392.73,53.08,2.27,213452.0,1798338.0,39.11,2.15,54442682.0,116020146.0
801012.SI,20260715,农产品加工,1984.17,1968.29,2055.72,2026.98,29.43,1.47,24185.0,219509.0,37.3,1.84,7042563.0,25954220.0
801014.SI,20260715,饲料,3416.57,3388.44,3589.68,3541.55,109.58,3.19,39493.0,302030.0,46.78,2.01,9800515.0,20356175.0
801015.SI,20260715,渔业,638.25,629.51,658.94,651.52,24.13,3.85,11730.0,41986.0,136.3,2.23,945236.0,1564156.0
801016.SI,20260715,种植业,2105.78,2079.57,2178.37,2155.14,22.66,1.06,55175.0,329084.0,34.75,2.04,6729285.0,13373706.0
801017.SI,20260715,养殖业,2552.76,2543.71,2674.38,2639.68,64.57,2.51,64039.0,744311.0,35.65,2.36,25081578.0,46753373.0
801018.SI,20260715,动物保健Ⅱ,4229.33,4199.54,4419.1,4339.12,96.59,2.28,7758.0,98439.0,42.53,1.95,3175343.0,5397052.0
801030.SI,20260715,基础化工,4291.41,4255.27,4314.72,4266.8,-20.34,-0.47,729880.0,10969225.0,28.69,2.17,216506529.0,447768806.0
801032.SI,20260715,化学纤维,4268.83,4193.05,4418.02,4316.79,44.11,1.03,55129.0,379826.0,37.82,1.64,9476768.0,25262859.0
801033.SI,20260715,化学原料,3158.25,3093.33,3247.88,3169.61,3.76,0.12,148497.0,1559655.0,29.28,1.67,33395448.0,74352215.0
801034.SI,20260715,化学制品,6530.5,6356.05,6701.86,6510.92,-36.77,-0.56,241601.0,4549571.0,27.77,2.23,83134157.0,168506027.0
801036.SI,20260715,塑料,5189.52,4955.86,5309.92,5026.52,-120.77,-2.35,101072.0,2139653.0,65.18,3.46,34709301.0,70728967.0
801037.SI,20260715,橡胶,4994.13,4775.41,5080.97,4849.5,-121.52,-2.44,17311.0,293412.0,60.03,2.69,5476982.0,11750338.0
801038.SI,20260715,农化制品,4713.76,4638.52,4863.16,4766.41,65.8,1.4,158658.0,1594579.0,18.73,2.0,44520151.0,84549959.0
801039.SI,20260715,非金属材料Ⅱ,7365.47,6822.64,7477.01,6860.48,-405.42,-5.58,7612.0,452529.0,62.19,3.79,5793722.0,12618441.0
801040.SI,20260715,钢铁,2117.01,2114.59,2166.55,2150.93,29.22,1.38,230862.0,865150.0,28.53,0.96,27783997.0,81822559.0
801043.SI,20260715,冶钢原料,3116.17,3066.24,3191.24,3132.43,19.47,0.63,28980.0,224981.0,43.43,1.74,5933976.0,16370185.0
801044.SI,20260715,普钢,1993.06,1980.89,2061.34,2027.55,30.22,1.51,172871.0,460581.0,35.79,0.76,14981718.0,46333359.0
801045.SI,20260715,特钢Ⅱ,3613.06,3572.52,3743.05,3695.1,63.08,1.74,29011.0,179588.0,16.41,1.18,6868303.0,19119015.0
801050.SI,20260715,有色金属,7934.93,7730.32,7934.93,7740.05,-168.9,-2.14,627225.0,12654129.0,19.89,2.97,246087562.0,462339497.0
801051.SI,20260715,金属新材料,10052.12,9617.31,10240.94,9737.71,-234.08,-2.35,51398.0,1061840.0,69.73,4.22,18481645.0,36718975.0
801053.SI,20260715,贵金属,21676.6,20978.27,22036.6,21175.66,-650.8,-2.98,54205.0,1123747.0,19.39,3.36,23441647.0,42890073.0
801054.SI,20260715,小金属,38331.95,36000.16,38562.32,36205.0,-1772.49,-4.67,85411.0,3404826.0,50.51,5.06,49049150.0,115779316.0
801055.SI,20260715,工业金属,3094.4,3021.35,3150.34,3066.36,-23.18,-0.75,402594.0,5567306.0,14.6,2.59,128690641.0,227594699.0
801056.SI,20260715,能源金属,17358.35,16639.81,17565.86,16733.78,-526.44,-3.05,33615.0,1496409.0,25.04,2.22,26424480.0,39356434.0
801072.SI,20260715,通用设备,8572.53,8211.1,8867.21,8455.09,-104.26,-1.22,319518.0,6957962.0,70.22,4.13,103183008.0,226313103.0
801074.SI,20260715,专用设备,12310.47,11769.18,12581.05,11990.57,-275.95,-2.25,208723.0,3886816.0,43.72,3.23,79221198.0,162959245.0
801076.SI,20260715,轨交设备Ⅱ,5401.81,5325.81,5521.21,5443.48,55.34,1.03,54054.0,368648.0,17.66,1.16,13247199.0,35356024.0
801077.SI,20260715,工程机械,21520.0,21285.93,22489.77,21948.71,426.68,1.98,67326.0,833517.0,19.27,1.93,36569222.0,71394511.0
801078.SI,20260715,自动化设备,22957.49,21913.86,23367.51,22250.17,-561.29,-2.46,90573.0,5103771.0,85.21,6.3,81485583.0,135185300.0
801080.SI,20260715,电子,10616.2,9976.29,10616.2,10009.07,-482.88,-4.6,1688778.0,81911411.0,88.42,7.42,1056447990.0,2143581179.0
801081.SI,20260715,半导体,12665.26,11662.13,12828.2,11826.62,-691.81,-5.53,477661.0,45836405.0,135.91,10.63,587508144.0,1172077459.0
801082.SI,20260715,其他电子Ⅱ,19577.38,18255.2,19930.18,18394.94,-960.49,-4.96,66462.0,2527649.0,65.05,6.21,25120790.0,46746488.0
801083.SI,20260715,元件,25852.26,24522.22,26520.05,24831.8,-614.79,-2.42,200380.0,15464914.0,88.17,10.94,175449560.0,335368812.0
801084.SI,20260715,光学光电子,2045.95,1911.69,2067.44,1934.38,-105.04,-5.15,643821.0,6656324.0,63.59,2.59,83944790.0,157378332.0
801085.SI,20260715,消费电子,11066.41,10520.49,11199.39,10641.81,-306.01,-2.8,200756.0,6951763.0,38.04,4.71,136195118.0,350363002.0
801086.SI,20260715,电子化学品Ⅱ,14491.94,13401.07,14750.92,13558.61,-694.51,-4.87,99699.0,4474356.0,114.41,7.47,48229589.0,81647086.0
801092.SI,20260715,汽车服务,422.83,419.11,434.62,428.16,2.49,0.58,10739.0,63288.0,39.23,1.65,2241094.0,5125968.0
801093.SI,20260715,汽车零部件,7264.6,7047.27,7450.2,7231.5,-32.0,-0.44,278314.0,4549248.0,25.02,2.31,115996315.0,235650417.0
801095.SI,20260715,乘用车,14029.86,13987.48,14615.83,14394.69,327.06,2.32,46581.0,955853.0,25.16,1.64,35953901.0,94420031.0
801096.SI,20260715,商用车,6476.07,6440.08,6706.66,6591.01,90.81,1.4,38043.0,333499.0,21.66,2.38,12556985.0,25449250.0
801101.SI,20260715,计算机设备,2972.92,2901.24,3056.94,2954.56,-31.33,-1.05,116399.0,3900591.0,39.88,3.67,66145392.0,124870836.0
801102.SI,20260715,通信设备,11732.17,11318.66,11967.31,11424.86,-256.41,-2.2,227597.0,18078096.0,83.41,11.63,294946065.0,457661858.0
801103.SI,20260715,IT服务Ⅱ,4678.74,4573.81,4812.79,4670.35,-27.6,-0.59,260916.0,4515645.0,109.8,3.25,76101853.0,126501239.0
801104.SI,20260715,软件开发,5482.81,5383.23,5696.67,5550.12,54.82,1.0,203633.0,4638420.0,82.1,4.07,86176554.0,156689511.0
801110.SI,20260715,家用电器,8466.85,8448.51,8583.35,8580.68,105.3,1.24,127763.0,2146118.0,14.72,2.21,101502446.0,179281468.0
801111.SI,20260715,白色家电,18555.82,18457.09,18994.26,18960.08,364.21,1.96,26218.0,740086.0,11.39,2.06,64842312.0,99648042.0
801112.SI,20260715,黑色家电,2026.54,1974.34,2066.21,2022.16,-3.93,-0.19,39464.0,354934.0,30.83,2.18,8207566.0,14870712.0
801113.SI,20260715,小家电,3782.02,3730.06,3938.53,3879.16,78.12,2.06,10841.0,206800.0,22.49,2.35,6490091.0,18620084.0
801114.SI,20260715,厨卫电器,7452.54,7365.66,7754.95,7697.89,199.41,2.66,6146.0,63293.0,20.57,1.46,1985582.0,4764846.0
801115.SI,20260715,照明设备Ⅱ,4455.88,4349.51,4555.92,4419.49,-32.45,-0.73,10611.0,132938.0,52.54,1.93,2652867.0,8289646.0
801116.SI,20260715,家电零部件Ⅱ,6887.72,6695.12,6979.78,6798.44,-62.57,-0.91,32029.0,634863.0,39.93,3.62,16736769.0,32143654.0
801120.SI,20260715,食品饮料,13164.92,13164.92,13754.57,13737.48,455.88,3.43,202815.0,4319772.0,19.62,3.11,154204422.0,364838478.0
801124.SI,20260715,食品加工,12278.57,12160.05,12909.79,12818.07,489.57,3.97,50003.0,377462.0,25.43,2.03,9714993.0,22561622.0
801125.SI,20260715,白酒Ⅱ,33929.95,33768.87,35797.94,35606.57,1320.61,3.85,34691.0,2324727.0,19.11,3.54,95257188.0,238064945.0
801126.SI,20260715,非白酒,3256.96,3228.51,3392.04,3356.79,86.45,2.64,17161.0,235627.0,22.93,2.42,6762200.0,17352574.0
801127.SI,20260715,饮料乳品,6678.47,6606.22,6946.47,6870.74,156.55,2.33,37313.0,581616.0,17.18,2.82,24989517.0,41812721.0
801128.SI,20260715,休闲食品,1560.61,1547.32,1637.93,1618.96,47.08,3.0,20448.0,243256.0,17.86,1.91,4958783.0,11856668.0
801129.SI,20260715,调味发酵品Ⅱ,6476.2,6443.03,6824.08,6719.67,174.69,2.67,43199.0,557084.0,26.97,3.33,12521741.0,33189947.0
801130.SI,20260715,纺织服饰,1494.17,1492.3,1517.54,1509.31,12.83,0.86,131780.0,1033766.0,23.95,1.68,24139266.0,59331378.0
801131.SI,20260715,纺织制造,1642.15,1612.51,1703.52,1665.25,21.79,1.33,39074.0,372256.0,21.87,1.55,7195811.0,18362635.0
801132.SI,20260715,服装家纺,1482.43,1454.77,1525.05,1489.29,5.54,0.37,65299.0,510258.0,27.55,1.74,12909737.0,31130022.0
801133.SI,20260715,饰品,1268.2,1254.05,1308.16,1294.76,20.2,1.58,27407.0,151252.0,19.15,1.73,4033718.0,9838721.0
801140.SI,20260715,轻工制造,2015.38,2015.38,2054.95,2039.04,18.29,0.91,183713.0,1510808.0,30.68,1.72,36662987.0,91598238.0
801141.SI,20260715,包装印刷,2688.61,2655.68,2783.68,2723.29,34.0,1.26,65751.0,527912.0,36.91,2.22,11661402.0,23891359.0
801142.SI,20260715,家居用品,1548.57,1518.28,1598.62,1563.0,9.51,0.61,59076.0,578086.0,27.33,1.74,13668329.0,43960176.0
801143.SI,20260715,造纸,1987.79,1971.96,2051.77,2026.09,23.87,1.19,48381.0,275736.0,26.62,1.13,7517323.0,14677405.0
801145.SI,20260715,文娱用品,1586.76,1559.71,1631.66,1590.41,4.82,0.3,10506.0,129075.0,38.98,2.77,3815932.0,9069298.0
801150.SI,20260715,医药生物,7682.34,7682.34,8106.1,7985.5,261.7,3.39,1182318.0,22459541.0,34.12,2.64,311566505.0,618347065.0
801151.SI,20260715,化学制药,11987.2,11896.09,12957.14,12580.1,494.98,4.1,465385.0,9102804.0,42.96,3.29,106831843.0,215077271.0
801152.SI,20260715,生物制品,5444.81,5407.28,5794.19,5631.7,136.61,2.49,102924.0,2222290.0,44.34,2.23,33188558.0,70306860.0
801153.SI,20260715,医疗器械,5588.88,5518.58,5837.27,5713.43,134.21,2.41,102781.0,2474629.0,36.81,2.39,59160474.0,125298504.0
801154.SI,20260715,医药商业,4459.41,4434.62,4665.8,4583.42,56.34,1.24,96475.0,799309.0,18.05,1.21,11595295.0,30101798.0
801155.SI,20260715,中药Ⅱ,5615.31,5584.03,5893.72,5810.62,129.65,2.28,234917.0,2387342.0,24.1,2.01,39827613.0,79010047.0
801156.SI,20260715,医疗服务,7295.05,7252.18,7848.51,7639.43,348.54,4.78,179835.0,5473167.0,30.56,3.71,60962723.0,98552585.0
801160.SI,20260715,公用事业,2421.81,2421.47,2457.08,2450.86,16.43,0.67,586654.0,4291359.0,20.78,1.56,115372819.0,400265240.0
801161.SI,20260715,电力,3187.72,3157.56,3254.26,3224.16,20.74,0.65,533667.0,3634213.0,20.58,1.54,105772999.0,374982585.0
801163.SI,20260715,燃气Ⅱ,3008.96,2966.71,3127.6,3063.77,29.68,0.98,52988.0,657146.0,23.19,1.82,9599819.0,25282655.0
801170.SI,20260715,交通运输,1988.39,1985.06,2019.99,2018.76,22.34,1.12,357771.0,2462684.0,16.38,1.16,87757038.0,283456213.0
801178.SI,20260715,物流,4052.92,3977.2,4153.23,4103.08,38.37,0.94,70853.0,704364.0,16.43,1.09,24366324.0,60495261.0
801179.SI,20260715,铁路公路,1455.51,1443.83,1484.21,1473.74,12.2,0.83,79054.0,419942.0,16.65,0.85,20073760.0,72420264.0
801180.SI,20260715,房地产,1835.67,1835.64,1880.91,1857.56,8.57,0.46,396726.0,1918868.0,19.55,0.77,39910007.0,90747871.0
801181.SI,20260715,房地产开发,2128.68,2082.96,2211.11,2152.65,8.03,0.37,370577.0,1832316.0,18.9,0.75,37674755.0,85849490.0
801183.SI,20260715,房地产服务,699.99,693.83,727.22,716.26,13.95,1.99,26149.0,86552.0,46.03,1.37,2235253.0,4898381.0
801191.SI,20260715,多元金融,1104.99,1094.12,1144.09,1128.02,29.69,2.7,88584.0,559567.0,20.23,1.19,14704555.0,45100991.0
801193.SI,20260715,证券Ⅱ,6258.42,6237.07,6486.07,6426.53,154.36,2.46,402189.0,4790632.0,15.91,1.23,161413000.0,330314744.0
801194.SI,20260715,保险Ⅱ,1122.83,1118.19,1164.65,1156.67,33.98,3.03,49291.0,1635762.0,6.72,0.99,69278622.0,199921682.0
801200.SI,20260715,商贸零售,1679.44,1679.44,1756.71,1744.38,56.55,3.35,294579.0,2036595.0,33.39,1.59,38216937.0,85025108.0
801202.SI,20260715,贸易Ⅱ,3913.8,3881.61,4042.01,3977.37,26.98,0.68,21170.0,133799.0,21.3,1.24,3860364.0,12356874.0
801203.SI,20260715,一般零售,2533.03,2511.76,2674.15,2625.79,76.74,3.01,211172.0,1069867.0,37.24,1.41,20616991.0,45709289.0
801204.SI,20260715,专业连锁Ⅱ,3314.49,3290.88,3475.29,3424.56,108.33,3.27,11526.0,99681.0,56.46,2.59,2480324.0,4343672.0
801206.SI,20260715,互联网电商,9465.85,9340.09,9990.43,9781.2,334.77,3.54,40575.0,335937.0,32.76,2.37,5948746.0,11130407.0
801210.SI,20260715,社会服务,6829.09,6829.09,6991.42,6945.58,92.06,1.34,113159.0,978666.0,37.54,2.4,22638659.0,44835647.0
801218.SI,20260715,专业服务,5670.7,5538.85,5878.28,5703.01,54.47,0.96,32038.0,443170.0,28.14,2.38,9031503.0,19452058.0
801219.SI,20260715,酒店餐饮,1337.29,1328.36,1395.8,1382.42,40.27,3.0,9072.0,88428.0,25.09,1.46,2367288.0,5047194.0
801223.SI,20260715,通信服务,2066.9,2041.53,2117.67,2079.41,-0.41,-0.02,94893.0,1198614.0,25.34,1.68,35989579.0,100278888.0
801230.SI,20260715,综合,4488.08,4386.55,4509.29,4439.84,-72.46,-1.61,49114.0,448077.0,97.43,2.89,10263848.0,20486075.0
801231.SI,20260715,综合Ⅱ,4484.48,4340.56,4564.72,4436.28,-72.4,-1.61,49114.0,448077.0,97.43,2.89,10263848.0,20486075.0
801250.SI,20260715,申万制造,8279.73,7984.56,8279.78,8004.19,-222.01,-2.7,4070082.0,148703166.0,49.52,6.07,2410132301.0,4651985638.0
801260.SI,20260715,申万消费,5644.96,5644.96,5855.66,5820.33,144.45,2.55,1812568.0,28830402.0,20.36,3.12,671064786.0,1450253551.0
801270.SI,20260715,申万投资,4062.15,4018.31,4071.26,4024.76,-40.26,-0.99,2545790.0,32876925.0,20.04,2.38,668287747.0,1691500842.0
801280.SI,20260715,申万服务,2483.09,2483.09,2532.04,2531.01,39.52,1.59,4164320.0,45873425.0,11.31,1.45,1201013513.0,3308499461.0
801300.SI,20260715,申万300指数,3715.43,3655.13,3719.51,3659.42,-46.1,-1.24,2794559.0,118484898.0,22.56,2.52,2466692089.0,5554644660.0
801710.SI,20260715,建筑材料,6646.22,6498.75,6668.72,6516.85,-113.91,-1.72,171711.0,3244899.0,38.54,1.6,46583754.0,119704136.0
801711.SI,20260715,水泥,3806.24,3753.79,3952.4,3886.97,89.3,2.35,37406.0,309479.0,20.48,0.64,9762392.0,21613136.0
801712.SI,20260715,玻璃玻纤,25507.74,24123.36,26010.8,24289.51,-1101.7,-4.34,88176.0,2470591.0,70.18,4.27,24985712.0,74659201.0
801713.SI,20260715,装修建材,4295.46,4220.29,4450.16,4341.54,34.76,0.81,46129.0,464830.0,33.93,1.69,11835650.0,23431799.0
801720.SI,20260715,建筑装饰,1957.41,1953.73,1973.5,1962.07,6.87,0.35,369659.0,2972826.0,13.33,0.7,62794577.0,163402892.0
801721.SI,20260715,房屋建设Ⅱ,2785.23,2763.87,2835.77,2813.19,17.02,0.61,60444.0,234523.0,7.54,0.44,7401731.0,26204314.0
801722.SI,20260715,装修装饰Ⅱ,3998.89,3902.84,4135.1,4018.95,29.23,0.73,41437.0,322211.0,70.39,2.45,5043953.0,10904974.0
801723.SI,20260715,基础建设,2015.67,2003.58,2070.18,2055.54,34.77,1.72,139423.0,576726.0,9.31,0.48,24179973.0,66404197.0
801724.SI,20260715,专业工程,1863.82,1807.25,1921.27,1851.57,-8.68,-0.47,74236.0,940220.0,21.62,1.11,16798202.0,39692230.0
801726.SI,20260715,工程咨询服务Ⅱ,2203.13,2088.22,2258.03,2133.09,-43.68,-2.01,54119.0,899146.0,46.19,1.91,9370718.0,20197177.0
801730.SI,20260715,电力设备,9367.28,9275.67,9496.55,9298.75,-36.65,-0.39,678654.0,15975944.0,32.02,2.93,416169576.0,757833312.0
801731.SI,20260715,电机Ⅱ,12254.4,11956.54,12433.07,12155.99,-74.18,-0.61,23001.0,427414.0,46.43,3.06,11688143.0,27984639.0
801733.SI,20260715,其他电源设备Ⅱ,42063.81,40785.7,43111.25,41286.04,-1049.21,-2.48,53912.0,1996418.0,65.42,3.54,31574395.0,64606153.0
801735.SI,20260715,光伏设备,5508.91,5345.67,5654.05,5447.96,-29.99,-0.55,170853.0,3165328.0,44.9,2.68,75009733.0,140490487.0
801736.SI,20260715,风电设备,2135.85,2091.42,2193.83,2122.53,-30.67,-1.42,56603.0,837154.0,31.5,1.55,18513318.0,34446699.0
801737.SI,20260715,电池,23015.24,22520.05,23646.29,22964.84,117.12,0.51,171948.0,6377244.0,26.99,3.38,197376726.0,336045469.0
801738.SI,20260715,电网设备,5308.3,5169.95,5408.95,5245.02,-69.89,-1.32,202338.0,3172387.0,29.85,2.66,82007261.0,154259865.0
801740.SI,20260715,国防军工,1663.17,1641.61,1680.87,1646.78,-27.98,-1.67,233440.0,6529243.0,59.78,3.2,134501969.0,293013081.0
801741.SI,20260715,航天装备Ⅱ,29057.48,28089.16,30161.32,28204.26,-2348.38,-7.69,38690.0,1354181.0,413.78,5.16,12459568.0,41456073.0
801742.SI,20260715,航空装备Ⅱ,8065.51,7957.27,8297.58,8102.33,25.8,0.32,55192.0,1418363.0,63.21,3.02,42829667.0,87932256.0
801743.SI,20260715,地面兵装Ⅱ,13870.03,13628.67,14141.5,13836.71,-30.5,-0.22,19384.0,241986.0,102.77,2.69,5898729.0,12112399.0
801744.SI,20260715,航海装备Ⅱ,3073.87,3033.57,3147.88,3108.27,19.95,0.65,29134.0,756286.0,26.42,2.12,24833522.0,48892759.0
801745.SI,20260715,军工电子Ⅱ,6237.79,5991.33,6352.81,6060.67,-191.36,-3.06,91041.0,2758427.0,93.46,4.36,48480483.0,102619595.0
801750.SI,20260715,计算机,4393.23,4370.44,4458.82,4402.82,-5.78,-0.13,580948.0,13054657.0,66.6,3.66,228423800.0,408061587.0
801760.SI,20260715,传媒,642.99,642.99,670.82,667.06,23.77,3.7,463527.0,4916566.0,34.9,2.51,79787631.0,140996713.0
801764.SI,20260715,游戏Ⅱ,2742.13,2693.11,2923.36,2876.1,128.62,4.68,141683.0,2219920.0,24.63,3.25,33182130.0,48829405.0
801765.SI,20260715,广告营销,2293.87,2277.69,2406.71,2358.19,64.32,2.8,145743.0,1165766.0,54.74,3.86,18395464.0,25435966.0
801766.SI,20260715,影视院线,991.17,983.68,1057.48,1041.91,51.98,5.25,79754.0,658445.0,242.96,2.6,8852615.0,17667456.0
801767.SI,20260715,数字媒体,1475.07,1462.36,1535.72,1508.02,32.77,2.22,23516.0,340876.0,62.09,2.49,5252467.0,11645061.0
801769.SI,20260715,出版,1347.01,1338.03,1391.29,1371.68,23.64,1.75,31811.0,323130.0,21.98,1.46,8027013.0,24311139.0
801770.SI,20260715,通信,8549.66,8328.24,8641.55,8354.83,-167.3,-1.96,322490.0,19276710.0,66.89,7.09,330935644.0,557940746.0
801780.SI,20260715,银行,3843.74,3842.91,3923.36,3914.72,44.27,1.14,422844.0,3193374.0,5.99,0.5,243900146.0,1044300189.0
801782.SI,20260715,国有大型银行Ⅱ,1870.48,1862.79,1899.99,1894.7,3.82,0.2,147983.0,1000916.0,7.21,0.6,72197063.0,654772351.0
801783.SI,20260715,股份制银行Ⅱ,4002.89,3982.17,4102.87,4088.43,66.18,1.65,133589.0,1204554.0,5.44,0.43,96456008.0,243189602.0
801784.SI,20260715,城商行Ⅱ,1014.49,1008.82,1038.95,1035.5,14.58,1.43,98810.0,795773.0,5.82,0.52,60978827.0,122559876.0
801785.SI,20260715,农商行Ⅱ,746.94,743.26,763.39,759.93,10.27,1.37,42462.0,192130.0,5.67,0.53,14268248.0,23778361.0
801790.SI,20260715,非银金融,1741.63,1741.63,1800.91,1789.39,45.93,2.63,540064.0,6985961.0,11.58,1.15,245396177.0,575337418.0
801811.SI,20260715,大盘指数,4158.14,4125.24,4173.77,4129.25,-24.71,-0.59,2144810.0,82849747.0,18.65,2.04,2110667559.0,5190837774.0
801812.SI,20260715,中盘指数,5338.05,5214.24,5338.05,5231.03,-83.23,-1.57,2189363.0,62385892.0,32.54,2.49,1000406189.0,2121639250.0
801813.SI,20260715,小盘指数,5812.95,5704.65,5830.63,5723.91,-67.06,-1.16,2622442.0,49424568.0,35.37,2.29,794283119.0,1624208273.0
801821.SI,20260715,高市盈率指数,1695.61,1634.98,1701.49,1640.53,-48.72,-2.88,609171.0,34116288.0,192.0,11.53,452257246.0,939664469.0
801822.SI,20260715,中市盈率指数,4730.15,4638.81,4744.87,4654.78,-57.11,-1.21,583930.0,16593297.0,37.78,3.08,249396095.0,491322928.0
801823.SI,20260715,低市盈率指数,7243.92,7243.92,7415.61,7405.89,126.96,1.74,1323961.0,14045221.0,8.12,0.77,695441282.0,2287783964.0
801831.SI,20260715,高市净率指数,2867.52,2726.47,2867.53,2734.07,-105.3,-3.71,596126.0,71061513.0,121.82,19.92,1007040876.0,2031640789.0
801832.SI,20260715,中市净率指数,4314.62,4306.58,4348.62,4330.29,10.2,0.24,611506.0,7563703.0,25.11,2.43,194154228.0,373799041.0
801833.SI,20260715,低市净率指数,6768.61,6768.61,6915.54,6906.68,101.93,1.5,1440800.0,8227823.0,8.06,0.54,429647458.0,1556471427.0
801841.SI,20260715,高价股指数,5350.85,5156.87,5350.85,5169.6,-138.59,-2.61,382064.0,79626855.0,58.7,10.35,1352206263.0,2607458070.0
801842.SI,20260715,中价股指数,3978.61,3972.57,4038.34,4000.19,20.35,0.51,548954.0,7772320.0,26.89,2.1,150405089.0,334574406.0
801843.SI,20260715,低价股指数,14064.66,14064.66,14414.23,14330.91,209.47,1.48,1912642.0,4603807.0,24.66,0.97,129549042.0,269991572.0
801851.SI,20260715,亏损股指数,3785.71,3734.31,3832.2,3748.62,-34.92,-0.92,3305737.0,35647794.0,,2.71,555724681.0,1136344888.0
801852.SI,20260715,微利股指数,2697.64,2633.73,2710.36,2645.36,-52.41,-1.94,229441.0,3389965.0,62.15,2.19,59981129.0,111268723.0
801853.SI,20260715,绩优股指数,6568.15,6511.69,6615.72,6518.44,-35.92,-0.55,242632.0,24167810.0,26.76,7.06,701920510.0,1459685853.0
801863.SI,20260715,新股指数,2478.72,2343.6,2478.72,2350.89,-112.34,-4.56,58856.0,3428454.0,141.53,6.48,34487850.0,354396322.0
801880.SI,20260715,汽车,6462.0,6440.12,6546.14,6491.09,24.31,0.38,385165.0,6157321.0,24.85,2.14,174835249.0,379193526.0
801881.SI,20260715,摩托车及其他,3137.92,3094.91,3262.55,3199.76,65.38,2.09,11487.0,255433.0,24.18,2.98,8086953.0,18547859.0
801890.SI,20260715,机械设备,2375.57,2326.17,2384.93,2332.77,-32.02,-1.35,740194.0,17150714.0,44.89,3.35,313706210.0,631208183.0
801950.SI,20260715,煤炭,3066.78,3066.78,3145.72,3140.0,43.93,1.42,134816.0,1214230.0,20.31,1.45,43200305.0,179700041.0
801951.SI,20260715,煤炭开采,3524.49,3499.14,3648.31,3607.3,50.16,1.41,102767.0,1115597.0,19.23,1.47,40823419.0,175108345.0
801952.SI,20260715,焦炭Ⅱ,1057.48,1049.65,1111.51,1089.7,16.83,1.57,32049.0,98633.0,545.57,1.18,2376886.0,4591696.0
801960.SI,20260715,石油石化,2454.62,2452.06,2485.7,2469.14,-28.91,-1.16,281353.0,2112834.0,18.56,1.28,50450845.0,297847749.0
801962.SI,20260715,油服工程,2219.19,2176.75,2280.01,2218.35,-67.42,-2.95,88515.0,680698.0,23.98,1.49,6032372.0,18009529.0
801963.SI,20260715,炼化及贸易,2792.61,2751.01,2855.74,2808.37,-13.95,-0.49,137805.0,1074765.0,19.07,1.2,34869373.0,266284845.0
801970.SI,20260715,环保,1894.2,1878.93,1912.13,1888.7,-3.96,-0.21,175879.0,1706439.0,25.21,1.54,37802628.0,81854741.0
801971.SI,20260715,环境治理,1816.85,1777.46,1866.49,1815.64,-1.94,-0.11,142894.0,1258745.0,22.71,1.39,29633250.0,66172201.0
801972.SI,20260715,环保设备Ⅱ,2164.14,2090.08,2224.06,2140.51,-12.44,-0.58,32985.0,447694.0,39.68,2.33,8169378.0,15682539.0
801980.SI,20260715,美容护理,3275.23,3275.23,3434.74,3424.95,134.16,4.08,25476.0,486653.0,29.84,2.4,8769991.0,22997947.0
801981.SI,20260715,个护用品,1182.33,1165.2,1234.67,1219.56,35.04,2.96,8693.0,122983.0,27.37,1.87,2446111.0,6838935.0
801982.SI,20260715,化妆品,5619.99,5557.69,5904.39,5823.03,174.41,3.09,14640.0,252370.0,28.68,2.48,4159187.0,10985582.0
801991.SI,20260715,航空机场,2277.46,2263.94,2334.6,2324.78,29.26,1.27,70540.0,338026.0,24.4,2.13,16428313.0,46638983.0
801992.SI,20260715,航运港口,3127.89,3105.62,3223.17,3179.85,43.8,1.4,137324.0,1000352.0,13.47,1.22,26888641.0,103901705.0
801993.SI,20260715,旅游及景区,1779.47,1768.26,1848.66,1827.31,38.03,2.13,31841.0,258759.0,42.65,2.32,6129974.0,12239569.0
801994.SI,20260715,教育,1504.67,1491.29,1550.94,1529.8,2.23,0.15,35816.0,157867.0,80.15,3.76,4528463.0,7271478.0
801995.SI,20260715,电视广播Ⅱ,925.91,920.34,959.53,948.12,25.55,2.77,41020.0,208429.0,60.48,1.04,6077942.0,13107687.0
850111.SI,20260715,种子,2397.03,2364.57,2477.01,2453.39,28.94,1.19,25543.0,139624.0,113.57,2.3,2667211.0,4429721.0
850113.SI,20260715,其他种植业,1424.34,1407.23,1483.1,1471.26,36.75,2.56,20361.0,100478.0,40.22,2.03,2265719.0,4532843.0
850122.SI,20260715,水产养殖,404.82,399.83,420.06,414.96,16.36,4.11,10031.0,28832.0,301.58,2.53,715897.0,1085252.0
850135.SI,20260715,食品及饲料添加剂,2362.62,2342.2,2447.9,2420.36,44.21,1.86,23662.0,276464.0,16.88,1.75,10972415.0,23593619.0
850136.SI,20260715,有机硅,4550.42,4309.31,4647.49,4364.99,-183.51,-4.03,28463.0,557418.0,57.22,2.23,3909819.0,11146249.0
850142.SI,20260715,畜禽饲料,1089.88,1080.33,1136.47,1119.08,22.62,2.06,32236.0,152151.0,1205.29,1.59,4789563.0,8515064.0
850151.SI,20260715,果蔬加工,1677.46,1645.28,1719.92,1690.73,11.54,0.69,3374.0,48803.0,45.35,3.9,1342833.0,3422120.0
850152.SI,20260715,粮油加工,1287.51,1279.75,1329.91,1322.49,23.67,1.82,4897.0,55532.0,38.03,1.54,2254829.0,15900863.0
850154.SI,20260715,其他农产品加工,2590.52,2577.91,2700.25,2650.96,40.56,1.55,15914.0,115174.0,34.48,1.71,3444901.0,6631237.0
850172.SI,20260715,生猪养殖,4810.85,4795.53,5052.53,4985.58,131.78,2.71,47222.0,605455.0,37.01,2.45,21703546.0,39262811.0
850173.SI,20260715,肉鸡养殖,735.84,732.11,759.01,750.39,8.75,1.18,12661.0,127247.0,25.64,1.84,2977781.0,6668333.0
850181.SI,20260715,动物保健Ⅲ,4229.67,4199.88,4419.45,4339.46,96.6,2.28,7758.0,98439.0,42.53,1.95,3175343.0,5397052.0
850232.SI,20260715,汽车经销商,394.63,394.1,408.8,405.25,7.11,1.79,4732.0,15061.0,57.92,1.46,682423.0,1695315.0
850233.SI,20260715,汽车综合服务,1615.92,1596.53,1655.45,1626.4,1.08,0.07,6007.0,48227.0,33.9,1.76,1558671.0,3430653.0
850322.SI,20260715,氯碱,1218.98,1201.04,1259.45,1235.76,18.93,1.56,46378.0,333410.0,40.93,1.23,6900161.0,14038810.0
850323.SI,20260715,无机盐,22801.72,21777.07,23346.49,21994.57,-692.54,-3.05,13438.0,327782.0,63.43,2.9,5539967.0,11265233.0
850324.SI,20260715,其他化学原料,4162.41,4081.24,4225.89,4142.2,-42.36,-1.01,14607.0,249477.0,20.98,2.13,6664448.0,14839340.0
850325.SI,20260715,煤化工,6890.97,6819.93,7162.37,7043.53,89.64,1.29,46828.0,491303.0,18.11,1.71,7691437.0,23332644.0
850326.SI,20260715,钛白粉,624.62,610.0,641.61,630.93,7.02,1.13,15368.0,93508.0,57.51,1.59,3991319.0,6545389.0
850331.SI,20260715,氮肥,4943.58,4878.99,5180.22,5115.09,92.3,1.84,32993.0,198531.0,17.67,1.52,5384637.0,8570289.0
850332.SI,20260715,磷肥及磷化工,1927.39,1893.97,1987.14,1941.07,17.98,0.93,53918.0,456154.0,21.16,1.92,10849210.0,18772282.0
850333.SI,20260715,农药,3041.35,3011.6,3184.57,3137.21,86.0,2.82,37154.0,417338.0,27.26,1.55,9585263.0,19259902.0
850335.SI,20260715,涂料油墨,7706.71,7471.07,7960.5,7690.68,-17.09,-0.22,14585.0,316269.0,110.86,4.28,3540159.0,8647550.0
850337.SI,20260715,民爆制品,3806.13,3713.75,3872.39,3774.16,-6.7,-0.18,15498.0,215456.0,23.3,2.03,6120204.0,11243766.0
850338.SI,20260715,纺织化学制品,2291.34,2248.1,2429.29,2382.18,70.36,3.04,31409.0,311548.0,25.34,1.37,5785176.0,9396485.0
850339.SI,20260715,其他化学制品,2133.58,2065.34,2183.04,2105.03,-34.23,-1.6,76524.0,1187615.0,43.95,2.15,21070190.0,44776817.0
850341.SI,20260715,涤纶,5606.98,5564.59,5859.93,5758.02,106.72,1.89,13235.0,91251.0,27.48,1.36,2503299.0,7186767.0
850343.SI,20260715,粘胶,2455.48,2425.38,2554.11,2512.68,50.75,2.06,19682.0,64339.0,68.66,1.75,1326390.0,1994818.0
850351.SI,20260715,其他塑料制品,3610.52,3534.67,3732.03,3613.94,5.54,0.15,19181.0,237945.0,64.1,2.08,5306584.0,10779786.0
850353.SI,20260715,改性塑料,4435.42,4301.38,4523.79,4368.88,-48.93,-1.11,16288.0,361984.0,42.79,2.72,8521366.0,15528012.0
850354.SI,20260715,合成树脂,5404.66,5156.96,5546.49,5231.06,-162.83,-3.02,23343.0,625414.0,57.71,4.96,8231943.0,18571815.0
850355.SI,20260715,膜材料,3639.8,3408.29,3709.84,3441.82,-133.43,-3.73,42260.0,914309.0,116.0,4.23,12649408.0,25849353.0
850362.SI,20260715,其他橡胶制品,3729.26,3655.91,3827.24,3717.18,-23.18,-0.62,7134.0,70971.0,92.65,2.44,2414160.0,4311510.0
850363.SI,20260715,炭黑,2917.54,2811.75,2979.53,2872.5,-54.82,-1.87,6613.0,61299.0,35.74,1.69,1128085.0,2412194.0
850372.SI,20260715,聚氨酯,17083.56,16865.85,17543.88,17345.17,121.59,0.71,10698.0,331746.0,18.06,1.97,14157916.0,24753621.0
850381.SI,20260715,复合肥,4243.38,4215.26,4389.61,4351.81,80.0,1.87,22745.0,128844.0,13.38,1.46,4068051.0,7430196.0
850382.SI,20260715,氟化工,8694.06,8346.12,8822.32,8459.7,-231.4,-2.66,35785.0,1250685.0,37.18,4.4,16147953.0,32642265.0
850412.SI,20260715,特钢Ⅲ,2474.17,2446.4,2563.18,2530.34,43.2,1.74,29011.0,179588.0,16.41,1.18,6868303.0,19119015.0
850442.SI,20260715,板材,2039.69,2026.82,2110.43,2073.28,29.6,1.45,158893.0,414658.0,39.93,0.78,12959419.0,42097371.0
850521.SI,20260715,其他金属新材料,7685.7,7414.0,7887.57,7517.8,-140.42,-1.83,28137.0,502975.0,81.93,4.29,8926160.0,17718082.0
850522.SI,20260715,磁性材料,10693.46,10153.4,10820.97,10266.5,-298.19,-2.82,23261.0,558866.0,60.78,4.15,9555485.0,19000893.0
850523.SI,20260715,非金属材料Ⅲ,6565.8,6081.91,6665.23,6115.64,-361.41,-5.58,7612.0,452529.0,62.19,3.79,5793722.0,12618441.0
850531.SI,20260715,黄金,21779.03,21081.58,22150.85,21279.85,-659.14,-3.0,45968.0,1061940.0,18.73,3.29,22071533.0,40786872.0
850544.SI,20260715,其他小金属,24516.73,22878.82,24723.4,23052.97,-1339.17,-5.49,35800.0,1394455.0,55.15,3.86,18370395.0,32950347.0
850551.SI,20260715,铝,4762.64,4692.95,4947.06,4856.68,95.17,2.0,203980.0,2386456.0,12.17,1.8,34572247.0,60480811.0
850552.SI,20260715,铜,8494.54,8300.7,8592.97,8369.9,-115.3,-1.36,136150.0,2393956.0,14.97,3.17,79308202.0,142327822.0
850553.SI,20260715,铅锌,4835.1,4606.05,4867.07,4627.22,-174.25,-3.63,62464.0,786893.0,22.02,2.73,14810191.0,24786066.0
850614.SI,20260715,其他建材,7196.41,7048.17,7459.64,7246.76,60.2,0.84,17199.0,205642.0,25.17,1.7,5429925.0,11276250.0
850615.SI,20260715,耐火材料,5921.69,5815.53,6038.24,5909.56,-44.62,-0.75,6666.0,41307.0,49.13,1.66,1614064.0,2889828.0
850616.SI,20260715,管材,3631.01,3546.3,3736.92,3657.92,-6.13,-0.17,11274.0,107098.0,29.29,1.73,1469413.0,3232171.0
850623.SI,20260715,房屋建设Ⅲ,2785.39,2764.03,2835.93,2813.36,17.02,0.61,60444.0,234523.0,7.54,0.44,7401731.0,26204314.0
850702.SI,20260715,安防设备,14364.09,14210.5,14801.37,14576.86,141.76,0.98,23823.0,546768.0,21.9,2.87,20138825.0,48653214.0
850703.SI,20260715,其他计算机设备,5325.61,5166.85,5471.2,5245.25,-102.29,-1.91,92576.0,3353823.0,61.21,4.15,46006567.0,76217622.0
850711.SI,20260715,机床工具,1602.43,1559.11,1640.97,1592.03,-1.39,-0.09,24786.0,339778.0,78.25,3.8,6124217.0,12881023.0
850713.SI,20260715,磨具磨料,3842.03,3639.51,3930.4,3675.37,-126.48,-3.33,29775.0,663649.0,119.57,5.12,7337348.0,13655006.0
850715.SI,20260715,制冷空调设备,21163.41,19979.86,21514.65,20293.01,-681.54,-3.25,20182.0,756085.0,58.17,3.59,9254718.0,19339475.0
850716.SI,20260715,其他通用设备,9061.0,8778.89,9523.33,9193.47,141.1,1.56,82154.0,1688885.0,45.16,3.69,20252839.0,39413881.0
850721.SI,20260715,纺织服装设备,1541.26,1501.02,1589.86,1524.61,-9.07,-0.59,17959.0,160344.0,42.15,2.55,3400834.0,7833506.0
850725.SI,20260715,能源及重型设备,2297.89,2191.55,2351.71,2238.48,-62.88,-2.73,101942.0,1258313.0,32.66,2.48,25367685.0,52330906.0
850726.SI,20260715,印刷包装机械,3398.91,3312.58,3482.66,3392.25,-23.8,-0.7,7724.0,108813.0,41.84,2.49,2448235.0,4583803.0
850727.SI,20260715,其他专用设备,23753.02,22619.97,24230.61,23003.73,-580.59,-2.46,66442.0,2219272.0,59.16,4.7,43335569.0,87096457.0
850728.SI,20260715,楼宇设备,12932.03,12668.94,13248.63,12962.88,45.49,0.35,9434.0,107504.0,33.6,1.87,3402344.0,7520348.0
850731.SI,20260715,仪器仪表,7216.27,6889.24,7556.08,7196.91,-54.12,-0.75,33375.0,1354990.0,128.74,6.78,26307572.0,64199162.0
850741.SI,20260715,电机Ⅲ,12264.28,11966.18,12443.1,12165.79,-74.24,-0.61,23001.0,427414.0,46.43,3.06,11688143.0,27984639.0
850751.SI,20260715,金属制品,9620.91,9210.77,9856.15,9376.29,-225.85,-2.35,129245.0,2154576.0,62.85,3.26,33906314.0,76824556.0
850771.SI,20260715,工程机械整机,18394.32,18168.95,19203.57,18730.95,367.1,2.0,63530.0,669864.0,16.93,1.67,29679860.0,51100649.0
850772.SI,20260715,工程机械器件,5555.66,5528.44,5831.83,5705.46,107.01,1.91,3796.0,163653.0,54.88,7.32,6889361.0,20293862.0
850781.SI,20260715,机器人,14935.29,14443.1,15450.44,14917.83,158.49,1.07,32670.0,1472059.0,185.53,7.21,14382945.0,25007820.0
850782.SI,20260715,工控设备,5869.73,5645.43,5977.6,5751.07,-66.17,-1.14,28873.0,1055505.0,53.4,4.64,27452109.0,45831923.0
850783.SI,20260715,激光设备,16865.03,15812.8,16965.19,15899.75,-1060.73,-6.25,18645.0,1870935.0,93.95,7.5,26804291.0,37498067.0
850784.SI,20260715,其他自动化设备,6519.0,6271.11,6677.29,6331.79,-51.4,-0.81,10386.0,705272.0,177.37,9.26,12846238.0,26847489.0
850812.SI,20260715,分立器件,4940.95,4635.97,5113.07,4735.48,-181.98,-3.7,48381.0,3414165.0,200.66,7.53,42340799.0,71798919.0
850813.SI,20260715,半导体材料,17920.47,16017.17,18124.27,16247.26,-1376.95,-7.81,70929.0,4899321.0,232.8,8.83,42956940.0,112633412.0
850814.SI,20260715,数字芯片设计,7369.04,6840.53,7441.69,6920.78,-393.89,-5.38,96397.0,17075225.0,110.25,14.03,243677780.0,516843615.0
850815.SI,20260715,模拟芯片设计,4827.77,4516.87,4958.26,4610.2,-169.47,-3.55,33862.0,2100327.0,179.46,5.95,36176060.0,63398063.0
850817.SI,20260715,集成电路封测,15130.64,13477.03,15224.12,13641.97,-1069.91,-7.27,151744.0,7905461.0,108.93,6.2,39680169.0,84456312.0
850818.SI,20260715,半导体设备,92089.82,83928.62,92902.3,85042.72,-5229.14,-5.79,30898.0,7528969.0,144.61,16.74,130202864.0,240566254.0
850822.SI,20260715,印制电路板,21559.03,20614.27,22196.97,20881.38,-372.72,-1.75,149840.0,12822693.0,93.83,12.47,142126686.0,282322614.0
850823.SI,20260715,被动元件,20827.52,19107.18,21045.66,19321.28,-1047.68,-5.14,50540.0,2642221.0,69.96,7.15,33322874.0,53046198.0
850831.SI,20260715,面板,1475.24,1370.08,1482.64,1383.59,-91.7,-6.22,507178.0,3956990.0,44.69,1.97,44474546.0,91533716.0
850832.SI,20260715,LED,1848.46,1757.34,1875.67,1778.35,-64.07,-3.48,92399.0,1047766.0,165.0,2.42,15945096.0,26265930.0
850833.SI,20260715,光学元件,5671.89,5299.12,5774.96,5381.94,-237.01,-4.22,44244.0,1651569.0,102.84,7.85,23525147.0,39578686.0
850841.SI,20260715,其他电子Ⅲ,19624.53,18299.16,19978.18,18439.25,-962.8,-4.96,66462.0,2527649.0,65.05,6.21,25120790.0,46746488.0
850853.SI,20260715,品牌消费电子,3455.21,3360.95,3566.78,3455.15,-15.63,-0.45,13431.0,452742.0,30.91,3.52,10663728.0,27020808.0
850854.SI,20260715,消费电子零部件及组装,8140.37,7724.18,8224.75,7802.62,-240.43,-2.99,187325.0,6499022.0,38.78,4.85,125531390.0,323342194.0
850861.SI,20260715,电子化学品Ⅲ,14491.96,13401.08,14750.94,13558.63,-694.51,-4.87,99699.0,4474356.0,114.41,7.47,48229589.0,81647086.0
850912.SI,20260715,商用载货车,3378.13,3362.47,3504.32,3427.39,33.72,0.99,28448.0,231794.0,38.05,2.02,7785933.0,17143864.0
850913.SI,20260715,商用载客车,8640.24,8579.09,8923.02,8838.58,178.63,2.06,9595.0,101704.0,13.07,3.29,4771053.0,8305386.0
850922.SI,20260715,车身附件及饰件,10383.97,10213.05,10731.25,10522.82,163.93,1.58,33115.0,586698.0,17.92,2.09,22451643.0,43102582.0
850923.SI,20260715,底盘与发动机系统,6567.86,6310.8,6723.2,6475.64,-99.72,-1.52,120804.0,2173368.0,28.29,2.65,52638301.0,97223570.0
850924.SI,20260715,轮胎轮毂,3362.25,3334.52,3466.71,3423.37,48.16,1.43,25149.0,245918.0,16.28,1.44,10009983.0,23241827.0
850925.SI,20260715,其他汽车零部件,2670.04,2572.79,2712.52,2635.38,-28.9,-1.08,38903.0,801848.0,35.75,2.26,15438540.0,33227429.0
850926.SI,20260715,汽车电子电气系统,4373.09,4265.68,4491.24,4358.07,-6.78,-0.16,60343.0,741417.0,36.32,2.76,15457848.0,38855010.0
850935.SI,20260715,航海装备Ⅲ,3074.08,3033.78,3148.09,3108.48,19.95,0.65,29134.0,756286.0,26.42,2.12,24833522.0,48892759.0
850936.SI,20260715,轨交设备Ⅲ,5398.46,5322.51,5517.78,5440.1,55.3,1.03,54054.0,368648.0,17.66,1.16,13247199.0,35356024.0
850952.SI,20260715,综合乘用车,5386.11,5370.59,5594.48,5570.2,162.41,3.0,28056.0,209896.0,17.86,0.66,8937574.0,32457161.0
851024.SI,20260715,通信网络设备及器件,55908.47,54089.37,57036.31,54560.35,-1289.25,-2.31,101262.0,11764090.0,87.17,16.47,232727740.0,345095247.0
851025.SI,20260715,通信线缆及配套,10488.78,9876.04,10607.36,9941.81,-305.01,-2.98,77818.0,4622855.0,74.42,6.11,38047403.0,66609651.0
851026.SI,20260715,通信终端及配件,2267.01,2214.79,2350.47,2263.72,6.86,0.3,40057.0,1501913.0,66.05,5.17,20229900.0,38244469.0
851027.SI,20260715,其他通信设备,1731.66,1686.57,1757.64,1705.43,-6.15,-0.36,8461.0,189238.0,80.8,3.63,3941021.0,7712491.0
851041.SI,20260715,垂直应用软件,4673.2,4566.29,4847.3,4709.86,24.86,0.53,143931.0,3302469.0,80.91,4.48,56879524.0,105001919.0
851042.SI,20260715,横向通用软件,22289.5,22091.47,23235.6,22757.48,428.01,1.92,59702.0,1335951.0,84.39,3.48,29297030.0,51687593.0
851112.SI,20260715,空调,40214.47,39991.02,41039.04,40989.04,727.31,1.81,10851.0,531500.0,11.39,2.16,55585540.0,82522338.0
851116.SI,20260715,冰洗,10850.78,10808.66,11314.27,11254.6,315.23,2.88,15367.0,208586.0,11.44,1.59,9256772.0,17125704.0
851122.SI,20260715,其他黑色家电,1820.92,1785.03,1860.14,1821.79,-2.12,-0.12,7111.0,79317.0,61.62,2.5,1854594.0,3499070.0
851131.SI,20260715,厨房小家电,3099.0,3031.74,3170.69,3131.86,-0.88,-0.03,6129.0,51672.0,23.21,2.54,1965404.0,7281544.0
851141.SI,20260715,厨房电器,11672.9,11548.85,12206.51,12109.35,358.76,3.05,4334.0,50925.0,19.82,1.51,1555244.0,3386146.0
851151.SI,20260715,照明设备Ⅲ,4455.87,4349.5,4555.91,4419.48,-32.45,-0.73,10611.0,132938.0,52.54,1.93,2652867.0,8289646.0
851161.SI,20260715,家电零部件Ⅲ,6887.73,6695.13,6979.79,6798.45,-62.57,-0.91,32029.0,634863.0,39.93,3.62,16736769.0,32143654.0
851232.SI,20260715,啤酒,3877.36,3856.84,4027.21,3987.19,91.46,2.35,7870.0,141910.0,17.81,2.61,4247180.0,11713696.0
851233.SI,20260715,其他酒类,3221.87,3174.9,3370.97,3333.37,101.7,3.15,9291.0,93717.0,44.57,2.16,2515021.0,5638879.0
851241.SI,20260715,肉制品,5236.17,5184.73,5464.2,5437.22,197.64,3.77,28270.0,174290.0,26.48,2.57,4192448.0,11265331.0
851242.SI,20260715,调味发酵品Ⅲ,5671.2,5642.16,5975.84,5884.41,152.97,2.67,43199.0,557084.0,26.97,3.33,12521741.0,33189947.0
851243.SI,20260715,乳品,8033.0,8011.7,8323.76,8293.4,201.51,2.49,26751.0,341849.0,15.57,2.54,17982370.0,24181514.0
851246.SI,20260715,预加工食品,3116.62,3085.21,3283.34,3274.17,141.44,4.51,5356.0,117468.0,21.16,1.75,3389391.0,6021779.0
851247.SI,20260715,保健品,928.56,920.54,987.66,969.83,32.85,3.51,16377.0,85704.0,33.54,1.76,2133154.0,5274512.0
851251.SI,20260715,白酒Ⅲ,33929.95,33768.86,35797.94,35606.57,1320.61,3.85,34691.0,2324727.0,19.11,3.54,95257188.0,238064945.0
851271.SI,20260715,软饮料,2875.13,2784.51,3019.17,2931.46,55.42,1.93,10562.0,239767.0,23.4,3.93,7007147.0,17631207.0
851281.SI,20260715,零食,1525.16,1513.08,1616.78,1600.8,59.33,3.85,13800.0,170790.0,13.33,2.01,2816169.0,5972083.0
851282.SI,20260715,烘焙食品,926.61,915.15,960.09,945.57,17.87,1.93,5280.0,55859.0,25.29,1.9,1466142.0,3749696.0
851312.SI,20260715,棉纺,1853.53,1830.78,1922.85,1886.04,33.93,1.83,12004.0,84282.0,17.76,1.03,2133169.0,4477517.0
851314.SI,20260715,印染,1643.97,1616.04,1707.83,1700.36,58.6,3.57,6781.0,70090.0,17.37,1.41,654288.0,1655031.0
851315.SI,20260715,辅料,5124.1,4907.63,5322.52,5031.26,-108.19,-2.11,4123.0,96762.0,22.91,2.51,1143989.0,2167642.0
851316.SI,20260715,其他纺织,1649.75,1627.02,1708.74,1678.83,25.27,1.53,15885.0,112362.0,33.49,1.96,2804951.0,6392230.0
851325.SI,20260715,鞋帽及其他,888.1,867.6,915.55,887.3,6.94,0.79,8014.0,110113.0,86.86,3.37,1973259.0,4124816.0
851326.SI,20260715,家纺,1585.64,1576.9,1625.02,1603.75,11.44,0.72,2848.0,26681.0,19.49,1.88,1142481.0,2969573.0
851329.SI,20260715,非运动服装,1450.91,1433.65,1494.66,1472.06,16.53,1.14,47725.0,294478.0,21.99,1.38,8208991.0,21735654.0
851331.SI,20260715,钟表珠宝,1285.9,1270.35,1325.02,1311.92,19.64,1.52,24824.0,142558.0,17.61,1.77,3717099.0,9316552.0
851412.SI,20260715,大宗用纸,3194.71,3173.64,3295.38,3276.28,64.32,2.0,23214.0,106497.0,22.44,0.96,4708471.0,8612300.0
851413.SI,20260715,特种纸,1440.82,1426.08,1488.79,1453.68,-2.01,-0.14,25167.0,169239.0,39.09,1.61,2808852.0,6065105.0
851422.SI,20260715,印刷,3193.81,3176.39,3351.47,3306.34,109.97,3.44,2854.0,18378.0,48.62,2.79,581426.0,1121125.0
851423.SI,20260715,金属包装,1920.2,1903.67,1986.15,1947.64,32.77,1.71,13850.0,122734.0,32.88,2.14,2413086.0,5350721.0
851424.SI,20260715,塑料包装,3159.88,3124.95,3286.98,3188.4,-8.85,-0.28,8778.0,99408.0,20.75,2.68,2143803.0,4266622.0
851425.SI,20260715,纸包装,2094.56,2064.1,2165.83,2122.3,34.48,1.65,36953.0,262376.0,50.32,2.16,5689670.0,11667729.0
851436.SI,20260715,瓷砖地板,766.53,748.61,789.77,768.33,4.39,0.57,14652.0,128123.0,52.43,1.6,2347357.0,7729128.0
851437.SI,20260715,成品家居,1192.02,1162.63,1233.32,1201.13,0.26,0.02,22249.0,184506.0,22.41,1.75,3815863.0,9898214.0
851438.SI,20260715,定制家居,1360.53,1339.13,1416.5,1388.47,18.71,1.37,5956.0,83247.0,20.28,1.32,2261487.0,6215866.0
851439.SI,20260715,卫浴制品,421.82,415.45,430.29,422.53,-0.65,-0.15,2979.0,21156.0,43.29,1.39,809485.0,3107643.0
851452.SI,20260715,娱乐用品,1425.36,1390.07,1460.97,1414.32,-7.87,-0.55,6639.0,84479.0,80.17,3.45,2274868.0,5315405.0
851491.SI,20260715,其他家居用品,1403.13,1380.86,1444.08,1417.48,12.7,0.9,13239.0,161054.0,28.89,2.51,4434136.0,17009325.0
851511.SI,20260715,原料药,10112.23,10034.05,10879.23,10654.79,494.31,4.87,94114.0,1520383.0,51.37,2.66,16615512.0,34890296.0
851512.SI,20260715,化学制剂,8412.54,8348.8,9101.05,8822.17,335.67,3.96,371271.0,7582421.0,41.82,3.43,90216331.0,180186975.0
851521.SI,20260715,中药Ⅲ,5613.44,5582.16,5891.75,5808.68,129.6,2.28,234917.0,2387342.0,24.1,2.01,39827613.0,79010047.0
851522.SI,20260715,血液制品,5880.13,5841.3,6128.04,6072.72,170.21,2.88,16675.0,139284.0,30.76,1.31,4616715.0,10212774.0
851523.SI,20260715,疫苗,9511.38,9468.16,10047.35,9883.71,319.42,3.34,30524.0,465733.0,60.74,1.71,8986413.0,16232025.0
851524.SI,20260715,其他生物制品,10190.06,10108.22,10933.1,10521.19,206.96,2.01,55726.0,1617273.0,43.58,3.28,19585431.0,43862060.0
851532.SI,20260715,医疗设备,8103.72,7976.79,8460.23,8253.44,132.78,1.64,34666.0,1120323.0,36.31,3.2,26116324.0,54900814.0
851533.SI,20260715,医疗耗材,5375.58,5306.26,5605.95,5485.18,116.11,2.16,41348.0,863589.0,35.42,2.28,19781282.0,42675898.0
851534.SI,20260715,体外诊断,7074.52,7032.53,7412.31,7306.27,303.43,4.33,26767.0,490718.0,39.88,1.69,13262868.0,27721791.0
851542.SI,20260715,医药流通,2529.72,2515.52,2647.23,2599.0,36.24,1.41,83195.0,594733.0,18.22,1.07,8115223.0,22043409.0
851543.SI,20260715,线下药店,11043.45,10983.38,11550.17,11361.33,95.9,0.85,13280.0,204576.0,17.67,1.74,3480072.0,8058389.0
851563.SI,20260715,医疗研发外包,15301.03,15213.56,16514.15,16037.27,783.34,5.14,93667.0,4680747.0,27.72,4.02,47615218.0,73930955.0
851564.SI,20260715,医院,3759.57,3734.63,3992.49,3928.05,130.56,3.44,71410.0,506947.0,40.64,3.33,10155708.0,18948138.0
851610.SI,20260715,电能综合服务,2802.7,2781.64,2871.05,2847.35,46.83,1.67,79126.0,297003.0,36.53,1.08,9573946.0,23694587.0
851611.SI,20260715,火力发电,2978.12,2937.84,3047.7,3008.47,7.56,0.25,215914.0,1457212.0,12.78,1.13,25334894.0,86704906.0
851612.SI,20260715,水力发电,5352.06,5323.21,5445.5,5421.42,44.62,0.83,45827.0,690137.0,19.36,2.55,37828905.0,125763254.0
851614.SI,20260715,热力服务,2317.38,2259.25,2362.47,2295.93,-21.98,-0.95,32053.0,263295.0,38.36,2.07,5598073.0,12971417.0
851616.SI,20260715,光伏发电,819.89,807.93,844.98,826.04,1.41,0.17,73778.0,322362.0,66.65,1.32,6807529.0,11851193.0
851617.SI,20260715,风力发电,1133.78,1123.24,1159.04,1150.87,8.87,0.78,63956.0,457108.0,40.38,1.33,11983326.0,69788767.0
851631.SI,20260715,燃气Ⅲ,3007.07,2964.84,3125.63,3061.84,29.66,0.98,52988.0,657146.0,23.19,1.82,9599819.0,25282655.0
851711.SI,20260715,港口,3771.43,3746.17,3838.3,3818.33,33.53,0.89,49776.0,206046.0,13.95,0.92,8251973.0,47592002.0
851721.SI,20260715,公交,2117.73,2097.27,2189.91,2170.36,47.54,2.24,6067.0,39093.0,62.49,1.28,1150532.0,2253258.0
851731.SI,20260715,高速公路,3083.75,3041.24,3133.99,3093.93,-1.72,-0.06,29877.0,162025.0,14.66,0.93,7992944.0,33020383.0
851741.SI,20260715,航空运输,1665.66,1656.58,1705.49,1697.58,14.95,0.89,64831.0,266585.0,25.59,2.71,12959165.0,36855397.0
851761.SI,20260715,航运,2461.62,2443.63,2550.57,2507.1,40.07,1.62,87548.0,794306.0,13.26,1.43,18636667.0,56309704.0
851771.SI,20260715,铁路运输,758.2,755.49,773.94,771.91,10.27,1.35,43110.0,218824.0,17.02,0.78,10930283.0,37146623.0
851782.SI,20260715,原材料供应链服务,2678.81,2656.99,2750.99,2726.74,41.57,1.55,21985.0,117586.0,17.8,0.52,5105831.0,11003908.0
851783.SI,20260715,中间产品及消费品供应链服务,955.61,921.67,976.9,938.33,-17.26,-1.81,7775.0,79966.0,61.26,2.24,1336169.0,2704098.0
851784.SI,20260715,快递,2246.33,2199.39,2305.09,2281.65,26.38,1.17,19255.0,299675.0,14.15,1.6,11502250.0,26362875.0
851785.SI,20260715,跨境物流,1320.53,1300.19,1346.69,1330.32,6.81,0.51,9968.0,83903.0,14.13,1.49,3787049.0,14796385.0
851786.SI,20260715,仓储物流,3009.77,2906.9,3067.41,3029.82,7.05,0.23,7264.0,98831.0,26.3,1.27,1772336.0,3396125.0
851787.SI,20260715,公路货运,2137.4,2122.86,2202.51,2175.47,45.54,2.14,4606.0,24403.0,32.56,1.02,862688.0,2231869.0
851811.SI,20260715,住宅开发,2041.24,1997.87,2121.43,2063.91,13.85,0.68,315533.0,1411625.0,15.41,0.71,27692292.0,56181623.0
851812.SI,20260715,商业地产,2186.69,2164.18,2311.27,2277.13,78.63,3.58,38944.0,177544.0,71.86,0.65,5327488.0,17612191.0
851813.SI,20260715,产业地产,2431.98,2347.21,2470.46,2382.68,-117.32,-4.69,16101.0,243147.0,37.98,1.61,4654975.0,12055675.0
851831.SI,20260715,物业管理,515.44,510.74,534.42,525.26,9.0,1.74,9401.0,46924.0,32.04,1.87,1321245.0,2878408.0
851922.SI,20260715,金融控股,2116.3,2110.22,2196.63,2158.62,57.99,2.76,36231.0,218747.0,20.29,0.82,4938021.0,19847192.0
851927.SI,20260715,资产管理,2000.66,1932.26,2091.85,2061.44,132.9,6.89,10370.0,95374.0,44.08,2.38,1498902.0,4051234.0
851931.SI,20260715,证券Ⅲ,6264.74,6243.37,6492.62,6433.02,154.51,2.46,402189.0,4790632.0,15.91,1.23,161413000.0,330314744.0
851941.SI,20260715,保险Ⅲ,1123.39,1118.75,1165.23,1157.25,33.99,3.03,49291.0,1635762.0,6.72,0.99,69278622.0,199921682.0
852021.SI,20260715,贸易Ⅲ,3892.0,3859.99,4019.49,3955.21,26.83,0.68,21170.0,133799.0,21.3,1.24,3860364.0,12356874.0
852031.SI,20260715,百货,1937.19,1924.45,2054.53,2016.78,65.11,3.34,70523.0,280265.0,150.09,1.22,5650944.0,11558474.0
852032.SI,20260715,超市,8125.47,8049.52,8703.46,8517.56,333.42,4.07,67684.0,386473.0,38.55,3.92,4777804.0,10734678.0
852033.SI,20260715,多业态零售,1583.88,1567.41,1642.29,1613.23,12.34,0.77,23044.0,138310.0,22.33,0.98,3286510.0,6357373.0
852034.SI,20260715,商业物业经营,2301.91,2282.89,2417.78,2379.69,71.69,3.11,49922.0,264819.0,28.18,1.28,6901733.0,17058764.0
852041.SI,20260715,专业连锁Ⅲ,3314.51,3290.9,3475.31,3424.58,108.33,3.27,11526.0,99681.0,56.46,2.59,2480324.0,4343672.0
852062.SI,20260715,跨境电商,629.63,618.41,664.33,647.42,20.92,3.34,25155.0,197624.0,37.38,4.07,2361151.0,4690559.0
852063.SI,20260715,电商服务,2174.22,2148.69,2326.19,2272.84,102.34,4.71,11440.0,115678.0,102.42,2.98,2229740.0,3905313.0
852111.SI,20260715,人工景区,25769.73,25639.79,26719.01,26485.88,571.28,2.2,8143.0,68181.0,33.51,1.81,1794469.0,3205625.0
852112.SI,20260715,自然景区,1986.36,1972.23,2060.84,2040.09,43.19,2.16,13357.0,128345.0,38.87,2.5,2813883.0,6003895.0
852121.SI,20260715,酒店,2083.65,2070.22,2179.01,2159.43,71.56,3.43,6187.0,71557.0,19.36,1.2,1802722.0,3972325.0
852131.SI,20260715,旅游综合,10087.44,10024.14,10529.83,10344.8,199.15,1.96,10341.0,62233.0,85.47,2.94,1521621.0,3030049.0
852182.SI,20260715,检测服务,4472.34,4348.87,4626.69,4482.54,24.18,0.54,21892.0,342916.0,34.91,3.02,6897482.0,13940461.0
852183.SI,20260715,会展服务,1703.29,1681.31,1795.91,1756.78,73.45,4.36,1468.0,20739.0,27.25,1.74,517155.0,1368043.0
852213.SI,20260715,通信工程及服务,806.04,788.07,831.53,801.26,-7.86,-0.97,27552.0,338385.0,614.02,3.24,5183686.0,8251235.0
852214.SI,20260715,通信应用增值服务,2426.72,2371.81,2482.17,2403.28,-41.75,-1.71,37361.0,623784.0,49.64,4.48,13137366.0,24653777.0
852226.SI,20260715,IT服务Ⅲ,4071.03,3979.73,4187.67,4063.73,-24.01,-0.59,260916.0,4515645.0,109.8,3.25,76101853.0,126501239.0
852311.SI,20260715,综合Ⅲ,4477.6,4333.89,4557.71,4429.47,-72.29,-1.61,49114.0,448077.0,97.43,2.89,10263848.0,20486075.0
857111.SI,20260715,水泥制造,3859.37,3804.78,4010.19,3942.95,96.46,2.51,30465.0,277645.0,18.6,0.6,8788069.0,19605956.0
857112.SI,20260715,水泥制品,812.84,804.33,839.1,826.81,7.88,0.96,6941.0,31834.0,230.89,1.6,974323.0,2007180.0
857121.SI,20260715,玻璃制造,2833.0,2759.07,2883.94,2807.71,-86.11,-2.98,35043.0,162179.0,177.64,1.18,2586020.0,4828655.0
857122.SI,20260715,玻纤制造,117715.22,110960.21,120059.4,111588.45,-5250.54,-4.49,53133.0,2308411.0,65.1,6.44,22399692.0,69830546.0
857221.SI,20260715,装修装饰Ⅲ,3994.96,3899.0,4131.04,4015.0,29.2,0.73,41437.0,322211.0,70.39,2.45,5043953.0,10904974.0
857236.SI,20260715,基建市政工程,1573.55,1565.51,1614.24,1605.76,28.58,1.81,106706.0,471298.0,8.51,0.45,21973867.0,62237644.0
857241.SI,20260715,钢结构,2172.99,2156.98,2301.56,2246.33,79.04,3.65,20130.0,117344.0,26.99,1.16,2705166.0,5690142.0
857242.SI,20260715,化学工程,1247.06,1237.5,1277.41,1267.35,13.14,1.05,10990.0,89798.0,9.57,0.88,3604178.0,7330510.0
857243.SI,20260715,国际工程,1182.35,1177.69,1214.61,1211.68,26.39,2.23,7984.0,57889.0,11.37,0.85,1807521.0,4755200.0
857244.SI,20260715,其他专业工程,2672.85,2536.02,2741.86,2583.31,-74.6,-2.81,35131.0,675188.0,63.82,1.34,8681336.0,21916378.0
857251.SI,20260715,园林工程,5297.66,5219.24,5502.67,5366.16,43.42,0.82,32716.0,105428.0,1171.01,2.41,2206105.0,4166553.0
857261.SI,20260715,工程咨询服务Ⅲ,2203.14,2088.22,2258.03,2133.1,-43.68,-2.01,54119.0,899146.0,46.19,1.91,9370718.0,20197177.0
857321.SI,20260715,电网自动化设备,7648.12,7441.19,7758.08,7544.73,-121.4,-1.58,29991.0,605171.0,27.8,3.36,22089904.0,45019007.0
857323.SI,20260715,电工仪器仪表,8061.73,7921.19,8183.51,8064.99,92.61,1.16,15986.0,197046.0,30.8,1.94,3890941.0,8371009.0
857334.SI,20260715,火电设备,3738.07,3639.45,3773.16,3671.61,-42.45,-1.14,3958.0,36059.0,24.13,1.87,1135488.0,2301327.0
857336.SI,20260715,其他电源设备Ⅲ,2210.3,2136.21,2277.33,2167.6,-59.77,-2.68,39746.0,1819584.0,92.76,4.76,24405732.0,45973379.0
857344.SI,20260715,线缆部件及其他,12366.06,12007.48,12621.17,12131.3,-218.56,-1.77,77133.0,999928.0,49.39,3.02,16780463.0,32244439.0
857352.SI,20260715,光伏电池组件,891.08,881.02,933.61,911.03,14.72,1.64,83512.0,776289.0,133.22,2.08,20706816.0,37887139.0
857354.SI,20260715,光伏辅材,804.23,765.96,822.55,779.59,-17.0,-2.13,27740.0,486642.0,60.49,2.17,7928944.0,16137140.0
857355.SI,20260715,光伏加工设备,2240.03,2106.43,2265.83,2128.2,-90.97,-4.1,9325.0,605136.0,45.05,3.74,13802099.0,28298091.0
857362.SI,20260715,风电零部件,6741.4,6556.43,6899.96,6631.23,-154.49,-2.28,35833.0,553911.0,32.38,1.68,10933034.0,21452761.0
857371.SI,20260715,锂电池,27627.56,27131.09,28460.55,27758.72,410.45,1.5,66728.0,3632978.0,24.0,3.99,137054156.0,231662683.0
857372.SI,20260715,电池化学品,15756.1,15298.49,16079.91,15487.77,-267.43,-1.7,78502.0,2112430.0,37.29,2.37,46978009.0,78342933.0
857373.SI,20260715,锂电专用设备,15953.67,15467.36,16353.76,15597.14,-329.8,-2.07,12635.0,393454.0,43.84,3.25,9425230.0,17860273.0
857375.SI,20260715,蓄电池及其他电池,1752.6,1696.63,1790.77,1727.55,-5.3,-0.31,13756.0,232523.0,36.09,2.36,3634108.0,7829122.0
857381.SI,20260715,输变电设备,7087.54,6900.25,7219.83,7013.62,-100.08,-1.41,51694.0,1001375.0,27.26,2.56,30689556.0,50507250.0
857382.SI,20260715,配电设备,2195.46,2151.06,2262.17,2185.24,-10.68,-0.49,27534.0,368868.0,23.21,1.77,8556397.0,18118161.0
857411.SI,20260715,航天装备Ⅲ,29058.07,28089.73,30161.93,28204.82,-2348.43,-7.69,38690.0,1354181.0,413.78,5.16,12459568.0,41456073.0
857421.SI,20260715,航空装备Ⅲ,8000.05,7892.69,8230.23,8036.56,25.59,0.32,55192.0,1418363.0,63.21,3.02,42829667.0,87932256.0
857431.SI,20260715,地面兵装Ⅲ,13870.1,13628.75,14141.57,13836.78,-30.5,-0.22,19384.0,241986.0,102.77,2.69,5898729.0,12112399.0
857451.SI,20260715,军工电子Ⅲ,6237.78,5991.32,6352.81,6060.66,-191.36,-3.06,91041.0,2758427.0,93.46,4.36,48480483.0,102619595.0
857641.SI,20260715,游戏Ⅲ,2742.14,2693.11,2923.37,2876.11,128.62,4.68,141683.0,2219920.0,24.63,3.25,33182130.0,48829405.0
857651.SI,20260715,营销代理,2119.02,2101.99,2219.28,2161.42,42.24,1.99,120547.0,1044345.0,174.92,3.62,13295145.0,17539262.0
857661.SI,20260715,影视动漫制作,1027.12,1022.2,1097.43,1077.68,41.57,4.01,64252.0,484781.0,194.2,2.47,7075961.0,13872624.0
857674.SI,20260715,门户网站,1354.73,1347.0,1413.45,1393.7,35.43,2.61,7726.0,109235.0,85.23,3.57,2146519.0,4898880.0
857691.SI,20260715,教育出版,173.61,172.83,178.13,177.1,3.56,2.05,11334.0,90500.0,13.07,1.17,3174261.0,11292938.0
857692.SI,20260715,大众出版,1802.59,1788.01,1869.9,1833.48,28.15,1.56,20477.0,232630.0,42.26,1.78,4852753.0,13018200.0
857821.SI,20260715,国有大型银行Ⅲ,1870.47,1862.79,1899.99,1894.7,3.82,0.2,147983.0,1000916.0,7.21,0.6,72197063.0,654772351.0
857831.SI,20260715,股份制银行Ⅲ,4002.89,3982.17,4102.87,4088.42,66.18,1.65,133589.0,1204554.0,5.44,0.43,96456008.0,243189602.0
857841.SI,20260715,城商行Ⅲ,1014.49,1008.82,1038.96,1035.5,14.58,1.43,98810.0,795773.0,5.82,0.52,60978827.0,122559876.0
857851.SI,20260715,农商行Ⅲ,746.93,743.26,763.39,759.93,10.27,1.37,42462.0,192130.0,5.67,0.53,14268248.0,23778361.0
858811.SI,20260715,其他运输设备,1471.34,1454.68,1529.33,1495.55,26.51,1.8,4200.0,58737.0,19.24,2.22,1345777.0,3517359.0
858812.SI,20260715,摩托车,4172.74,4113.56,4338.74,4257.71,89.3,2.14,7287.0,196696.0,25.32,3.17,6741176.0,15030500.0
859511.SI,20260715,动力煤,2020.83,2005.9,2094.2,2069.13,30.75,1.51,66977.0,851795.0,17.09,1.83,31799654.0,152027244.0
859512.SI,20260715,焦煤,4196.81,4169.51,4326.9,4289.4,45.18,1.06,35790.0,263802.0,34.53,0.87,9023766.0,23081101.0
859521.SI,20260715,焦炭Ⅲ,1057.48,1049.65,1111.51,1089.7,16.83,1.57,32049.0,98633.0,545.57,1.18,2376886.0,4591696.0
859621.SI,20260715,油田服务,698.26,685.55,715.58,696.4,-21.86,-3.04,47955.0,277441.0,20.53,1.88,3053318.0,11478564.0
859622.SI,20260715,油气及炼化工程,3035.84,2974.89,3127.19,3041.83,-89.32,-2.85,40559.0,403257.0,28.96,1.23,2979054.0,6530964.0
859631.SI,20260715,炼油化工,3120.44,3079.59,3184.47,3136.75,-26.71,-0.84,88983.0,704497.0,16.73,1.13,25701333.0,249534839.0
859632.SI,20260715,油品石化贸易,5953.28,5852.94,6162.19,6051.57,20.01,0.33,22889.0,169131.0,35.17,1.64,3097552.0,6074899.0
859633.SI,20260715,其他石化,2336.36,2286.04,2395.09,2340.86,13.68,0.59,25933.0,201137.0,29.74,1.36,6070489.0,10675107.0
859711.SI,20260715,大气治理,2409.79,2363.68,2541.89,2460.46,50.19,2.08,4529.0,41920.0,126.51,2.86,622579.0,1448089.0
859712.SI,20260715,水务及水治理,1313.83,1294.66,1348.95,1325.28,10.3,0.78,63699.0,519779.0,21.21,1.09,11975130.0,27303012.0
859713.SI,20260715,固废治理,2191.28,2138.94,2252.89,2183.45,-4.28,-0.2,49710.0,497092.0,19.47,1.64,13377345.0,30921161.0
859714.SI,20260715,综合环境治理,1551.93,1494.97,1585.8,1515.41,-46.08,-2.95,24956.0,199953.0,65.69,2.14,3658196.0,6499938.0
859721.SI,20260715,环保设备Ⅲ,2164.13,2090.08,2224.06,2140.51,-12.44,-0.58,32985.0,447694.0,39.68,2.33,8169378.0,15682539.0
859811.SI,20260715,生活用纸,1120.62,1101.1,1168.17,1153.26,31.23,2.78,7053.0,103526.0,25.75,1.81,1889404.0,5069192.0
859821.SI,20260715,化妆品制造及其他,2268.55,2239.15,2356.05,2311.62,33.34,1.46,4887.0,36588.0,49.99,2.45,968248.0,1810822.0
859822.SI,20260715,品牌化妆品,6688.44,6618.18,7051.88,6965.64,241.46,3.59,9753.0,215783.0,25.19,2.49,3190939.0,9174760.0
859852.SI,20260715,培训教育,476.5,472.15,490.67,483.24,-1.65,-0.34,26997.0,125897.0,64.64,6.43,3454019.0,5544176.0
859951.SI,20260715,电视广播Ⅲ,925.91,920.34,959.53,948.12,25.55,2.77,41020.0,208429.0,60.48,1.04,6077942.0,13107687.0
801001.SI,20260716,申万50,3971.49,3923.02,4045.38,3952.14,-105.4,-2.6,728254.0,46556705.0,26.03,3.62,1182504686.0,2398118770.0
801002.SI,20260716,申万中小,8137.56,8109.03,8317.03,8169.95,-85.61,-1.04,2630641.0,45367603.0,32.31,2.73,814089997.0,1500572893.0
801003.SI,20260716,申万Ａ指,4696.09,4651.06,4766.07,4675.12,-92.9,-1.95,12002578.0,240036391.0,23.22,2.12,4719406284.0,10933058928.0
801005.SI,20260716,申万创业,4088.25,4038.03,4169.41,4067.62,-101.61,-2.44,2044275.0,57858735.0,44.26,4.72,887099523.0,1901476156.0
801010.SI,20260716,农林牧渔,2387.97,2387.97,2442.86,2430.24,37.51,1.57,221033.0,1984736.0,39.73,2.19,55296146.0,117625911.0
801012.SI,20260716,农产品加工,2017.93,1987.81,2050.64,2016.71,-10.27,-0.51,21494.0,192965.0,37.11,1.83,7006883.0,25939033.0
801014.SI,20260716,饲料,3522.01,3506.49,3677.04,3627.33,85.79,2.42,45420.0,384938.0,47.92,2.06,10037910.0,20840753.0
801015.SI,20260716,渔业,652.88,644.38,670.59,661.49,9.96,1.53,16336.0,68823.0,138.39,2.26,959690.0,1589184.0
801016.SI,20260716,种植业,2141.29,2114.5,2187.59,2148.03,-7.11,-0.33,48804.0,300384.0,34.64,2.03,6707093.0,13293762.0
801017.SI,20260716,养殖业,2644.28,2627.89,2743.42,2709.2,69.52,2.63,71480.0,895730.0,36.59,2.43,25742137.0,47933792.0
801018.SI,20260716,动物保健Ⅱ,4322.82,4236.21,4409.51,4334.28,-4.84,-0.11,7379.0,84452.0,42.48,1.94,3171801.0,5401076.0
801030.SI,20260716,基础化工,4221.58,4141.24,4243.87,4158.02,-108.78,-2.55,676914.0,9871041.0,27.96,2.12,210986282.0,436555682.0
801032.SI,20260716,化学纤维,4291.53,4186.96,4383.2,4241.85,-74.94,-1.74,52195.0,360236.0,37.16,1.61,9312247.0,24777007.0
801033.SI,20260716,化学原料,3145.04,3064.97,3191.81,3099.2,-70.42,-2.22,132967.0,1340011.0,28.63,1.63,32653519.0,72678331.0
801034.SI,20260716,化学制品,6442.64,6251.43,6579.98,6327.22,-183.7,-2.82,233159.0,4161171.0,26.96,2.16,80788054.0,163822606.0
801036.SI,20260716,塑料,4953.19,4805.65,5114.29,4876.66,-149.86,-2.98,89968.0,1919144.0,63.27,3.36,33674504.0,68795566.0
801037.SI,20260716,橡胶,4771.35,4669.36,4966.35,4763.33,-86.17,-1.78,22236.0,313557.0,58.94,2.64,5379662.0,11472431.0
801038.SI,20260716,农化制品,4722.35,4626.79,4804.15,4676.35,-90.06,-1.89,138788.0,1377281.0,18.37,1.96,43678975.0,83000214.0
801039.SI,20260716,非金属材料Ⅱ,6739.54,6438.38,6972.1,6511.88,-348.61,-5.08,7602.0,399640.0,59.22,3.61,5499321.0,12009526.0
801040.SI,20260716,钢铁,2141.3,2120.89,2149.73,2132.64,-18.29,-0.85,195016.0,733524.0,28.29,0.95,27547738.0,81071354.0
801043.SI,20260716,冶钢原料,3114.75,3064.99,3160.34,3100.17,-32.26,-1.03,23223.0,185917.0,42.98,1.73,5872866.0,16222912.0
801044.SI,20260716,普钢,2019.35,1978.24,2040.26,2011.45,-16.1,-0.79,147680.0,395795.0,35.5,0.75,14862732.0,45926989.0
801045.SI,20260716,特钢Ⅱ,3678.79,3607.18,3729.72,3664.89,-30.22,-0.82,24113.0,151812.0,16.28,1.17,6812141.0,18921454.0
801050.SI,20260716,有色金属,7637.08,7605.59,7790.65,7645.15,-94.9,-1.23,519762.0,10798008.0,19.64,2.94,243070271.0,456745248.0
801051.SI,20260716,金属新材料,9628.72,9235.56,9789.57,9338.56,-399.15,-4.1,42858.0,934485.0,66.71,4.04,17724080.0,35257363.0
801053.SI,20260716,贵金属,20909.89,20799.57,21896.39,21227.87,52.21,0.25,47176.0,985937.0,19.43,3.37,23499441.0,42934406.0
801054.SI,20260716,小金属,35463.22,34660.9,36431.27,35066.78,-1138.22,-3.14,69490.0,2648061.0,48.91,4.9,47507136.0,112891797.0
801055.SI,20260716,工业金属,3035.82,3011.63,3134.64,3061.27,-5.09,-0.17,323241.0,4544855.0,14.58,2.59,128477106.0,227160249.0
801056.SI,20260716,能源金属,16426.02,15993.49,17049.54,16377.9,-355.88,-2.13,36997.0,1684672.0,24.51,2.17,25862507.0,38501433.0
801072.SI,20260716,通用设备,8250.59,7987.83,8587.15,8173.57,-281.52,-3.33,279413.0,6434642.0,67.76,3.99,99747469.0,219204248.0
801074.SI,20260716,专用设备,11843.38,11454.2,12186.14,11676.81,-313.76,-2.62,198769.0,3904442.0,42.67,3.15,77148225.0,158351787.0
801076.SI,20260716,轨交设备Ⅱ,5417.16,5334.32,5489.33,5394.58,-48.9,-0.9,41968.0,301474.0,17.5,1.15,13128197.0,35118328.0
801077.SI,20260716,工程机械,21810.47,21456.46,22263.34,21725.68,-223.02,-1.02,51706.0,672791.0,19.08,1.91,36197636.0,70655621.0
801078.SI,20260716,自动化设备,21719.13,21046.49,22458.07,21317.4,-932.77,-4.19,103517.0,4891849.0,81.64,6.04,78069555.0,129899386.0
801080.SI,20260716,电子,9733.81,9490.87,10100.89,9583.32,-425.75,-4.25,1611330.0,76425000.0,85.06,7.13,1011882226.0,2067580246.0
801081.SI,20260716,半导体,11445.46,10937.15,11960.38,11160.81,-665.81,-5.63,458020.0,43004825.0,128.24,10.04,554498751.0,1117566386.0
801082.SI,20260716,其他电子Ⅱ,17747.38,17146.87,18517.77,17502.17,-892.77,-4.85,60118.0,2201108.0,62.09,5.93,23901592.0,44527076.0
801083.SI,20260716,元件,24100.99,23436.64,25619.73,24396.37,-435.43,-1.75,197443.0,13572540.0,86.62,10.75,172373014.0,330013825.0
801084.SI,20260716,光学光电子,1899.07,1835.41,1957.87,1864.04,-70.34,-3.64,579078.0,5763621.0,61.36,2.5,80912988.0,151649360.0
801085.SI,20260716,消费电子,10545.15,10273.21,11072.41,10553.11,-88.7,-0.83,223298.0,7795616.0,38.41,4.74,135354519.0,347815204.0
801086.SI,20260716,电子化学品Ⅱ,13191.13,12458.65,13619.52,12606.09,-952.52,-7.03,93373.0,4087291.0,106.25,6.94,44841363.0,76008394.0
801092.SI,20260716,汽车服务,426.97,418.63,433.67,426.0,-2.16,-0.51,9857.0,61664.0,39.02,1.64,2229770.0,5129370.0
801093.SI,20260716,汽车零部件,7173.87,7032.44,7381.16,7184.66,-46.84,-0.65,266775.0,4388898.0,24.88,2.3,115269006.0,234632698.0
801095.SI,20260716,乘用车,14357.24,14257.01,14835.61,14702.24,307.55,2.14,45837.0,987493.0,25.7,1.68,36722076.0,96352458.0
801096.SI,20260716,商用车,6582.44,6475.32,6859.3,6661.65,70.63,1.07,36900.0,420360.0,21.9,2.41,12691556.0,25654975.0
801101.SI,20260716,计算机设备,2903.3,2864.33,3055.77,2962.14,7.58,0.26,124503.0,4106648.0,40.03,3.68,66315051.0,125052537.0
801102.SI,20260716,通信设备,11016.96,10721.35,11462.84,10959.01,-465.85,-4.08,247072.0,17456057.0,79.99,11.15,282960409.0,439101231.0
801103.SI,20260716,IT服务Ⅱ,4619.77,4569.07,4869.41,4736.51,66.17,1.42,288245.0,5361398.0,111.61,3.31,77180021.0,127822854.0
801104.SI,20260716,软件开发,5484.52,5406.63,5699.86,5572.96,22.84,0.41,200287.0,4378346.0,82.53,4.09,86531226.0,156892387.0
801110.SI,20260716,家用电器,8526.7,8516.14,8608.01,8534.0,-46.68,-0.54,122168.0,2107016.0,14.65,2.2,100948746.0,178258729.0
801111.SI,20260716,白色家电,18871.94,18784.25,19144.35,18843.87,-116.21,-0.61,23914.0,644957.0,11.32,2.05,64444880.0,99032510.0
801112.SI,20260716,黑色家电,2005.57,1956.92,2062.86,1980.67,-41.48,-2.05,39567.0,369469.0,30.18,2.13,8039189.0,14533241.0
801113.SI,20260716,小家电,3855.19,3807.4,4010.64,3935.21,56.05,1.44,10350.0,266422.0,22.81,2.38,6582313.0,18763903.0
801114.SI,20260716,厨卫电器,7592.26,7523.0,7863.09,7789.3,91.42,1.19,5798.0,63608.0,20.82,1.48,2009162.0,4817464.0
801115.SI,20260716,照明设备Ⅱ,4372.94,4279.54,4510.54,4360.72,-58.77,-1.33,9514.0,106652.0,52.19,1.91,2617592.0,8158949.0
801116.SI,20260716,家电零部件Ⅱ,6725.36,6619.49,6959.02,6767.9,-30.55,-0.45,31036.0,644574.0,39.75,3.61,16661570.0,31997961.0
801120.SI,20260716,食品饮料,13646.83,13624.4,13852.06,13773.45,35.98,0.26,182053.0,3559685.0,19.67,3.11,154604447.0,366192793.0
801124.SI,20260716,食品加工,12697.12,12568.03,13044.23,12868.07,50.0,0.39,52513.0,389454.0,25.52,2.04,9752891.0,22673142.0
801125.SI,20260716,白酒Ⅱ,35380.54,35167.21,35999.06,35694.52,87.95,0.25,31533.0,1764336.0,19.16,3.55,95492486.0,238801168.0
801126.SI,20260716,非白酒,3307.95,3286.67,3396.48,3360.34,3.55,0.11,15148.0,207908.0,22.95,2.42,6765555.0,17393717.0
801127.SI,20260716,饮料乳品,6835.51,6766.54,6980.46,6882.84,12.11,0.18,34735.0,549956.0,17.21,2.83,25033556.0,41867599.0
801128.SI,20260716,休闲食品,1609.08,1583.02,1645.91,1622.64,3.68,0.23,16861.0,211743.0,17.9,1.92,4970051.0,11896137.0
801129.SI,20260716,调味发酵品Ⅱ,6685.08,6633.35,6839.38,6756.25,36.58,0.54,31263.0,436288.0,27.11,3.34,12589908.0,33561030.0
801130.SI,20260716,纺织服饰,1497.73,1496.59,1526.2,1512.9,3.6,0.24,138906.0,1085527.0,24.0,1.68,24196775.0,59490003.0
801131.SI,20260716,纺织制造,1644.71,1626.0,1710.66,1671.87,6.62,0.4,41936.0,411833.0,21.95,1.56,7224427.0,18454847.0
801132.SI,20260716,服装家纺,1480.82,1459.15,1525.8,1488.68,-0.61,-0.04,70315.0,519351.0,27.54,1.74,12904447.0,31077356.0
801133.SI,20260716,饰品,1287.38,1275.2,1322.35,1305.73,10.97,0.85,26656.0,154343.0,19.3,1.75,4067901.0,9957800.0
801140.SI,20260716,轻工制造,2027.61,2019.1,2055.63,2027.25,-11.79,-0.58,173804.0,1498421.0,30.41,1.71,36492562.0,91228479.0
801141.SI,20260716,包装印刷,2702.02,2643.8,2765.17,2681.56,-41.72,-1.53,60709.0,492466.0,36.3,2.19,11482738.0,23429547.0
801142.SI,20260716,家居用品,1558.32,1525.51,1604.57,1563.23,0.23,0.01,57420.0,600234.0,27.21,1.75,13712127.0,44132043.0
801143.SI,20260716,造纸,2014.59,1977.28,2056.79,2004.61,-21.48,-1.06,43866.0,259989.0,26.33,1.11,7437616.0,14490631.0
801145.SI,20260716,文娱用品,1577.49,1564.21,1642.64,1608.81,18.4,1.16,11810.0,145732.0,39.35,2.8,3860082.0,9176259.0
801150.SI,20260716,医药生物,7884.74,7791.55,8119.61,8015.97,30.47,0.38,1205495.0,21884812.0,34.24,2.65,312828065.0,622096237.0
801151.SI,20260716,化学制药,12402.35,12113.99,12980.27,12615.94,35.84,0.28,473007.0,8482927.0,43.07,3.3,107136235.0,215717136.0
801152.SI,20260716,生物制品,5563.6,5448.78,5798.41,5671.74,40.04,0.71,95993.0,1875519.0,44.65,2.25,33437858.0,70646066.0
801153.SI,20260716,医疗器械,5681.41,5587.51,5881.64,5771.04,57.6,1.01,110887.0,2848154.0,37.23,2.42,59756944.0,126707990.0
801154.SI,20260716,医药商业,4543.73,4493.85,4706.48,4655.07,71.66,1.56,95024.0,833452.0,18.35,1.22,11767827.0,30468760.0
801155.SI,20260716,中药Ⅱ,5754.49,5662.55,6003.83,5903.77,93.15,1.6,235779.0,2505145.0,24.53,2.04,40535180.0,80678422.0
801156.SI,20260716,医疗服务,7482.96,7287.33,7829.86,7543.1,-96.33,-1.26,194805.0,5339615.0,30.07,3.65,60194021.0,97877862.0
801160.SI,20260716,公用事业,2441.43,2407.7,2443.86,2414.61,-36.25,-1.48,591797.0,4344730.0,20.47,1.54,113666456.0,393312111.0
801161.SI,20260716,电力,3212.12,3150.49,3244.84,3176.55,-47.61,-1.48,547632.0,3796620.0,20.28,1.52,104211038.0,368308964.0
801163.SI,20260716,燃气Ⅱ,3048.16,2961.53,3080.64,3017.68,-46.09,-1.5,44164.0,548110.0,22.84,1.79,9455418.0,25003147.0
801170.SI,20260716,交通运输,2008.29,1992.37,2016.91,1997.9,-20.86,-1.03,319696.0,2114393.0,16.19,1.15,86980103.0,280460135.0
801178.SI,20260716,物流,4078.13,4018.76,4141.16,4074.99,-28.09,-0.68,60136.0,546580.0,16.25,1.08,24329681.0,60177864.0
801179.SI,20260716,铁路公路,1470.81,1453.08,1489.81,1469.75,-3.99,-0.27,70461.0,393633.0,16.6,0.85,20019473.0,72072912.0
801180.SI,20260716,房地产,1843.58,1842.59,1892.04,1879.64,22.08,1.19,404960.0,1836622.0,19.78,0.78,40383102.0,91645758.0
801181.SI,20260716,房地产开发,2136.12,2102.33,2216.93,2178.06,25.41,1.18,371735.0,1731569.0,19.12,0.76,38118271.0,86696997.0
801183.SI,20260716,房地产服务,712.73,700.43,741.04,725.74,9.48,1.32,33225.0,105054.0,46.64,1.39,2264831.0,4948761.0
801191.SI,20260716,多元金融,1118.86,1099.1,1138.83,1116.96,-11.06,-0.98,75935.0,488307.0,20.03,1.18,14560329.0,44640478.0
801193.SI,20260716,证券Ⅱ,6360.09,6271.42,6411.58,6320.19,-106.34,-1.65,299166.0,3472568.0,15.64,1.21,158742056.0,324277470.0
801194.SI,20260716,保险Ⅱ,1148.89,1134.91,1161.7,1145.15,-11.52,-1.0,28932.0,976623.0,6.65,0.98,68588349.0,195633057.0
801200.SI,20260716,商贸零售,1735.97,1731.81,1772.74,1763.37,18.98,1.09,282374.0,1962098.0,33.74,1.61,38632883.0,85709108.0
801202.SI,20260716,贸易Ⅱ,3955.85,3903.21,4040.6,3965.43,-11.95,-0.3,17625.0,111425.0,21.23,1.24,3848770.0,12175748.0
801203.SI,20260716,一般零售,2619.4,2580.65,2694.02,2653.21,27.43,1.04,181766.0,978631.0,37.63,1.43,20832333.0,46215635.0
801204.SI,20260716,专业连锁Ⅱ,3410.37,3385.2,3654.79,3599.88,175.32,5.12,19509.0,183908.0,59.51,2.73,2607304.0,4552385.0
801206.SI,20260716,互联网电商,9719.74,9515.83,10140.05,9898.55,117.35,1.2,56330.0,443394.0,33.2,2.4,6020113.0,11249570.0
801210.SI,20260716,社会服务,6896.44,6882.43,7020.21,6936.14,-9.44,-0.14,111701.0,981928.0,37.55,2.4,22607889.0,44799097.0
801218.SI,20260716,专业服务,5674.28,5486.59,5811.15,5592.62,-110.39,-1.94,30743.0,425776.0,27.67,2.34,8856687.0,19114550.0
801219.SI,20260716,酒店餐饮,1380.84,1371.48,1423.5,1406.02,23.6,1.71,8934.0,84893.0,25.5,1.49,2407694.0,5129129.0
801223.SI,20260716,通信服务,2064.03,2047.07,2122.35,2084.66,5.25,0.25,107318.0,1319143.0,25.39,1.68,36080481.0,100424185.0
801230.SI,20260716,综合,4367.09,4317.92,4421.36,4331.73,-108.11,-2.43,45467.0,383638.0,94.98,2.81,10027696.0,19947350.0
801231.SI,20260716,综合Ⅱ,4363.59,4280.09,4464.39,4328.26,-108.02,-2.43,45467.0,383638.0,94.98,2.81,10027696.0,19947350.0
801250.SI,20260716,申万制造,7826.31,7678.46,8034.16,7736.66,-267.53,-3.34,3893286.0,139110092.0,47.91,5.87,2330212390.0,4514119747.0
801260.SI,20260716,申万消费,5778.38,5772.52,5897.47,5854.27,33.94,0.58,1797385.0,27983148.0,20.47,3.14,675096584.0,1459925367.0
801270.SI,20260716,申万投资,3979.71,3935.41,4017.55,3951.9,-72.86,-1.81,2251071.0,28716852.0,19.66,2.34,656187930.0,1663261263.0
801280.SI,20260716,申万服务,2512.49,2504.4,2531.14,2514.87,-16.14,-0.64,4015368.0,43842662.0,11.22,1.44,1193558717.0,3275840551.0
801300.SI,20260716,申万300指数,3587.06,3542.4,3646.99,3564.87,-94.55,-2.58,2572267.0,107550900.0,21.99,2.45,2403293044.0,5435286759.0
801710.SI,20260716,建筑材料,6353.8,6213.43,6455.2,6232.29,-284.56,-4.37,145505.0,2910757.0,36.89,1.54,44549674.0,114025801.0
801711.SI,20260716,水泥,3864.35,3798.2,3926.41,3859.05,-27.92,-0.72,26875.0,212290.0,20.33,0.64,9692271.0,21432904.0
801712.SI,20260716,玻璃玻纤,23259.97,22177.7,23924.52,22330.54,-1958.97,-8.07,77698.0,2271522.0,64.36,3.91,22970589.0,69089027.0
801713.SI,20260716,装修建材,4323.32,4262.84,4464.71,4360.31,18.77,0.43,40932.0,426945.0,34.07,1.7,11886815.0,23503871.0
801720.SI,20260716,建筑装饰,1940.31,1926.14,1954.69,1931.59,-30.48,-1.55,357141.0,2580908.0,13.14,0.69,61925627.0,160718993.0
801721.SI,20260716,房屋建设Ⅱ,2724.76,2706.1,2783.34,2737.5,-75.7,-2.69,73676.0,304867.0,7.34,0.43,7202572.0,25238325.0
801722.SI,20260716,装修装饰Ⅱ,3985.91,3885.47,4066.8,3941.05,-77.9,-1.94,35173.0,208503.0,69.03,2.41,4946188.0,10693660.0
801723.SI,20260716,基础建设,2049.25,2023.8,2077.97,2048.89,-6.65,-0.32,132040.0,525007.0,9.27,0.48,24101752.0,66091444.0
801724.SI,20260716,专业工程,1829.62,1786.15,1871.49,1812.08,-39.49,-2.13,65247.0,743139.0,21.16,1.09,16437904.0,38817186.0
801726.SI,20260716,工程咨询服务Ⅱ,2099.29,2039.02,2164.48,2078.24,-54.85,-2.57,51005.0,799391.0,45.05,1.86,9237211.0,19878379.0
801730.SI,20260716,电力设备,9204.66,9036.07,9290.61,9071.82,-226.93,-2.44,669927.0,14573472.0,31.24,2.86,406209855.0,739987502.0
801731.SI,20260716,电机Ⅱ,12021.86,11875.16,12424.08,12106.51,-49.47,-0.41,24499.0,455488.0,46.29,3.05,11640575.0,27806609.0
801733.SI,20260716,其他电源设备Ⅱ,40313.81,38958.91,40973.36,39312.71,-1973.34,-4.78,47663.0,1581744.0,62.28,3.37,30065244.0,61856825.0
801735.SI,20260716,光伏设备,5407.59,5244.09,5525.27,5298.86,-149.1,-2.74,144610.0,2827753.0,43.66,2.61,72957277.0,136735152.0
801736.SI,20260716,风电设备,2099.15,2034.08,2148.01,2076.68,-45.85,-2.16,52108.0,752051.0,30.94,1.52,18120956.0,33775536.0
801737.SI,20260716,电池,22731.38,22208.8,23139.59,22429.09,-535.75,-2.33,168576.0,5746050.0,26.39,3.3,192962940.0,328559797.0
801738.SI,20260716,电网设备,5208.41,5077.19,5314.2,5146.37,-98.65,-1.88,232471.0,3210387.0,29.27,2.61,80462862.0,151253584.0
801740.SI,20260716,国防军工,1624.25,1608.19,1652.81,1614.17,-32.61,-1.98,194541.0,5517644.0,58.57,3.14,131838576.0,287531763.0
801741.SI,20260716,航天装备Ⅱ,27254.43,26479.73,28418.66,27164.61,-1039.64,-3.69,26104.0,956884.0,398.53,4.97,12000294.0,39826575.0
801742.SI,20260716,航空装备Ⅱ,8025.53,7924.62,8206.81,8017.96,-84.36,-1.04,45462.0,1140436.0,62.54,2.99,42383712.0,87228010.0
801743.SI,20260716,地面兵装Ⅱ,13703.26,13469.32,13935.85,13648.62,-188.09,-1.36,16916.0,227703.0,101.32,2.65,5818547.0,11962663.0
801744.SI,20260716,航海装备Ⅱ,3077.12,2990.38,3105.41,3003.95,-104.32,-3.36,28014.0,756628.0,25.53,2.05,24000065.0,47353763.0
801745.SI,20260716,军工电子Ⅱ,5971.58,5832.29,6194.59,5955.09,-105.58,-1.74,78045.0,2435995.0,91.73,4.28,47635959.0,101160752.0
801750.SI,20260716,计算机,4345.18,4345.18,4518.45,4433.71,30.89,0.7,613036.0,13846392.0,67.16,3.69,230026298.0,409767778.0
801760.SI,20260716,传媒,664.52,659.9,684.68,678.16,11.1,1.66,521842.0,5697406.0,35.48,2.55,81114995.0,143483903.0
801764.SI,20260716,游戏Ⅱ,2858.86,2796.81,2950.69,2877.38,1.28,0.04,136651.0,2326877.0,24.64,3.25,33196884.0,48901027.0
801765.SI,20260716,广告营销,2353.81,2324.79,2466.51,2431.0,72.82,3.09,177528.0,1502645.0,56.45,3.98,18963487.0,26196849.0
801766.SI,20260716,影视院线,1041.58,1031.59,1114.29,1096.37,54.47,5.23,109412.0,929804.0,255.66,2.74,9315386.0,18601495.0
801767.SI,20260716,数字媒体,1504.62,1479.91,1564.68,1534.44,26.42,1.75,26172.0,395465.0,63.33,2.54,5344483.0,11870744.0
801769.SI,20260716,出版,1367.92,1354.28,1406.41,1389.55,17.87,1.3,32399.0,338949.0,22.26,1.48,8131585.0,24596289.0
801770.SI,20260716,通信,8082.25,7963.0,8342.53,8053.5,-301.33,-3.61,354390.0,18775200.0,64.46,6.83,319040890.0,539525416.0
801780.SI,20260716,银行,3903.21,3852.7,3921.39,3868.47,-46.25,-1.18,356228.0,2633973.0,5.92,0.49,241016243.0,1030872252.0
801782.SI,20260716,国有大型银行Ⅱ,1896.0,1855.79,1905.26,1869.83,-24.87,-1.31,137486.0,932418.0,7.11,0.59,71249315.0,646248845.0
801783.SI,20260716,股份制银行Ⅱ,4071.59,4031.47,4109.93,4047.53,-40.9,-1.0,102708.0,862582.0,5.38,0.43,95491185.0,240197453.0
801784.SI,20260716,城商行Ⅱ,1029.02,1014.03,1037.84,1020.05,-15.45,-1.49,81508.0,683036.0,5.74,0.51,60066552.0,120767850.0
801785.SI,20260716,农商行Ⅱ,760.59,749.5,768.43,756.79,-3.15,-0.41,34525.0,155936.0,5.65,0.53,14209191.0,23658105.0
801790.SI,20260716,非银金融,1772.95,1757.49,1779.63,1763.83,-25.56,-1.43,404033.0,4937498.0,11.42,1.13,241890734.0,564551004.0
801811.SI,20260716,大盘指数,4057.96,4016.67,4111.44,4040.58,-88.67,-2.15,1941601.0,75271260.0,18.26,1.99,2065676444.0,5098489277.0
801812.SI,20260716,中盘指数,5132.15,5069.64,5228.87,5099.48,-131.55,-2.51,1980094.0,57546014.0,31.73,2.43,975275095.0,2074711310.0
801813.SI,20260716,小盘指数,5655.26,5582.2,5743.04,5608.5,-115.41,-2.02,2522116.0,47528974.0,34.67,2.25,778571471.0,1593223478.0
801821.SI,20260716,高市盈率指数,1590.36,1576.14,1653.73,1591.19,-49.34,-3.01,594936.0,31803441.0,186.4,11.19,438884337.0,910485789.0
801822.SI,20260716,中市盈率指数,4570.42,4514.11,4655.88,4538.29,-116.49,-2.5,578542.0,15755339.0,36.83,3.0,243262474.0,480712308.0
801823.SI,20260716,低市盈率指数,7369.57,7305.1,7410.1,7333.8,-72.09,-0.97,1138438.0,11509006.0,8.04,0.76,688818006.0,2261098726.0
801831.SI,20260716,高市净率指数,2643.56,2578.92,2736.78,2608.07,-126.0,-4.61,587289.0,67170468.0,116.17,19.0,960673832.0,1953072293.0
801832.SI,20260716,中市净率指数,4293.38,4268.33,4337.94,4281.52,-48.77,-1.13,572681.0,6814753.0,24.82,2.4,191967742.0,369776827.0
801833.SI,20260716,低市净率指数,6877.62,6818.12,6913.99,6852.78,-53.9,-0.78,1249121.0,6891510.0,7.99,0.53,426283465.0,1540926052.0
801841.SI,20260716,高价股指数,5025.7,4919.89,5166.55,4966.77,-202.83,-3.92,375641.0,74121755.0,56.4,9.95,1299244943.0,2519968049.0
801842.SI,20260716,中价股指数,3966.29,3947.61,4017.78,3964.0,-36.19,-0.9,548011.0,7673763.0,26.65,2.08,149044478.0,331306596.0
801843.SI,20260716,低价股指数,14275.08,14213.56,14427.28,14354.93,24.02,0.17,1866304.0,4538481.0,24.72,0.97,129833104.0,269945850.0
801851.SI,20260716,亏损股指数,3703.23,3678.93,3781.83,3696.38,-52.24,-1.39,3246648.0,34145596.0,,2.68,548112168.0,1123384631.0
801852.SI,20260716,微利股指数,2607.25,2590.57,2670.73,2602.1,-43.26,-1.64,215949.0,3260497.0,61.07,2.15,59000327.0,109508691.0
801853.SI,20260716,绩优股指数,6383.32,6337.4,6501.2,6386.86,-131.58,-2.02,227823.0,22581501.0,26.23,6.92,687761594.0,1433665129.0
801863.SI,20260716,新股指数,2294.22,2280.14,2370.61,2316.78,-34.11,-1.45,77182.0,3203708.0,138.93,6.36,33987503.0,350189527.0
801880.SI,20260716,汽车,6450.94,6432.28,6577.47,6497.18,6.09,0.09,368537.0,6061530.0,24.9,2.14,175023583.0,380343114.0
801881.SI,20260716,摩托车及其他,3183.64,3133.67,3265.25,3209.35,9.58,0.3,9168.0,203114.0,24.34,3.0,8111174.0,18573613.0
801890.SI,20260716,机械设备,2290.33,2251.49,2336.2,2262.76,-70.01,-3.0,675373.0,16205198.0,43.55,3.25,304291082.0,613229369.0
801950.SI,20260716,煤炭,3129.2,3046.96,3139.97,3067.96,-72.04,-2.29,115203.0,1034179.0,19.85,1.42,42209122.0,176096587.0
801951.SI,20260716,煤炭开采,3595.16,3478.2,3634.8,3521.25,-86.05,-2.39,93205.0,966656.0,18.77,1.44,39849622.0,171545471.0
801952.SI,20260716,焦炭Ⅱ,1084.6,1060.65,1099.69,1081.73,-7.97,-0.73,21998.0,67522.0,541.58,1.17,2359499.0,4551115.0
801960.SI,20260716,石油石化,2460.1,2421.06,2467.22,2432.71,-36.43,-1.48,227629.0,1654048.0,18.29,1.26,49706571.0,295639072.0
801962.SI,20260716,油服工程,2207.65,2134.66,2242.39,2174.43,-43.93,-1.98,63147.0,475018.0,23.5,1.46,5912922.0,17807063.0
801963.SI,20260716,炼化及贸易,2800.78,2745.01,2840.18,2779.23,-29.14,-1.04,115313.0,889189.0,18.87,1.18,34507563.0,264640984.0
801970.SI,20260716,环保,1881.31,1852.84,1890.23,1860.24,-28.46,-1.51,173836.0,1616296.0,24.88,1.52,37210429.0,80762302.0
801971.SI,20260716,环境治理,1809.76,1759.62,1846.19,1794.43,-21.21,-1.17,141403.0,1189836.0,22.51,1.38,29264399.0,65478263.0
801972.SI,20260716,环保设备Ⅱ,2126.88,2053.65,2178.8,2081.99,-58.52,-2.73,32433.0,426460.0,38.58,2.27,7946030.0,15284039.0
801980.SI,20260716,美容护理,3407.7,3394.81,3481.69,3467.23,42.28,1.23,23895.0,473083.0,30.28,2.43,8878251.0,23233719.0
801981.SI,20260716,个护用品,1209.7,1198.83,1257.25,1239.57,20.01,1.64,7451.0,112547.0,27.89,1.91,2486253.0,6970169.0
801982.SI,20260716,化妆品,5780.15,5710.35,5950.11,5838.34,15.31,0.26,14230.0,230584.0,28.85,2.49,4170124.0,10956607.0
801991.SI,20260716,航空机场,2312.06,2290.21,2343.18,2316.06,-8.72,-0.37,65746.0,297724.0,24.31,2.13,16366716.0,46441087.0
801992.SI,20260716,航运港口,3158.89,3083.45,3188.0,3106.01,-73.84,-2.32,123352.0,876455.0,13.15,1.19,26264232.0,101768271.0
801993.SI,20260716,旅游及景区,1816.76,1803.48,1881.26,1857.72,30.41,1.66,33565.0,285081.0,43.36,2.36,6231993.0,12437974.0
801994.SI,20260716,教育,1505.1,1489.05,1552.55,1526.89,-2.91,-0.19,34381.0,156551.0,80.0,3.75,4519843.0,7277300.0
801995.SI,20260716,电视广播Ⅱ,942.78,936.09,971.71,961.41,13.3,1.4,39680.0,203666.0,61.29,1.06,6163171.0,13317499.0
850111.SI,20260716,种子,2444.06,2427.97,2499.26,2472.88,19.49,0.79,19614.0,107493.0,114.47,2.32,2688395.0,4459175.0
850113.SI,20260716,其他种植业,1461.54,1438.56,1501.47,1465.87,-5.38,-0.37,20535.0,108716.0,40.07,2.02,2257428.0,4491600.0
850122.SI,20260716,水产养殖,416.26,410.59,427.32,420.57,5.61,1.35,14661.0,55533.0,305.66,2.56,725574.0,1099696.0
850135.SI,20260716,食品及饲料添加剂,2411.69,2381.15,2483.03,2420.6,0.23,0.01,33446.0,348421.0,16.88,1.76,10973480.0,23657512.0
850136.SI,20260716,有机硅,4297.44,4137.17,4376.21,4168.09,-196.91,-4.51,22471.0,398046.0,54.63,2.13,3732928.0,10588573.0
850142.SI,20260716,畜禽饲料,1112.48,1106.24,1159.52,1147.52,28.44,2.54,38090.0,196790.0,1235.92,1.63,4911287.0,8725403.0
850151.SI,20260716,果蔬加工,1689.8,1628.18,1704.37,1637.61,-53.12,-3.14,3579.0,48140.0,43.93,3.77,1300641.0,3303624.0
850152.SI,20260716,粮油加工,1319.5,1312.5,1342.44,1333.89,11.4,0.86,4867.0,58123.0,38.36,1.56,2274269.0,16041976.0
850154.SI,20260716,其他农产品加工,2631.27,2597.59,2679.72,2641.01,-9.95,-0.38,13048.0,86702.0,34.36,1.7,3431973.0,6593433.0
850172.SI,20260716,生猪养殖,4999.24,4972.01,5192.89,5134.69,149.12,2.99,55187.0,749896.0,38.12,2.52,22352698.0,40410381.0
850173.SI,20260716,肉鸡养殖,746.27,738.31,768.69,752.49,2.1,0.28,12580.0,134491.0,25.71,1.84,2986123.0,6693351.0
850181.SI,20260716,动物保健Ⅲ,4323.16,4236.54,4409.86,4334.62,-4.84,-0.11,7379.0,84452.0,42.48,1.94,3171801.0,5401076.0
850232.SI,20260716,汽车经销商,405.44,400.71,412.16,409.16,3.91,0.96,3938.0,12945.0,58.48,1.47,689006.0,1709798.0
850233.SI,20260716,汽车综合服务,1619.59,1582.34,1644.36,1607.72,-18.69,-1.15,5919.0,48719.0,33.47,1.74,1540764.0,3419572.0
850322.SI,20260716,氯碱,1226.11,1199.3,1244.93,1214.71,-21.05,-1.7,38272.0,267899.0,40.23,1.21,6782636.0,13826384.0
850323.SI,20260716,无机盐,21888.03,20779.03,22152.25,20995.23,-999.33,-4.54,11863.0,288863.0,60.51,2.77,5288256.0,10773930.0
850324.SI,20260716,其他化学原料,4099.12,4016.87,4151.41,4049.99,-92.21,-2.23,12935.0,227191.0,20.5,2.08,6516090.0,14480944.0
850325.SI,20260716,煤化工,6988.64,6823.15,7106.52,6887.48,-156.04,-2.22,45926.0,419719.0,17.71,1.67,7521038.0,22810099.0
850326.SI,20260716,钛白粉,626.11,620.84,637.44,630.48,-0.45,-0.07,11659.0,70259.0,57.47,1.59,3988469.0,6541926.0
850331.SI,20260716,氮肥,5096.23,5039.58,5220.47,5119.2,4.11,0.08,37163.0,224752.0,17.69,1.52,5388963.0,8568840.0
850332.SI,20260716,磷肥及磷化工,1918.9,1872.92,1954.31,1887.52,-53.55,-2.76,41537.0,371131.0,20.58,1.87,10549921.0,18284337.0
850333.SI,20260716,农药,3110.96,3031.47,3168.13,3084.91,-52.3,-1.67,31166.0,342560.0,26.8,1.52,9425460.0,18945737.0
850335.SI,20260716,涂料油墨,7540.1,7387.14,7995.47,7722.81,32.13,0.42,14938.0,357409.0,111.1,4.29,3554950.0,8765418.0
850337.SI,20260716,民爆制品,3755.72,3683.24,3807.84,3728.34,-45.82,-1.21,14865.0,207208.0,23.01,2.01,6045898.0,11146072.0
850338.SI,20260716,纺织化学制品,2342.97,2300.02,2399.22,2330.55,-51.63,-2.17,23915.0,228470.0,24.76,1.34,5659787.0,9200141.0
850339.SI,20260716,其他化学制品,2078.5,2000.33,2122.32,2027.7,-77.33,-3.67,77449.0,1130839.0,42.28,2.07,20296198.0,43124428.0
850341.SI,20260716,涤纶,5742.76,5638.88,5890.46,5734.95,-23.08,-0.4,13420.0,88762.0,27.38,1.36,2493265.0,7152711.0
850343.SI,20260716,粘胶,2509.15,2469.07,2604.89,2512.86,0.18,0.01,19324.0,68243.0,68.67,1.75,1326486.0,1992197.0
850351.SI,20260716,其他塑料制品,3588.78,3496.35,3668.37,3547.9,-66.05,-1.83,17055.0,224205.0,63.75,2.07,5209602.0,10595080.0
850353.SI,20260716,改性塑料,4332.49,4198.88,4409.96,4242.36,-126.52,-2.9,16629.0,332261.0,41.46,2.63,8274587.0,15058175.0
850354.SI,20260716,合成树脂,5115.78,4965.15,5307.0,5044.03,-187.04,-3.58,19472.0,531690.0,55.61,4.78,7937611.0,17952954.0
850355.SI,20260716,膜材料,3382.76,3277.89,3530.66,3333.88,-107.94,-3.14,36812.0,830989.0,112.44,4.1,12252703.0,25189357.0
850362.SI,20260716,其他橡胶制品,3704.79,3635.03,3885.41,3754.88,37.7,1.01,12732.0,94714.0,93.65,2.46,2438648.0,4354774.0
850363.SI,20260716,炭黑,2843.24,2786.0,2923.78,2833.09,-39.4,-1.37,5794.0,51269.0,35.21,1.66,1112611.0,2377989.0
850372.SI,20260716,聚氨酯,17250.63,16895.2,17527.88,16937.97,-407.2,-2.35,9786.0,315644.0,17.63,1.93,13825542.0,24181225.0
850381.SI,20260716,复合肥,4330.48,4242.83,4379.76,4278.43,-73.38,-1.69,18257.0,113155.0,13.15,1.44,3999455.0,7335700.0
850382.SI,20260716,氟化工,8340.77,7968.09,8465.12,8043.99,-415.71,-4.91,31865.0,1087959.0,35.35,4.18,15354448.0,30987562.0
850412.SI,20260716,特钢Ⅲ,2519.18,2470.14,2554.05,2509.65,-20.69,-0.82,24113.0,151812.0,16.28,1.17,6812141.0,18921454.0
850442.SI,20260716,板材,2064.14,2020.71,2085.5,2053.39,-19.89,-0.96,136180.0,358701.0,39.55,0.77,12835095.0,41681068.0
850521.SI,20260716,其他金属新材料,7440.0,7117.24,7581.33,7203.26,-314.53,-4.18,22315.0,447140.0,78.31,4.1,8552704.0,16959887.0
850522.SI,20260716,磁性材料,10143.5,9753.53,10291.21,9853.81,-412.69,-4.02,20543.0,487345.0,58.21,3.98,9171376.0,18297476.0
850523.SI,20260716,非金属材料Ⅲ,6007.83,5739.37,6215.14,5804.89,-310.76,-5.08,7602.0,399640.0,59.22,3.61,5499321.0,12009526.0
850531.SI,20260716,黄金,21022.79,20917.45,22038.44,21360.39,80.54,0.38,40233.0,934751.0,18.8,3.3,22155074.0,40870728.0
850544.SI,20260716,其他小金属,22546.87,21910.22,23230.73,22259.65,-793.32,-3.44,30964.0,1146997.0,53.21,3.72,17738215.0,32129146.0
850551.SI,20260716,铝,4782.55,4693.68,4900.67,4735.59,-121.09,-2.49,141626.0,1618420.0,11.86,1.75,33710242.0,58961720.0
850552.SI,20260716,铜,8315.27,8290.9,8615.15,8460.73,90.83,1.09,131012.0,2295690.0,15.13,3.2,80168892.0,143785880.0
850553.SI,20260716,铅锌,4553.36,4506.04,4698.73,4560.91,-66.3,-1.43,50603.0,630745.0,21.7,2.69,14597973.0,24412649.0
850614.SI,20260716,其他建材,7230.11,7139.11,7522.51,7363.66,116.9,1.61,16122.0,204796.0,25.58,1.73,5517515.0,11409310.0
850615.SI,20260716,耐火材料,5860.6,5762.48,5973.7,5833.35,-76.21,-1.29,6965.0,40875.0,48.5,1.64,1593249.0,2853172.0
850616.SI,20260716,管材,3639.38,3578.42,3705.42,3620.29,-37.63,-1.03,8374.0,74966.0,28.99,1.71,1454295.0,3208164.0
850623.SI,20260716,房屋建设Ⅲ,2724.91,2706.26,2783.5,2737.66,-75.7,-2.69,73676.0,304867.0,7.34,0.43,7202572.0,25238325.0
850702.SI,20260716,安防设备,14426.68,14248.47,14866.88,14505.77,-71.09,-0.49,24872.0,569075.0,21.91,2.87,20040605.0,48426923.0
850703.SI,20260716,其他计算机设备,5138.05,5066.67,5457.89,5275.79,30.54,0.58,99631.0,3537573.0,61.53,4.17,46274445.0,76625615.0
850711.SI,20260716,机床工具,1579.98,1540.72,1615.14,1562.67,-29.35,-1.84,21560.0,305161.0,76.79,3.73,6011306.0,12634360.0
850713.SI,20260716,磨具磨料,3616.66,3436.88,3712.51,3479.0,-196.36,-5.34,26829.0,570821.0,113.18,4.84,6945333.0,12934709.0
850715.SI,20260716,制冷空调设备,19833.63,19028.68,20576.91,19531.01,-762.0,-3.76,18616.0,601076.0,55.94,3.45,8907203.0,18658802.0
850716.SI,20260716,其他通用设备,9051.11,8784.47,9350.56,8939.68,-253.78,-2.76,71373.0,1344306.0,43.84,3.58,19693761.0,38308189.0
850721.SI,20260716,纺织服装设备,1517.64,1472.58,1546.69,1503.19,-21.42,-1.41,17382.0,150032.0,41.55,2.51,3353052.0,7706482.0
850725.SI,20260716,能源及重型设备,2220.81,2158.24,2263.88,2185.04,-53.44,-2.39,89415.0,1076809.0,31.87,2.42,24762058.0,51024622.0
850726.SI,20260716,印刷包装机械,3369.03,3331.29,3469.34,3395.66,3.41,0.1,7282.0,90330.0,41.83,2.49,2450696.0,4598802.0
850727.SI,20260716,其他专用设备,22630.07,21737.22,23435.6,22257.76,-745.97,-3.24,70512.0,2454184.0,57.49,4.56,41930267.0,83903711.0
850728.SI,20260716,楼宇设备,12850.48,12699.88,13156.13,12866.52,-96.36,-0.74,8501.0,93248.0,33.34,1.86,3377053.0,7479456.0
850731.SI,20260716,仪器仪表,6837.86,6595.96,7281.79,6865.66,-331.25,-4.6,33768.0,1712120.0,122.7,6.46,25096735.0,61390723.0
850741.SI,20260716,电机Ⅲ,12031.56,11884.74,12434.1,12116.28,-49.51,-0.41,24499.0,455488.0,46.29,3.05,11640575.0,27806609.0
850751.SI,20260716,金属制品,9238.99,9001.74,9559.56,9151.41,-224.87,-2.4,107266.0,1901159.0,61.21,3.17,33093132.0,75277465.0
850771.SI,20260716,工程机械整机,18668.15,18338.63,19008.08,18588.33,-142.63,-0.76,48115.0,522240.0,16.8,1.66,29453862.0,50778605.0
850772.SI,20260716,工程机械器件,5597.13,5541.09,5775.94,5584.89,-120.57,-2.11,3591.0,150551.0,53.78,7.18,6743773.0,19877015.0
850781.SI,20260716,机器人,14545.56,14335.0,15484.66,14786.37,-131.46,-0.88,35773.0,1473776.0,183.77,7.14,14256195.0,24850225.0
850782.SI,20260716,工控设备,5704.65,5556.68,5837.85,5590.43,-160.64,-2.79,35600.0,1053394.0,51.91,4.51,26685303.0,44474313.0
850783.SI,20260716,激光设备,15288.94,14593.27,15742.63,14732.17,-1167.57,-7.34,21189.0,1768601.0,87.05,6.95,24835958.0,34778884.0
850784.SI,20260716,其他自动化设备,6166.88,5978.96,6364.08,6058.66,-273.13,-4.31,10956.0,596078.0,169.73,8.86,12292098.0,25795964.0
850812.SI,20260716,分立器件,4585.85,4412.52,4887.79,4605.95,-129.54,-2.74,45049.0,2927930.0,195.25,7.32,41197831.0,69675345.0
850813.SI,20260716,半导体材料,15572.71,14598.29,16211.11,14875.33,-1371.93,-8.44,69444.0,4793413.0,213.05,8.08,39329629.0,104779442.0
850814.SI,20260716,数字芯片设计,6699.27,6423.07,6975.21,6532.29,-388.49,-5.61,108690.0,17817400.0,103.95,13.23,229999260.0,498482479.0
850815.SI,20260716,模拟芯片设计,4560.23,4293.22,4742.24,4352.65,-257.55,-5.59,37418.0,2252500.0,169.69,5.68,34205990.0,59833723.0
850817.SI,20260716,集成电路封测,12733.61,12366.16,13565.12,12635.78,-1006.19,-7.38,125520.0,5890632.0,100.9,5.74,36753478.0,79583272.0
850818.SI,20260716,半导体设备,83112.32,78418.79,85346.49,79457.98,-5584.75,-6.57,28554.0,6472636.0,135.13,15.64,121652458.0,224954086.0
850822.SI,20260716,印制电路板,20266.21,19800.83,21673.62,20718.92,-162.46,-0.78,148720.0,11192211.0,93.08,12.37,141020904.0,280029569.0
850823.SI,20260716,被动元件,18755.13,17870.06,19422.65,18178.59,-1142.69,-5.91,48723.0,2380329.0,65.79,6.72,31352110.0,49984256.0
850831.SI,20260716,面板,1353.95,1312.47,1393.89,1331.59,-52.0,-3.76,451133.0,3296798.0,43.1,1.9,42803018.0,88067085.0
850832.SI,20260716,LED,1752.12,1698.04,1800.07,1720.54,-57.81,-3.25,85261.0,934627.0,159.85,2.35,15447525.0,25403857.0
850833.SI,20260716,光学元件,5303.22,5087.07,5494.87,5184.58,-197.36,-3.67,42684.0,1532196.0,99.0,7.56,22662445.0,38178418.0
850841.SI,20260716,其他电子Ⅲ,17790.12,17188.17,18562.37,17544.33,-894.92,-4.85,60118.0,2201108.0,62.09,5.93,23901592.0,44527076.0
850853.SI,20260716,品牌消费电子,3443.09,3406.15,3732.32,3616.56,161.41,4.67,14149.0,625013.0,32.49,3.7,11161887.0,28392772.0
850854.SI,20260716,消费电子零部件及组装,7728.05,7518.83,8092.05,7701.18,-101.44,-1.3,209148.0,7170603.0,39.05,4.86,124192633.0,319422432.0
850861.SI,20260716,电子化学品Ⅲ,13191.15,12458.66,13619.53,12606.11,-952.52,-7.03,93373.0,4087291.0,106.25,6.94,44841363.0,76008394.0
850912.SI,20260716,商用载货车,3422.09,3348.2,3554.69,3433.83,6.44,0.19,27667.0,298507.0,38.14,2.02,7800565.0,17137986.0
850913.SI,20260716,商用载客车,8830.63,8763.53,9249.76,9060.77,222.19,2.51,9233.0,121852.0,13.4,3.37,4890991.0,8516990.0
850922.SI,20260716,车身附件及饰件,10483.08,10292.75,10697.76,10485.79,-37.03,-0.35,31426.0,528380.0,17.89,2.09,22394700.0,42916836.0
850923.SI,20260716,底盘与发动机系统,6406.7,6269.22,6601.72,6399.54,-76.1,-1.18,117892.0,2060585.0,27.95,2.62,52019672.0,96328682.0
850924.SI,20260716,轮胎轮毂,3414.25,3381.87,3507.86,3464.86,41.49,1.21,28033.0,290589.0,16.47,1.46,10131296.0,23442324.0
850925.SI,20260716,其他汽车零部件,2610.99,2562.14,2701.55,2629.07,-6.31,-0.24,40308.0,778197.0,35.69,2.26,15403607.0,33174062.0
850926.SI,20260716,汽车电子电气系统,4327.13,4224.48,4461.79,4319.13,-38.94,-0.89,49115.0,731147.0,36.1,2.74,15319731.0,38770794.0
850935.SI,20260716,航海装备Ⅲ,3077.33,2990.59,3105.62,3004.16,-104.33,-3.36,28014.0,756628.0,25.53,2.05,24000065.0,47353763.0
850936.SI,20260716,轨交设备Ⅲ,5413.8,5331.01,5485.92,5391.23,-48.87,-0.9,41968.0,301474.0,17.5,1.15,13128197.0,35118328.0
850952.SI,20260716,综合乘用车,5524.71,5489.15,5686.02,5645.64,75.44,1.35,27727.0,209082.0,18.11,0.67,9058623.0,32941537.0
851024.SI,20260716,通信网络设备及器件,52508.94,51337.68,54725.92,52493.05,-2067.3,-3.79,112767.0,11952291.0,83.85,15.84,223909647.0,332118193.0
851025.SI,20260716,通信线缆及配套,9579.72,9055.69,9838.39,9218.17,-723.65,-7.28,75556.0,3866753.0,69.06,5.67,35317454.0,62048247.0
851026.SI,20260716,通信终端及配件,2227.73,2167.3,2335.72,2225.88,-37.84,-1.67,51232.0,1477125.0,64.94,5.09,19891745.0,37441978.0
851027.SI,20260716,其他通信设备,1673.95,1635.52,1717.24,1662.39,-43.04,-2.52,7517.0,159887.0,78.68,3.53,3841563.0,7492813.0
851041.SI,20260716,垂直应用软件,4647.5,4581.83,4843.47,4723.01,13.16,0.28,142852.0,2991858.0,81.28,4.5,57038447.0,104874361.0
851042.SI,20260716,横向通用软件,22551.23,22227.78,23310.09,22909.53,152.05,0.67,57435.0,1386487.0,84.94,3.5,29492779.0,52018026.0
851112.SI,20260716,空调,40790.95,40603.37,41338.7,40674.88,-314.16,-0.77,9182.0,483075.0,11.3,2.14,55159510.0,81864892.0
851116.SI,20260716,冰洗,11214.74,11159.39,11444.31,11289.37,34.77,0.31,14731.0,161881.0,11.47,1.6,9285370.0,17167618.0
851122.SI,20260716,其他黑色家电,1818.3,1798.66,1911.29,1853.36,31.58,1.73,8412.0,98897.0,62.59,2.54,1886740.0,3567918.0
851131.SI,20260716,厨房小家电,3117.57,3074.2,3196.8,3140.67,8.81,0.28,4923.0,55336.0,23.27,2.54,1970932.0,7321742.0
851141.SI,20260716,厨房电器,11918.4,11806.91,12384.44,12268.22,158.87,1.31,4090.0,51907.0,20.08,1.53,1575648.0,3429414.0
851151.SI,20260716,照明设备Ⅲ,4372.93,4279.54,4510.54,4360.71,-58.77,-1.33,9514.0,106652.0,52.19,1.91,2617592.0,8158949.0
851161.SI,20260716,家电零部件Ⅲ,6725.37,6619.49,6959.03,6767.9,-30.55,-0.45,31036.0,644574.0,39.75,3.61,16661570.0,31997961.0
851232.SI,20260716,啤酒,3910.71,3889.8,4014.24,3979.51,-7.68,-0.19,7934.0,133714.0,17.77,2.6,4239002.0,11720976.0
851233.SI,20260716,其他酒类,3310.97,3283.68,3401.2,3353.7,20.33,0.61,7215.0,74195.0,44.88,2.17,2526553.0,5672741.0
851241.SI,20260716,肉制品,5413.71,5377.93,5593.86,5496.09,58.87,1.08,28967.0,203039.0,26.77,2.6,4237839.0,11409606.0
851242.SI,20260716,调味发酵品Ⅲ,5854.12,5808.82,5989.24,5916.44,32.03,0.54,31263.0,436288.0,27.11,3.34,12589908.0,33561030.0
851243.SI,20260716,乳品,8286.29,8231.5,8433.37,8358.11,64.71,0.78,25180.0,327912.0,15.69,2.56,18122679.0,24457240.0
851246.SI,20260716,预加工食品,3235.2,3187.92,3298.95,3256.36,-17.8,-0.54,5331.0,114123.0,21.04,1.74,3370960.0,6004203.0
851247.SI,20260716,保健品,954.73,945.05,981.19,974.81,4.97,0.51,18215.0,72292.0,33.71,1.77,2144092.0,5259332.0
851251.SI,20260716,白酒Ⅲ,35380.54,35167.21,35999.06,35694.52,87.95,0.25,31533.0,1764336.0,19.16,3.55,95492486.0,238801168.0
851271.SI,20260716,软饮料,2884.31,2829.07,2971.45,2891.18,-40.27,-1.37,9555.0,222044.0,23.08,3.88,6910877.0,17410360.0
851281.SI,20260716,零食,1586.77,1569.06,1631.31,1610.39,9.58,0.6,10923.0,145861.0,13.41,2.02,2833024.0,6022942.0
851282.SI,20260716,烘焙食品,941.77,922.84,961.74,946.23,0.66,0.07,4779.0,51305.0,25.3,1.9,1467166.0,3759632.0
851312.SI,20260716,棉纺,1870.39,1844.24,1958.58,1915.05,29.01,1.54,17323.0,136798.0,18.04,1.05,2165978.0,4506853.0
851314.SI,20260716,印染,1684.07,1654.81,1755.51,1710.25,9.89,0.58,6957.0,78256.0,17.47,1.42,658095.0,1658992.0
851315.SI,20260716,辅料,4836.59,4809.35,5036.12,4908.33,-122.93,-2.44,3628.0,69503.0,22.35,2.45,1116038.0,2107326.0
851316.SI,20260716,其他纺织,1668.29,1648.33,1723.67,1682.73,3.9,0.23,13664.0,115623.0,33.52,1.96,2811463.0,6404096.0
851325.SI,20260716,鞋帽及其他,875.57,865.94,919.35,896.19,8.9,1.0,12406.0,125295.0,87.73,3.4,1993047.0,4154450.0
851326.SI,20260716,家纺,1596.56,1573.86,1625.43,1593.96,-9.79,-0.61,2666.0,24017.0,19.37,1.87,1135503.0,2954192.0
851329.SI,20260716,非运动服装,1464.63,1446.97,1500.84,1471.46,-0.6,-0.04,47364.0,282154.0,21.98,1.38,8205652.0,21688584.0
851331.SI,20260716,钟表珠宝,1304.59,1293.32,1341.71,1325.67,13.74,1.05,24624.0,147341.0,17.78,1.79,3756039.0,9444207.0
851412.SI,20260716,大宗用纸,3257.74,3197.97,3314.62,3246.16,-30.12,-0.92,22020.0,105180.0,22.23,0.95,4665180.0,8535790.0
851413.SI,20260716,特种纸,1445.39,1418.19,1484.11,1434.83,-18.85,-1.3,21846.0,154809.0,38.57,1.59,2772436.0,5954841.0
851422.SI,20260716,印刷,3294.27,3266.78,3451.55,3392.41,86.07,2.6,3049.0,21425.0,49.88,2.87,596560.0,1150479.0
851423.SI,20260716,金属包装,1937.87,1881.83,1961.98,1899.28,-48.36,-2.48,12074.0,105550.0,32.06,2.09,2353164.0,5218153.0
851424.SI,20260716,塑料包装,3142.85,3068.66,3209.48,3097.6,-90.8,-2.85,8084.0,97813.0,20.14,2.6,2082752.0,4085052.0
851425.SI,20260716,纸包装,2107.24,2064.83,2162.0,2099.01,-23.29,-1.1,34068.0,241492.0,49.68,2.13,5627228.0,11509140.0
851436.SI,20260716,瓷砖地板,767.05,744.49,790.03,764.67,-3.65,-0.48,16118.0,167137.0,52.57,1.6,2336193.0,7667267.0
851437.SI,20260716,成品家居,1195.47,1176.3,1235.36,1203.7,2.57,0.21,18921.0,168333.0,22.05,1.75,3865918.0,9943932.0
851438.SI,20260716,定制家居,1389.45,1356.03,1435.75,1398.23,9.77,0.7,5615.0,80670.0,20.45,1.33,2277392.0,6286353.0
851439.SI,20260716,卫浴制品,422.08,414.4,430.2,423.97,1.44,0.34,3734.0,25707.0,43.39,1.4,812251.0,3121658.0
851452.SI,20260716,娱乐用品,1400.11,1384.82,1466.93,1429.58,15.26,1.08,7002.0,89400.0,80.86,3.47,2299407.0,5373674.0
851491.SI,20260716,其他家居用品,1411.2,1383.01,1448.38,1413.08,-4.4,-0.31,13031.0,158387.0,28.82,2.51,4420373.0,17112833.0
851511.SI,20260716,原料药,10561.29,10319.85,11094.85,10750.82,96.03,0.9,98892.0,1761967.0,51.91,2.69,16765265.0,34988410.0
851512.SI,20260716,化学制剂,8688.82,8486.17,9087.38,8837.29,15.12,0.17,374115.0,6720961.0,41.87,3.43,90370970.0,180728726.0
851521.SI,20260716,中药Ⅲ,5752.57,5660.66,6001.82,5901.8,93.12,1.6,235779.0,2505145.0,24.53,2.04,40535180.0,80678422.0
851522.SI,20260716,血液制品,6045.01,6004.89,6367.31,6319.36,246.64,4.06,23889.0,191440.0,32.01,1.36,4804221.0,10635370.0
851523.SI,20260716,疫苗,9779.18,9488.39,10098.67,9878.88,-4.83,-0.05,27178.0,422295.0,60.69,1.71,8982024.0,16292043.0
851524.SI,20260716,其他生物制品,10368.01,10162.91,10823.66,10549.63,28.43,0.27,44926.0,1261784.0,43.68,3.29,19651613.0,43718654.0
851532.SI,20260716,医疗设备,8183.45,8084.6,8510.24,8353.85,100.42,1.22,34072.0,1126996.0,36.74,3.23,26434067.0,55768925.0
851533.SI,20260716,医疗耗材,5451.92,5328.68,5590.43,5463.61,-21.57,-0.39,43427.0,796340.0,35.38,2.28,19703495.0,42516299.0
851534.SI,20260716,体外诊断,7311.66,7193.2,7609.04,7502.67,196.4,2.69,33389.0,924818.0,40.95,1.74,13619382.0,28422766.0
851542.SI,20260716,医药流通,2579.76,2548.74,2680.36,2650.09,51.08,1.97,83466.0,656310.0,18.59,1.09,8265941.0,22366580.0
851543.SI,20260716,线下药店,11229.73,11134.02,11548.58,11432.55,71.22,0.63,11558.0,177142.0,17.78,1.75,3501886.0,8102180.0
851563.SI,20260716,医疗研发外包,15656.24,15198.04,16378.64,15657.4,-379.87,-2.37,102795.0,4482481.0,26.99,3.92,46487370.0,72623586.0
851564.SI,20260716,医院,3900.13,3849.74,4089.23,4045.53,117.48,2.99,76320.0,574539.0,41.73,3.42,10459440.0,19484472.0
851610.SI,20260716,电能综合服务,2830.41,2791.35,2867.97,2823.03,-24.32,-0.85,67563.0,257408.0,36.21,1.07,9492166.0,23455096.0
851611.SI,20260716,火力发电,2991.83,2925.2,3029.38,2952.52,-55.96,-1.86,212674.0,1468289.0,12.54,1.11,24863663.0,85003607.0
851612.SI,20260716,水力发电,5412.98,5322.5,5450.47,5350.87,-70.55,-1.3,50001.0,802219.0,19.11,2.52,37336622.0,124178455.0
851614.SI,20260716,热力服务,2288.67,2203.48,2312.37,2227.96,-67.98,-2.96,34854.0,299710.0,37.22,2.01,5432327.0,12642183.0
851616.SI,20260716,光伏发电,820.35,806.27,838.3,817.39,-8.66,-1.05,76409.0,315950.0,65.95,1.31,6736199.0,11766366.0
851617.SI,20260716,风力发电,1145.7,1118.57,1157.11,1132.44,-18.43,-1.6,85210.0,523507.0,39.73,1.31,11791403.0,67477514.0
851631.SI,20260716,燃气Ⅲ,3046.24,2959.66,3078.7,3015.78,-46.06,-1.5,44164.0,548110.0,22.84,1.79,9455418.0,25003147.0
851711.SI,20260716,港口,3808.06,3760.52,3846.08,3791.37,-26.97,-0.71,42442.0,177031.0,13.86,0.91,8193696.0,47203174.0
851721.SI,20260716,公交,2171.0,2129.25,2282.17,2252.39,82.03,3.78,11667.0,60686.0,64.85,1.33,1194015.0,2326398.0
851731.SI,20260716,高速公路,3081.64,3051.95,3127.93,3091.58,-2.34,-0.08,24339.0,132698.0,14.65,0.93,7986887.0,32881487.0
851741.SI,20260716,航空运输,1686.01,1669.42,1706.21,1684.63,-12.95,-0.76,60820.0,232499.0,25.39,2.69,12860311.0,36549867.0
851761.SI,20260716,航运,2486.24,2414.24,2508.3,2430.94,-76.16,-3.04,80910.0,699424.0,12.86,1.39,18070536.0,54565097.0
851771.SI,20260716,铁路运输,771.31,761.23,776.98,765.43,-6.48,-0.84,34455.0,200249.0,16.87,0.78,10838571.0,36865028.0
851782.SI,20260716,原材料供应链服务,2714.69,2682.2,2768.85,2736.54,9.8,0.36,20861.0,108557.0,17.86,0.52,5124184.0,11059344.0
851783.SI,20260716,中间产品及消费品供应链服务,930.95,900.33,957.48,921.32,-17.01,-1.81,7481.0,76764.0,60.15,2.2,1311946.0,2650227.0
851784.SI,20260716,快递,2273.66,2249.13,2296.26,2269.13,-12.52,-0.55,11598.0,183572.0,14.07,1.59,11439152.0,26207912.0
851785.SI,20260716,跨境物流,1313.52,1293.92,1338.73,1316.23,-14.09,-1.06,9331.0,78401.0,13.77,1.47,3876594.0,14742095.0
851786.SI,20260716,仓储物流,2990.38,2899.25,3049.2,2930.24,-99.58,-3.29,6276.0,76675.0,25.43,1.23,1714088.0,3283045.0
851787.SI,20260716,公路货运,2167.75,2129.05,2204.47,2178.07,2.59,0.12,4590.0,22611.0,32.6,1.03,863717.0,2235241.0
851811.SI,20260716,住宅开发,2047.87,2014.02,2126.59,2088.79,24.88,1.21,319750.0,1413042.0,15.6,0.72,28026158.0,56718749.0
851812.SI,20260716,商业地产,2268.41,2242.6,2325.54,2301.25,24.13,1.06,35610.0,168572.0,72.6,0.65,5382693.0,17775326.0
851813.SI,20260716,产业地产,2355.19,2315.9,2470.06,2410.55,27.87,1.17,16375.0,149954.0,38.43,1.63,4709420.0,12202923.0
851831.SI,20260716,物业管理,521.84,513.19,539.23,527.48,2.22,0.42,11402.0,53866.0,32.18,1.9,1326835.0,2900027.0
851922.SI,20260716,金融控股,2138.1,2119.11,2168.94,2140.12,-18.49,-0.86,24823.0,151717.0,20.12,0.81,4895713.0,19657179.0
851927.SI,20260716,资产管理,2041.43,1974.72,2065.84,1988.44,-72.99,-3.54,7088.0,73268.0,42.52,2.3,1445826.0,3901486.0
851931.SI,20260716,证券Ⅲ,6366.51,6277.76,6418.06,6326.57,-106.45,-1.65,299166.0,3472568.0,15.64,1.21,158742056.0,324277470.0
851941.SI,20260716,保险Ⅲ,1149.46,1135.48,1162.28,1145.72,-11.53,-1.0,28932.0,976623.0,6.65,0.98,68588349.0,195633057.0
852021.SI,20260716,贸易Ⅲ,3933.81,3881.47,4018.09,3943.33,-11.88,-0.3,17625.0,111425.0,21.23,1.24,3848770.0,12175748.0
852031.SI,20260716,百货,2011.47,1984.15,2076.98,2039.35,22.57,1.12,65370.0,288859.0,151.77,1.23,5714171.0,11689218.0
852032.SI,20260716,超市,8456.67,8275.05,8692.9,8567.64,50.09,0.59,51079.0,291526.0,38.78,3.94,4805901.0,10810290.0
852033.SI,20260716,多业态零售,1610.16,1585.54,1645.7,1622.78,9.55,0.59,21915.0,130398.0,22.47,0.99,3305970.0,6395805.0
852034.SI,20260716,商业物业经营,2381.46,2355.38,2449.54,2415.74,36.05,1.51,43402.0,267849.0,28.61,1.3,7006291.0,17320323.0
852041.SI,20260716,专业连锁Ⅲ,3410.39,3385.22,3654.81,3599.9,175.32,5.12,19509.0,183908.0,59.51,2.73,2607304.0,4552385.0
852062.SI,20260716,跨境电商,635.28,619.9,665.27,640.88,-6.54,-1.01,31169.0,214966.0,37.06,4.04,2337317.0,4650256.0
852063.SI,20260716,电商服务,2272.32,2224.34,2398.3,2360.46,87.62,3.85,20157.0,203805.0,106.65,3.11,2315696.0,4046947.0
852111.SI,20260716,人工景区,26327.86,26191.85,27066.19,26903.8,417.91,1.58,7710.0,69541.0,34.04,1.84,1822784.0,3258481.0
852112.SI,20260716,自然景区,2029.3,2012.54,2103.27,2070.86,30.77,1.51,15192.0,145290.0,39.46,2.54,2856319.0,6082827.0
852121.SI,20260716,酒店,2158.01,2142.92,2222.03,2191.77,32.34,1.5,5976.0,66726.0,19.63,1.22,1829720.0,4028270.0
852131.SI,20260716,旅游综合,10278.16,10195.18,10715.39,10557.39,212.59,2.06,10663.0,70249.0,87.23,3.0,1552891.0,3096666.0
852182.SI,20260716,检测服务,4457.95,4288.79,4563.73,4358.0,-124.54,-2.78,23092.0,348980.0,34.0,2.94,6705851.0,13563249.0
852183.SI,20260716,会展服务,1757.29,1718.41,1810.55,1772.47,15.69,0.89,1343.0,16359.0,27.49,1.76,521773.0,1378068.0
852213.SI,20260716,通信工程及服务,792.67,780.17,836.63,810.12,8.85,1.1,41921.0,419568.0,620.6,3.28,5240955.0,8313829.0
852214.SI,20260716,通信应用增值服务,2369.71,2342.63,2468.52,2402.1,-1.18,-0.05,39747.0,689396.0,49.52,4.47,13130913.0,24605017.0
852226.SI,20260716,IT服务Ⅲ,4019.72,3975.61,4236.94,4121.3,57.57,1.42,288245.0,5361398.0,111.61,3.31,77180021.0,127822854.0
852311.SI,20260716,综合Ⅲ,4356.89,4273.52,4457.54,4321.62,-107.86,-2.43,45467.0,383638.0,94.98,2.81,10027696.0,19947350.0
857111.SI,20260716,水泥制造,3920.23,3850.39,3979.05,3909.49,-33.47,-0.85,21173.0,186336.0,18.44,0.6,8713475.0,19416404.0
857112.SI,20260716,水泥制品,821.61,812.71,842.6,830.61,3.8,0.46,5703.0,25954.0,231.95,1.61,978796.0,2016500.0
857121.SI,20260716,玻璃制造,2779.21,2695.56,2822.86,2729.12,-78.59,-2.8,25904.0,123215.0,172.66,1.15,2513632.0,4691784.0
857122.SI,20260716,玻纤制造,106443.37,101281.07,109648.54,101910.33,-9678.11,-8.67,51794.0,2148307.0,59.25,5.86,20456957.0,64397243.0
857221.SI,20260716,装修装饰Ⅲ,3981.99,3881.65,4062.8,3937.18,-77.82,-1.94,35173.0,208503.0,69.03,2.41,4946188.0,10693660.0
857236.SI,20260716,基建市政工程,1601.56,1582.09,1619.22,1597.48,-8.28,-0.52,93792.0,411579.0,8.47,0.45,21860613.0,61869130.0
857241.SI,20260716,钢结构,2237.37,2199.53,2276.58,2224.37,-21.96,-0.98,14977.0,78986.0,26.72,1.14,2676714.0,5638531.0
857242.SI,20260716,化学工程,1256.86,1240.91,1276.99,1255.98,-11.37,-0.9,9737.0,75722.0,9.49,0.88,3571839.0,7255634.0
857243.SI,20260716,国际工程,1206.36,1192.7,1226.2,1213.74,2.06,0.17,7133.0,52737.0,11.39,0.85,1810587.0,4764987.0
857244.SI,20260716,其他专业工程,2538.49,2454.26,2611.64,2493.27,-90.04,-3.49,33401.0,535695.0,61.63,1.29,8378765.0,21158035.0
857251.SI,20260716,园林工程,5325.85,5245.82,5559.77,5451.38,85.22,1.59,38248.0,113428.0,1190.03,2.44,2241139.0,4222314.0
857261.SI,20260716,工程咨询服务Ⅲ,2099.29,2039.02,2164.48,2078.25,-54.85,-2.57,51005.0,799391.0,45.05,1.86,9237211.0,19878379.0
857321.SI,20260716,电网自动化设备,7493.07,7339.42,7648.14,7426.75,-117.98,-1.56,30515.0,616170.0,27.36,3.31,21744475.0,44117702.0
857323.SI,20260716,电工仪器仪表,7980.52,7810.84,8297.13,8053.08,-11.92,-0.15,16646.0,328562.0,30.75,1.94,3885191.0,8400123.0
857334.SI,20260716,火电设备,3640.63,3506.24,3687.39,3554.86,-116.75,-3.18,3812.0,42487.0,23.36,1.8,1099383.0,2196866.0
857336.SI,20260716,其他电源设备Ⅲ,2106.67,2024.54,2143.36,2044.34,-123.25,-5.69,34521.0,1394333.0,87.44,4.48,23017965.0,43571147.0
857344.SI,20260716,线缆部件及其他,12034.1,11671.12,12329.52,11849.58,-281.73,-2.32,109295.0,993571.0,48.22,2.95,16390769.0,31419126.0
857352.SI,20260716,光伏电池组件,904.56,890.67,921.87,900.21,-10.82,-1.19,71196.0,631946.0,131.56,2.05,20460810.0,37420483.0
857354.SI,20260716,光伏辅材,770.79,743.79,786.76,752.01,-27.58,-3.54,20749.0,382650.0,58.31,2.09,7648413.0,15648773.0
857355.SI,20260716,光伏加工设备,2111.78,2013.38,2143.71,2033.3,-94.91,-4.46,9259.0,564483.0,43.04,3.57,13186606.0,27006261.0
857362.SI,20260716,风电零部件,6585.21,6336.74,6686.28,6423.46,-207.77,-3.13,34312.0,503761.0,31.52,1.63,10597985.0,20870138.0
857371.SI,20260716,锂电池,27479.43,26937.07,27984.16,27180.89,-577.84,-2.08,65405.0,3109385.0,23.5,3.91,134202470.0,227052722.0
857372.SI,20260716,电池化学品,15345.47,14867.57,15562.44,15037.28,-450.49,-2.91,76442.0,2027831.0,36.21,2.3,45612975.0,76147017.0
857373.SI,20260716,锂电专用设备,15419.43,14931.46,15767.94,15106.77,-490.38,-3.14,12784.0,378796.0,43.1,3.17,9315456.0,17340311.0
857375.SI,20260716,蓄电池及其他电池,1686.14,1656.16,1754.27,1687.12,-40.44,-2.34,13669.0,225149.0,35.21,2.31,3549047.0,7672030.0
857381.SI,20260716,输变电设备,6969.21,6768.12,7053.23,6827.4,-186.22,-2.66,49425.0,911912.0,26.52,2.49,29872723.0,49182152.0
857382.SI,20260716,配电设备,2172.04,2136.8,2241.26,2188.63,3.4,0.16,26590.0,360171.0,23.19,1.77,8569703.0,18134481.0
857411.SI,20260716,航天装备Ⅲ,27254.98,26480.26,28419.23,27165.16,-1039.66,-3.69,26104.0,956884.0,398.53,4.97,12000294.0,39826575.0
857421.SI,20260716,航空装备Ⅲ,7960.39,7860.3,8140.2,7952.88,-83.68,-1.04,45462.0,1140436.0,62.54,2.99,42383712.0,87228010.0
857431.SI,20260716,地面兵装Ⅲ,13703.34,13469.39,13935.93,13648.69,-188.09,-1.36,16916.0,227703.0,101.32,2.65,5818547.0,11962663.0
857451.SI,20260716,军工电子Ⅲ,5971.57,5832.28,6194.59,5955.09,-105.58,-1.74,78045.0,2435995.0,91.73,4.28,47635959.0,101160752.0
857641.SI,20260716,游戏Ⅲ,2858.87,2796.82,2950.7,2877.39,1.28,0.04,136651.0,2326877.0,24.64,3.25,33196884.0,48901027.0
857651.SI,20260716,营销代理,2162.28,2127.36,2274.53,2233.4,71.98,3.33,154678.0,1388333.0,180.89,3.75,13737899.0,18100427.0
857661.SI,20260716,影视动漫制作,1064.52,1055.93,1145.55,1123.94,46.25,4.29,92692.0,716004.0,202.53,2.59,7379652.0,14511169.0
857674.SI,20260716,门户网站,1394.35,1368.73,1431.85,1403.99,10.29,0.74,7319.0,109139.0,85.85,3.6,2162368.0,4944813.0
857691.SI,20260716,教育出版,177.15,175.52,180.66,178.9,1.8,1.02,11593.0,93793.0,13.2,1.18,3206484.0,11404875.0
857692.SI,20260716,大众出版,1824.84,1805.69,1886.17,1860.82,27.33,1.49,20806.0,245156.0,42.84,1.8,4925101.0,13191415.0
857821.SI,20260716,国有大型银行Ⅲ,1896.0,1855.79,1905.26,1869.83,-24.87,-1.31,137486.0,932418.0,7.11,0.59,71249315.0,646248845.0
857831.SI,20260716,股份制银行Ⅲ,4071.58,4031.46,4109.92,4047.52,-40.9,-1.0,102708.0,862582.0,5.38,0.43,95491185.0,240197453.0
857841.SI,20260716,城商行Ⅲ,1029.02,1014.03,1037.84,1020.05,-15.45,-1.49,81508.0,683036.0,5.74,0.51,60066552.0,120767850.0
857851.SI,20260716,农商行Ⅲ,760.58,749.5,768.43,756.79,-3.15,-0.41,34525.0,155936.0,5.65,0.53,14209191.0,23658105.0
858811.SI,20260716,其他运输设备,1488.0,1453.27,1528.78,1485.89,-9.66,-0.65,3662.0,47498.0,19.51,2.25,1337083.0,3504874.0
858812.SI,20260716,摩托车,4236.26,4176.23,4343.35,4278.49,20.79,0.49,5506.0,155617.0,25.46,3.19,6774091.0,15068739.0
859511.SI,20260716,动力煤,2062.39,1994.98,2083.21,2018.07,-51.06,-2.47,62543.0,736992.0,16.66,1.78,31014903.0,148923099.0
859512.SI,20260716,焦煤,4273.32,4136.63,4334.53,4199.54,-89.86,-2.09,30662.0,229664.0,33.8,0.85,8834719.0,22622372.0
859521.SI,20260716,焦炭Ⅲ,1084.6,1060.65,1099.69,1081.73,-7.97,-0.73,21998.0,67522.0,541.58,1.17,2359499.0,4551115.0
859621.SI,20260716,油田服务,691.52,673.4,701.41,686.26,-10.14,-1.46,30436.0,186034.0,20.23,1.85,3008849.0,11390452.0
859622.SI,20260716,油气及炼化工程,3033.95,2912.43,3086.17,2965.27,-76.56,-2.52,32712.0,288984.0,28.23,1.2,2904074.0,6416611.0
859631.SI,20260716,炼油化工,3133.86,3073.28,3170.98,3110.74,-26.01,-0.83,76688.0,597378.0,16.59,1.12,25488222.0,248176483.0
859632.SI,20260716,油品石化贸易,5999.03,5834.64,6124.2,5885.59,-165.98,-2.74,16821.0,123042.0,34.21,1.6,3012592.0,5902008.0
859633.SI,20260716,其他石化,2324.04,2280.87,2370.72,2316.28,-24.58,-1.05,21805.0,168769.0,29.43,1.35,6006749.0,10562493.0
859711.SI,20260716,大气治理,2433.44,2393.69,2525.64,2447.63,-12.84,-0.52,3204.0,31088.0,125.85,2.84,619330.0,1437856.0
859712.SI,20260716,水务及水治理,1320.34,1297.99,1352.5,1321.51,-3.77,-0.28,63382.0,507732.0,21.21,1.08,11918150.0,27254560.0
859713.SI,20260716,固废治理,2179.61,2101.94,2208.73,2138.58,-44.87,-2.05,48853.0,474985.0,19.12,1.61,13102447.0,30343128.0
859714.SI,20260716,综合环境治理,1506.73,1452.74,1549.12,1501.44,-13.97,-0.92,25965.0,176031.0,65.23,2.14,3624472.0,6442720.0
859721.SI,20260716,环保设备Ⅲ,2126.87,2053.64,2178.8,2081.99,-58.52,-2.73,32433.0,426460.0,38.58,2.27,7946030.0,15284039.0
859811.SI,20260716,生活用纸,1141.8,1132.4,1188.63,1170.32,17.06,1.48,5975.0,94428.0,26.21,1.84,1917349.0,5159073.0
859821.SI,20260716,化妆品制造及其他,2286.34,2253.62,2367.54,2318.71,7.09,0.31,5151.0,37697.0,50.15,2.46,971216.0,1817972.0
859822.SI,20260716,品牌化妆品,6921.9,6842.99,7112.65,6983.03,17.4,0.25,9079.0,192887.0,25.37,2.51,3198908.0,9138635.0
859852.SI,20260716,培训教育,473.31,468.15,486.41,478.4,-4.84,-1.0,23337.0,114432.0,63.99,6.36,3419396.0,5506904.0
859951.SI,20260716,电视广播Ⅲ,942.78,936.09,971.71,961.42,13.3,1.4,39680.0,203666.0,61.29,1.06,6163171.0,13317499.0
801001.SI,20260717,申万50,3901.6,3709.62,3901.6,3741.74,-210.39,-5.32,868339.0,54348351.0,24.66,3.43,1120085679.0,2298612221.0
801002.SI,20260717,申万中小,8112.07,7715.63,8112.07,7773.86,-396.09,-4.85,2935517.0,46008871.0,30.73,2.6,774528497.0,1431267074.0
801003.SI,20260717,申万Ａ指,4644.85,4421.18,4644.88,4447.35,-227.77,-4.87,14134317.0,265352072.0,22.15,2.02,4496597671.0,10487668230.0
801005.SI,20260717,申万创业,4028.97,3748.74,4028.99,3779.99,-287.63,-7.07,2371130.0,68591867.0,41.24,4.39,826068414.0,1771638229.0
801010.SI,20260717,农林牧渔,2419.87,2349.3,2437.82,2365.95,-64.29,-2.65,224416.0,1910082.0,38.68,2.13,53833402.0,114644667.0
801012.SI,20260717,农产品加工,2002.42,1937.5,2038.66,1956.86,-59.84,-2.97,24473.0,217394.0,36.01,1.78,6798967.0,25347220.0
801014.SI,20260717,饲料,3613.22,3516.76,3681.23,3560.25,-67.08,-1.85,42119.0,354294.0,47.05,2.02,9852268.0,20469065.0
801015.SI,20260717,渔业,654.68,638.07,674.59,645.32,-16.16,-2.44,14920.0,59667.0,135.0,2.21,936238.0,1551979.0
801016.SI,20260717,种植业,2137.94,2073.18,2171.65,2087.51,-60.53,-2.82,51086.0,305206.0,33.66,1.97,6518099.0,12937320.0
801017.SI,20260717,养殖业,2699.79,2612.26,2741.09,2640.6,-68.6,-2.53,69290.0,803385.0,35.66,2.37,25090322.0,46640132.0
801018.SI,20260717,动物保健Ⅱ,4316.08,4130.42,4349.15,4166.32,-167.95,-3.87,7924.0,90801.0,40.84,1.87,3048894.0,5189146.0
801030.SI,20260717,基础化工,4149.56,4017.51,4175.01,4040.48,-117.54,-2.83,796691.0,11533269.0,27.21,2.06,205010582.0,424106464.0
801032.SI,20260717,化学纤维,4239.13,4070.9,4323.03,4146.94,-94.91,-2.24,62189.0,421495.0,36.34,1.58,9103888.0,24361495.0
801033.SI,20260717,化学原料,3095.27,3005.99,3181.93,3038.24,-60.96,-1.97,164787.0,1635015.0,28.16,1.61,31998640.0,71306672.0
801034.SI,20260717,化学制品,6306.93,6103.78,6493.65,6185.8,-141.42,-2.24,264976.0,4710210.0,26.4,2.12,78982293.0,159701318.0
801036.SI,20260717,塑料,4870.24,4504.77,4947.93,4548.42,-328.25,-6.73,115352.0,2287409.0,58.89,3.13,31407887.0,64362509.0
801037.SI,20260717,橡胶,4747.43,4514.35,4850.06,4548.68,-214.65,-4.51,22898.0,344577.0,56.25,2.52,5138000.0,11020786.0
801038.SI,20260717,农化制品,4665.04,4575.82,4797.94,4638.9,-37.45,-0.8,157251.0,1672510.0,18.23,1.95,43329182.0,82323037.0
801039.SI,20260717,非金属材料Ⅱ,6565.39,5925.94,6589.22,5980.64,-531.23,-8.16,9237.0,462054.0,54.2,3.3,5050691.0,11030647.0
801040.SI,20260717,钢铁,2124.81,2096.8,2151.15,2101.23,-31.41,-1.47,223280.0,857646.0,27.87,0.94,27142049.0,80143817.0
801043.SI,20260717,冶钢原料,3087.97,2995.13,3138.54,3018.82,-81.35,-2.62,26470.0,211213.0,41.86,1.68,5718750.0,15822752.0
801044.SI,20260717,普钢,2002.83,1975.92,2041.86,1990.11,-21.34,-1.06,166476.0,460894.0,35.13,0.74,14705078.0,45612094.0
801045.SI,20260717,特钢Ⅱ,3657.17,3579.99,3732.3,3614.36,-50.53,-1.38,30334.0,185539.0,16.05,1.16,6718221.0,18708970.0
801050.SI,20260717,有色金属,7560.98,7219.94,7566.72,7265.41,-379.74,-4.97,597850.0,11657741.0,18.66,2.79,231032124.0,433670131.0
801051.SI,20260717,金属新材料,9313.65,8550.3,9377.68,8603.87,-734.69,-7.87,54905.0,1097737.0,61.36,3.71,16329687.0,32516909.0
801053.SI,20260717,贵金属,20868.12,19733.87,21014.22,20069.22,-1158.65,-5.46,61314.0,1207286.0,18.37,3.19,22216801.0,40694413.0
801054.SI,20260717,小金属,34871.73,32677.94,35333.27,32930.28,-2136.51,-6.09,88429.0,3115387.0,45.92,4.6,44612679.0,106132682.0
801055.SI,20260717,工业金属,3018.27,2902.76,3037.46,2936.64,-124.63,-4.07,357964.0,4704147.0,13.98,2.48,123282387.0,217726080.0
801056.SI,20260717,能源金属,16275.57,15527.93,16599.96,15572.42,-805.48,-4.92,35238.0,1533184.0,23.3,2.06,24590569.0,36600048.0
801072.SI,20260717,通用设备,8139.01,7430.76,8284.9,7510.7,-662.87,-8.11,348078.0,7578122.0,62.39,3.67,91658036.0,199882964.0
801074.SI,20260717,专用设备,11655.58,10816.4,11825.65,10918.31,-758.5,-6.5,239856.0,4493795.0,40.06,2.96,72127609.0,147967465.0
801076.SI,20260717,轨交设备Ⅱ,5380.04,5243.36,5479.48,5304.01,-90.57,-1.68,56947.0,428904.0,17.22,1.13,12907797.0,34615930.0
801077.SI,20260717,工程机械,21614.37,20915.31,21854.14,21153.62,-572.06,-2.63,59256.0,750924.0,18.6,1.87,35244508.0,68644647.0
801078.SI,20260717,自动化设备,21241.92,19508.6,21518.04,19722.71,-1594.69,-7.48,108726.0,5188071.0,75.6,5.59,72243059.0,120181488.0
801080.SI,20260717,电子,9477.69,8720.1,9477.81,8798.2,-785.11,-8.19,1844183.0,81475533.0,78.18,6.55,929403095.0,1897733729.0
801081.SI,20260717,半导体,11034.45,10067.85,11265.98,10227.42,-933.39,-8.36,510357.0,46363151.0,117.65,9.21,508525717.0,1026018355.0
801082.SI,20260717,其他电子Ⅱ,17372.29,15639.23,17570.35,15742.74,-1759.44,-10.05,68434.0,2293945.0,55.52,5.3,21498844.0,40109054.0
801083.SI,20260717,元件,23936.34,21847.34,24208.92,22145.57,-2250.8,-9.23,233462.0,13746625.0,78.65,9.76,156469923.0,299320846.0
801084.SI,20260717,光学光电子,1859.25,1732.7,1885.86,1762.15,-101.88,-5.47,660467.0,6339989.0,58.16,2.37,76509728.0,142008385.0
801085.SI,20260717,消费电子,10467.74,9625.91,10596.62,9741.7,-811.42,-7.69,264083.0,8403674.0,35.53,4.38,124947234.0,319918506.0
801086.SI,20260717,电子化学品Ⅱ,12565.34,11571.78,12882.59,11653.15,-952.94,-7.56,107380.0,4328150.0,98.47,6.43,41451649.0,70358583.0
801092.SI,20260717,汽车服务,425.61,405.08,432.29,407.47,-18.53,-4.35,15032.0,93860.0,37.28,1.57,2132767.0,4949493.0
801093.SI,20260717,汽车零部件,7175.84,6745.39,7267.05,6812.15,-372.51,-5.18,324304.0,5231849.0,23.65,2.18,109292545.0,222596334.0
801095.SI,20260717,乘用车,14698.05,14322.79,14947.86,14513.95,-188.29,-1.28,43757.0,1018823.0,25.37,1.66,36251787.0,95052308.0
801096.SI,20260717,商用车,6691.07,6344.6,6820.16,6432.8,-228.84,-3.44,44283.0,412694.0,21.14,2.33,12255569.0,24873129.0
801101.SI,20260717,计算机设备,2947.14,2754.67,2995.38,2776.24,-185.9,-6.28,149180.0,4417545.0,37.54,3.45,62153098.0,117863751.0
801102.SI,20260717,通信设备,10595.4,9507.34,10733.92,9771.48,-1187.53,-10.84,275239.0,21208115.0,71.33,9.94,252298492.0,392226662.0
801103.SI,20260717,IT服务Ⅱ,4696.89,4386.46,4796.52,4439.29,-297.22,-6.28,317991.0,5474128.0,104.87,3.11,72336896.0,120021894.0
801104.SI,20260717,软件开发,5548.3,5265.12,5688.63,5317.78,-255.18,-4.58,251739.0,5442763.0,78.84,3.9,82569092.0,149630585.0
801110.SI,20260717,家用电器,8542.53,8353.65,8554.74,8409.09,-124.91,-1.46,140761.0,2501099.0,14.45,2.17,99471178.0,175032678.0
801111.SI,20260717,白色家电,18904.74,18704.84,19149.37,18936.67,92.8,0.49,25913.0,823219.0,11.38,2.06,64762256.0,99429761.0
801112.SI,20260717,黑色家电,1963.16,1854.34,1983.96,1871.12,-109.55,-5.53,37583.0,335238.0,28.51,2.02,7594529.0,13707680.0
801113.SI,20260717,小家电,3931.91,3749.81,3979.34,3780.59,-154.62,-3.93,11344.0,252544.0,21.91,2.29,6323681.0,18205993.0
801114.SI,20260717,厨卫电器,7865.96,7619.45,8053.4,7642.38,-146.92,-1.89,7898.0,79523.0,20.42,1.45,1971265.0,4734454.0
801115.SI,20260717,照明设备Ⅱ,4357.68,4079.26,4420.6,4143.4,-217.32,-4.98,12885.0,124809.0,50.38,1.85,2487140.0,7738914.0
801116.SI,20260717,家电零部件Ⅱ,6748.32,6261.46,6814.48,6401.83,-366.07,-5.41,42452.0,870333.0,37.66,3.42,15760362.0,30297991.0
801120.SI,20260717,食品饮料,13826.94,13553.86,13874.35,13576.65,-196.8,-1.43,212447.0,3728553.0,19.39,3.07,152395424.0,360920308.0
801124.SI,20260717,食品加工,12983.83,12452.15,13272.84,12567.08,-300.99,-2.34,68034.0,459973.0,24.93,1.99,9524766.0,22250456.0
801125.SI,20260717,白酒Ⅱ,35876.75,34967.21,36045.63,35285.34,-409.18,-1.15,25819.0,1711514.0,18.94,3.51,94397823.0,236115514.0
801126.SI,20260717,非白酒,3364.13,3305.56,3430.94,3323.45,-36.89,-1.1,21400.0,264484.0,22.69,2.39,6691279.0,17210490.0
801127.SI,20260717,饮料乳品,6901.18,6747.28,7007.02,6779.5,-103.35,-1.5,41999.0,608241.0,16.96,2.79,24657678.0,40866405.0
801128.SI,20260717,休闲食品,1619.28,1557.32,1650.77,1565.04,-57.6,-3.55,18728.0,214318.0,17.26,1.85,4793620.0,11453628.0
801129.SI,20260717,调味发酵品Ⅱ,6735.43,6582.0,6852.93,6616.92,-139.34,-2.06,36467.0,470023.0,26.55,3.27,12330259.0,33023815.0
801130.SI,20260717,纺织服饰,1509.31,1443.31,1519.51,1451.49,-61.41,-4.06,161713.0,1249746.0,23.03,1.61,23214595.0,57443940.0
801131.SI,20260717,纺织制造,1664.57,1596.4,1693.81,1619.66,-52.21,-3.12,43182.0,367794.0,21.27,1.51,6998799.0,17932144.0
801132.SI,20260717,服装家纺,1490.43,1405.93,1521.8,1419.71,-68.97,-4.63,90047.0,721392.0,26.25,1.66,12306609.0,29927196.0
801133.SI,20260717,饰品,1291.66,1242.34,1311.73,1254.79,-50.94,-3.9,28484.0,160560.0,18.55,1.68,3909188.0,9584600.0
801140.SI,20260717,轻工制造,2025.39,1929.25,2031.75,1939.55,-87.7,-4.33,193241.0,1642001.0,29.13,1.64,34976739.0,87388112.0
801141.SI,20260717,包装印刷,2681.63,2506.17,2714.08,2534.96,-146.6,-5.47,64700.0,535126.0,34.3,2.07,10854990.0,22108122.0
801142.SI,20260717,家居用品,1561.79,1483.34,1591.07,1499.77,-63.46,-4.06,63195.0,661150.0,26.2,1.68,13155504.0,42383032.0
801143.SI,20260717,造纸,2000.1,1927.89,2031.8,1943.74,-60.87,-3.04,50812.0,275490.0,25.54,1.08,7211773.0,14083885.0
801145.SI,20260717,文娱用品,1606.96,1524.91,1636.78,1538.63,-70.18,-4.36,14535.0,170235.0,37.54,2.67,3754473.0,8813073.0
801150.SI,20260717,医药生物,7959.55,7534.59,7978.65,7544.07,-471.9,-5.89,1148126.0,19287508.0,32.27,2.5,294418772.0,585670761.0
801151.SI,20260717,化学制药,12500.06,11644.26,12676.96,11762.28,-853.66,-6.77,485204.0,7468881.0,40.19,3.08,99893594.0,201178883.0
801152.SI,20260717,生物制品,5612.97,5248.18,5672.01,5285.65,-386.09,-6.81,91010.0,1744310.0,41.65,2.1,31161652.0,65509335.0
801153.SI,20260717,医疗器械,5774.0,5490.52,5853.2,5549.88,-221.16,-3.83,110243.0,2706830.0,35.89,2.33,57466924.0,121802189.0
801154.SI,20260717,医药商业,4618.11,4448.8,4694.11,4466.7,-188.37,-4.05,87879.0,759201.0,17.67,1.18,11291633.0,29232108.0
801155.SI,20260717,中药Ⅱ,5880.87,5660.83,5993.08,5715.35,-188.42,-3.19,209747.0,2363790.0,23.75,1.97,39241497.0,78353962.0
801156.SI,20260717,医疗服务,7455.89,6897.13,7544.12,6937.77,-605.33,-8.02,164043.0,4244497.0,27.68,3.36,55363471.0,89594285.0
801160.SI,20260717,公用事业,2395.18,2395.18,2451.74,2417.37,2.76,0.11,958267.0,6739304.0,20.6,1.53,116125061.0,394513572.0
801161.SI,20260717,电力,3149.58,3112.45,3251.9,3185.13,8.58,0.27,903970.0,6118726.0,20.46,1.52,106824635.0,369903751.0
801163.SI,20260717,燃气Ⅱ,3008.4,2936.92,3106.4,2968.21,-49.47,-1.64,54297.0,620578.0,22.47,1.76,9300426.0,24609821.0
801170.SI,20260717,交通运输,1994.82,1975.34,2012.98,1981.68,-16.22,-0.81,410371.0,2546955.0,16.06,1.14,86273962.0,279230354.0
801178.SI,20260717,物流,4070.37,3974.87,4138.44,4001.38,-73.62,-1.81,71728.0,611909.0,15.96,1.06,23890156.0,59135903.0
801179.SI,20260717,铁路公路,1472.53,1457.42,1506.77,1473.72,3.97,0.27,114157.0,597400.0,16.65,0.85,20073541.0,72510277.0
801180.SI,20260717,房地产,1867.06,1796.24,1880.68,1801.38,-78.26,-4.16,435345.0,1800156.0,18.95,0.75,38701666.0,88217501.0
801181.SI,20260717,房地产开发,2162.94,2073.16,2206.36,2087.67,-90.39,-4.15,403782.0,1695924.0,18.33,0.73,36536325.0,83484541.0
801183.SI,20260717,房地产服务,723.92,688.59,740.59,693.86,-31.88,-4.39,31562.0,104233.0,44.59,1.34,2165341.0,4732959.0
801191.SI,20260717,多元金融,1114.84,1085.77,1136.6,1094.6,-22.36,-2.0,89626.0,563092.0,19.63,1.16,14268844.0,43809954.0
801193.SI,20260717,证券Ⅱ,6301.38,6202.22,6406.75,6225.16,-95.03,-1.5,395347.0,4386507.0,15.41,1.19,156355239.0,319333868.0
801194.SI,20260717,保险Ⅱ,1138.84,1132.12,1156.14,1137.96,-7.18,-0.63,34537.0,1192459.0,6.61,0.97,68158083.0,194558846.0
801200.SI,20260717,商贸零售,1754.7,1691.46,1784.61,1701.77,-61.6,-3.49,322903.0,2155508.0,32.55,1.55,37288899.0,82710182.0
801202.SI,20260717,贸易Ⅱ,3952.82,3816.82,4003.68,3834.49,-130.93,-3.3,20626.0,124207.0,20.53,1.2,3721691.0,11710603.0
801203.SI,20260717,一般零售,2645.32,2527.02,2717.47,2556.93,-96.28,-3.63,223643.0,1177015.0,36.26,1.38,20076329.0,44570708.0
801204.SI,20260717,专业连锁Ⅱ,3535.31,3452.91,3670.88,3504.78,-95.1,-2.64,19252.0,184179.0,57.83,2.65,2538426.0,4426184.0
801206.SI,20260717,互联网电商,9846.6,9407.2,10082.07,9510.41,-388.14,-3.92,52080.0,430707.0,31.86,2.3,5789563.0,10837148.0
801210.SI,20260717,社会服务,6926.66,6606.23,6943.18,6636.1,-300.04,-4.33,120563.0,1054268.0,36.06,2.3,21619741.0,42855493.0
801218.SI,20260717,专业服务,5579.1,5210.1,5651.7,5260.15,-332.48,-5.94,33380.0,475299.0,26.25,2.22,8330164.0,18019301.0
801219.SI,20260717,酒店餐饮,1403.58,1371.02,1430.85,1377.27,-28.75,-2.04,8559.0,79982.0,25.01,1.46,2358463.0,5026467.0
801223.SI,20260717,通信服务,2072.7,2006.29,2118.81,2042.67,-41.99,-2.01,139371.0,1748418.0,24.92,1.65,35353710.0,99622948.0
801230.SI,20260717,综合,4284.8,4060.53,4285.44,4074.7,-257.03,-5.93,68119.0,452511.0,89.35,2.65,9432695.0,18695286.0
801231.SI,20260717,综合Ⅱ,4281.37,4029.31,4327.37,4071.44,-256.82,-5.93,68119.0,452511.0,89.35,2.65,9432695.0,18695286.0
801250.SI,20260717,申万制造,7663.01,7128.51,7663.08,7185.85,-550.81,-7.12,4563711.0,154885223.0,44.52,5.48,2164750678.0,4194339646.0
801260.SI,20260717,申万消费,5845.2,5638.36,5867.71,5661.19,-193.08,-3.3,1880858.0,27458100.0,19.87,3.05,652901659.0,1412013185.0
801270.SI,20260717,申万投资,3930.44,3795.88,3936.33,3817.49,-134.41,-3.4,2589157.0,31891358.0,19.01,2.26,633834333.0,1622522742.0
801280.SI,20260717,申万服务,2505.18,2452.27,2522.05,2460.08,-54.79,-2.18,5032472.0,50664880.0,11.03,1.41,1169870899.0,3240132654.0
801300.SI,20260717,申万300指数,3531.92,3363.52,3531.92,3390.85,-174.02,-4.88,3089564.0,121226302.0,20.93,2.33,2288225636.0,5231939141.0
801710.SI,20260717,建筑材料,6213.07,5848.31,6230.36,5921.53,-310.76,-4.99,173399.0,2984647.0,35.13,1.46,42328324.0,107523021.0
801711.SI,20260717,水泥,3855.73,3783.93,3952.42,3841.2,-17.85,-0.46,36357.0,288982.0,20.24,0.63,9647443.0,21356730.0
801712.SI,20260717,玻璃玻纤,22214.81,20297.84,22533.3,20655.17,-1675.37,-7.5,86057.0,2197887.0,59.65,3.63,21247197.0,63633272.0
801713.SI,20260717,装修建材,4356.64,4132.7,4434.66,4194.09,-166.22,-3.81,50985.0,497778.0,32.77,1.63,11433684.0,22533018.0
801720.SI,20260717,建筑装饰,1929.91,1871.94,1937.52,1877.44,-54.15,-2.8,413478.0,2850132.0,12.78,0.67,60189598.0,157177536.0
801721.SI,20260717,房屋建设Ⅱ,2737.49,2684.31,2790.47,2717.24,-20.26,-0.74,71055.0,287393.0,7.29,0.43,7149266.0,25249957.0
801722.SI,20260717,装修装饰Ⅱ,3915.93,3686.24,3967.83,3708.58,-232.47,-5.9,40756.0,222276.0,64.96,2.26,4654426.0,10086648.0
801723.SI,20260717,基础建设,2051.77,2013.11,2086.6,2028.18,-20.71,-1.01,161194.0,661108.0,9.19,0.48,23858163.0,65717739.0
801724.SI,20260717,专业工程,1806.95,1736.53,1850.89,1745.15,-66.93,-3.69,82764.0,829373.0,20.39,1.05,15830751.0,37394301.0
801726.SI,20260717,工程咨询服务Ⅱ,2075.83,1937.86,2117.67,1956.7,-121.54,-5.85,57709.0,849983.0,42.27,1.75,8696992.0,18728891.0
801730.SI,20260717,电力设备,9089.28,8729.93,9089.31,8744.66,-327.16,-3.61,808115.0,17455172.0,30.13,2.76,391570114.0,713349149.0
801731.SI,20260717,电机Ⅱ,12120.95,11414.25,12302.54,11483.38,-623.14,-5.15,32085.0,575884.0,43.98,2.9,11041419.0,26252851.0
801733.SI,20260717,其他电源设备Ⅱ,38808.2,36247.27,39203.34,36607.78,-2704.92,-6.88,59367.0,1594182.0,57.95,3.13,28005688.0,57979468.0
801735.SI,20260717,光伏设备,5301.38,5016.14,5359.56,5077.09,-221.77,-4.19,175719.0,3129821.0,41.82,2.5,69903789.0,131075423.0
801736.SI,20260717,风电设备,2073.02,1944.72,2096.92,1958.75,-117.93,-5.68,68862.0,989169.0,29.26,1.44,17091909.0,32069380.0
801737.SI,20260717,电池,22596.06,21656.23,22886.33,21780.96,-648.13,-2.89,198893.0,7298759.0,25.65,3.21,187386903.0,319061225.0
801738.SI,20260717,电网设备,5128.12,4940.81,5238.5,4997.83,-148.54,-2.89,273188.0,3867357.0,28.42,2.54,78140406.0,146910801.0
801740.SI,20260717,国防军工,1604.3,1521.1,1605.02,1529.22,-84.95,-5.26,235768.0,6164004.0,55.48,2.97,124900520.0,272064953.0
801741.SI,20260717,航天装备Ⅱ,26834.77,24764.33,27361.65,25360.42,-1804.2,-6.64,33945.0,1048748.0,372.06,4.64,11203268.0,36582263.0
801742.SI,20260717,航空装备Ⅱ,7990.16,7641.32,8075.32,7689.6,-328.36,-4.1,56674.0,1396535.0,59.98,2.87,40647984.0,84174857.0
801743.SI,20260717,地面兵装Ⅱ,13627.67,13004.04,13756.19,13100.1,-548.52,-4.02,19828.0,256336.0,97.25,2.54,5584707.0,11491816.0
801744.SI,20260717,航海装备Ⅱ,2975.52,2884.8,2994.81,2902.04,-101.91,-3.39,26115.0,719990.0,24.66,1.98,23185853.0,45138543.0
801745.SI,20260717,军工电子Ⅱ,5920.0,5481.69,5995.23,5535.39,-419.7,-7.05,99207.0,2742396.0,85.08,3.97,44278708.0,94677473.0
801750.SI,20260717,计算机,4407.41,4165.48,4430.07,4183.77,-249.94,-5.64,718910.0,15334436.0,63.47,3.48,217059087.0,387516229.0
801760.SI,20260717,传媒,675.34,642.3,685.62,643.12,-35.04,-5.17,565723.0,5942039.0,33.67,2.42,76962071.0,136684995.0
801764.SI,20260717,游戏Ⅱ,2857.34,2687.83,2913.35,2704.84,-172.53,-6.0,137552.0,2196401.0,23.16,3.06,31206344.0,45971872.0
801765.SI,20260717,广告营销,2412.6,2283.66,2494.63,2303.08,-127.93,-5.26,183059.0,1545133.0,53.65,3.78,17965566.0,24888519.0
801766.SI,20260717,影视院线,1104.84,1031.08,1127.94,1037.17,-59.2,-5.4,137350.0,1158610.0,241.85,2.59,8812352.0,17537066.0
801767.SI,20260717,数字媒体,1533.92,1456.67,1570.62,1464.47,-69.97,-4.56,26519.0,433123.0,60.13,2.43,5139107.0,11372922.0
801769.SI,20260717,出版,1388.02,1341.79,1415.16,1349.72,-39.83,-2.87,38957.0,391561.0,21.65,1.44,7898506.0,24064884.0
801770.SI,20260717,通信,7811.28,7108.95,7811.29,7261.16,-792.34,-9.84,414610.0,22956533.0,58.13,6.16,287652202.0,491849610.0
801780.SI,20260717,银行,3869.3,3869.3,3919.67,3903.2,34.73,0.9,537961.0,4004113.0,5.97,0.5,243180243.0,1045393842.0
801782.SI,20260717,国有大型银行Ⅱ,1867.95,1865.19,1914.47,1907.71,37.88,2.03,234404.0,1624902.0,7.25,0.6,72692876.0,659276163.0
801783.SI,20260717,股份制银行Ⅱ,4051.56,4036.9,4100.8,4066.85,19.32,0.48,135324.0,1194506.0,5.41,0.43,95946874.0,241228439.0
801784.SI,20260717,城商行Ⅱ,1020.44,1016.66,1037.12,1024.03,3.98,0.39,111469.0,924808.0,5.76,0.51,60300921.0,121168886.0
801785.SI,20260717,农商行Ⅱ,757.09,753.57,773.68,758.4,1.62,0.21,56764.0,259896.0,5.66,0.53,14239572.0,23720355.0
801790.SI,20260717,非银金融,1757.43,1739.23,1773.93,1741.16,-22.67,-1.29,519510.0,6142058.0,11.27,1.12,238782166.0,557702668.0
801811.SI,20260717,大盘指数,4004.09,3846.24,4004.09,3879.94,-160.64,-3.98,2380217.0,87353440.0,17.55,1.91,1985787658.0,4956669608.0
801812.SI,20260717,中盘指数,5066.1,4787.65,5068.74,4805.54,-293.94,-5.76,2311156.0,60656552.0,29.91,2.29,918993518.0,1969811113.0
801813.SI,20260717,小盘指数,5586.78,5279.22,5588.58,5292.11,-316.39,-5.64,2936885.0,50524508.0,32.78,2.12,734669320.0,1509418691.0
801821.SI,20260717,高市盈率指数,1568.2,1437.92,1568.24,1449.42,-141.77,-8.91,682461.0,33194584.0,170.14,10.21,399782371.0,828812930.0
801822.SI,20260717,中市盈率指数,4521.85,4257.42,4521.85,4273.93,-264.36,-5.83,705526.0,16543955.0,34.67,2.82,229130085.0,454668688.0
801823.SI,20260717,低市盈率指数,7327.73,7304.32,7394.16,7325.5,-8.3,-0.11,1545060.0,14745366.0,8.03,0.76,688038820.0,2274892497.0
801831.SI,20260717,高市净率指数,2559.52,2328.64,2559.55,2358.42,-249.65,-9.57,665767.0,74451424.0,105.13,17.19,868728885.0,1768437514.0
801832.SI,20260717,中市净率指数,4271.32,4144.17,4274.26,4172.67,-108.85,-2.54,649647.0,7572368.0,24.21,2.34,187087453.0,360549400.0
801833.SI,20260717,低市净率指数,6848.21,6829.51,6920.1,6849.49,-3.29,-0.05,1607972.0,9009418.0,7.99,0.53,426078694.0,1550922477.0
801841.SI,20260717,高价股指数,4904.07,4526.75,4904.12,4565.63,-401.14,-8.08,437630.0,83830869.0,51.92,9.16,1194311721.0,2319459722.0
801842.SI,20260717,中价股指数,3947.62,3769.71,3959.94,3785.16,-178.84,-4.51,624168.0,8352650.0,25.46,1.98,142368138.0,318890411.0
801843.SI,20260717,低价股指数,14316.77,13960.9,14474.93,14017.89,-337.05,-2.35,2161805.0,5366973.0,24.14,0.95,126782164.0,264396261.0
801851.SI,20260717,亏损股指数,3682.67,3452.67,3689.4,3469.68,-226.7,-6.13,3714207.0,37747525.0,,2.51,514541407.0,1052303734.0
801852.SI,20260717,微利股指数,2590.55,2433.14,2594.16,2439.12,-162.98,-6.26,249887.0,3514272.0,57.33,2.02,55204470.0,103094069.0
801853.SI,20260717,绩优股指数,6298.6,5946.79,6298.65,6014.74,-372.12,-5.83,261714.0,29652398.0,24.7,6.52,647690496.0,1359263684.0
801863.SI,20260717,新股指数,2296.42,2105.15,2300.3,2107.99,-208.79,-9.01,61053.0,3835388.0,157.1,7.16,30056522.0,305309112.0
801880.SI,20260717,汽车,6492.65,6185.92,6492.69,6228.12,-269.06,-4.14,439063.0,6988781.0,23.93,2.06,167775599.0,365329629.0
801881.SI,20260717,摩托车及其他,3199.78,3073.96,3257.85,3103.21,-106.14,-3.31,11687.0,231555.0,23.75,2.93,7842931.0,17858365.0
801890.SI,20260717,机械设备,2254.88,2101.72,2254.9,2113.18,-149.58,-6.61,812864.0,18439816.0,40.78,3.04,284181009.0,571292495.0
801950.SI,20260717,煤炭,3067.7,3044.27,3112.44,3048.37,-19.59,-0.64,130921.0,1208334.0,19.81,1.41,41939665.0,176626380.0
801951.SI,20260717,煤炭开采,3521.02,3461.96,3612.45,3504.02,-17.23,-0.49,105166.0,1130136.0,18.77,1.43,39654650.0,172214021.0
801952.SI,20260717,焦炭Ⅱ,1081.27,1040.58,1107.19,1047.58,-34.15,-3.16,25755.0,78197.0,524.48,1.13,2285015.0,4412359.0
801960.SI,20260717,石油石化,2435.11,2420.37,2463.93,2442.54,9.83,0.4,264027.0,1971345.0,18.35,1.26,49845264.0,300861177.0
801962.SI,20260717,油服工程,2178.52,2113.85,2248.77,2153.53,-20.89,-0.96,73570.0,518004.0,23.28,1.45,5856108.0,17677603.0
801963.SI,20260717,炼化及贸易,2781.04,2744.86,2855.35,2803.66,24.43,0.88,146657.0,1187292.0,19.02,1.19,34748542.0,270059844.0
801970.SI,20260717,环保,1852.8,1767.32,1856.29,1772.84,-87.4,-4.7,215266.0,1843951.0,23.75,1.45,35468047.0,77334519.0
801971.SI,20260717,环境治理,1790.1,1705.54,1821.16,1718.16,-76.28,-4.25,175644.0,1362059.0,21.61,1.32,28026394.0,63001680.0
801972.SI,20260717,环保设备Ⅱ,2061.5,1917.53,2104.3,1949.84,-132.16,-6.35,39622.0,481892.0,36.13,2.12,7441653.0,14332838.0
801980.SI,20260717,美容护理,3454.49,3314.9,3503.11,3364.96,-102.27,-2.95,27613.0,533899.0,29.41,2.36,8616370.0,22588767.0
801981.SI,20260717,个护用品,1237.01,1192.56,1261.38,1207.16,-32.41,-2.61,9545.0,134062.0,27.18,1.86,2421240.0,6780018.0
801982.SI,20260717,化妆品,5827.29,5496.02,5931.92,5540.25,-298.1,-5.11,15935.0,273633.0,27.38,2.37,3957204.0,10470657.0
801991.SI,20260717,航空机场,2306.96,2282.01,2340.27,2298.04,-18.02,-0.78,75799.0,353856.0,24.12,2.11,16239398.0,46070054.0
801992.SI,20260717,航运港口,3096.56,3053.4,3159.78,3083.14,-22.87,-0.74,148686.0,983789.0,13.06,1.18,26070867.0,101514120.0
801993.SI,20260717,旅游及景区,1849.8,1781.5,1880.38,1795.21,-62.51,-3.36,33883.0,271374.0,41.85,2.28,6012013.0,12019814.0
801994.SI,20260717,教育,1534.42,1459.34,1560.78,1469.87,-57.02,-3.73,39567.0,191437.0,77.01,3.61,4351057.0,6983463.0
801995.SI,20260717,电视广播Ⅱ,957.73,921.54,977.16,926.63,-34.78,-3.62,42287.0,217211.0,59.07,1.02,5940196.0,12849730.0
850111.SI,20260717,种子,2466.59,2398.17,2502.78,2412.93,-59.95,-2.42,19574.0,107848.0,111.69,2.26,2623221.0,4351746.0
850113.SI,20260717,其他种植业,1454.11,1399.71,1481.03,1409.17,-56.71,-3.87,21764.0,106075.0,38.52,1.94,2170096.0,4319360.0
850122.SI,20260717,水产养殖,415.19,404.64,427.91,409.45,-11.11,-2.64,13265.0,46359.0,297.58,2.5,706402.0,1070710.0
850135.SI,20260717,食品及饲料添加剂,2409.95,2352.47,2469.41,2382.91,-37.69,-1.56,33444.0,399754.0,16.63,1.73,10802635.0,23286681.0
850136.SI,20260717,有机硅,4154.54,3979.61,4268.92,4004.13,-163.96,-3.93,24118.0,408928.0,52.48,2.05,3586085.0,10170019.0
850142.SI,20260717,畜禽饲料,1139.94,1100.75,1159.04,1114.06,-33.46,-2.92,34869.0,179906.0,1199.89,1.58,4768100.0,8468164.0
850151.SI,20260717,果蔬加工,1617.44,1549.69,1668.77,1565.04,-72.57,-4.43,4261.0,60579.0,41.98,3.61,1243002.0,3153362.0
850152.SI,20260717,粮油加工,1332.29,1300.17,1352.04,1308.92,-24.98,-1.87,5267.0,59972.0,37.64,1.53,2231683.0,15813533.0
850154.SI,20260717,其他农产品加工,2617.25,2527.23,2656.87,2558.14,-82.87,-3.14,14944.0,96843.0,33.28,1.65,3324282.0,6380324.0
850172.SI,20260717,生猪养殖,5118.32,4953.99,5197.76,5009.85,-124.85,-2.43,50715.0,651570.0,37.19,2.46,21809199.0,39362354.0
850173.SI,20260717,肉鸡养殖,747.93,723.39,757.82,728.89,-23.6,-3.14,14107.0,139366.0,24.9,1.79,2892489.0,6478914.0
850181.SI,20260717,动物保健Ⅲ,4316.42,4130.75,4349.5,4166.65,-167.97,-3.87,7924.0,90801.0,40.84,1.87,3048894.0,5189146.0
850232.SI,20260717,汽车经销商,408.51,397.07,418.22,401.06,-8.1,-1.98,5901.0,22135.0,57.32,1.44,675374.0,1678225.0
850233.SI,20260717,汽车综合服务,1606.73,1514.7,1626.18,1520.72,-86.99,-5.41,9131.0,71725.0,31.57,1.64,1457393.0,3271268.0
850322.SI,20260717,氯碱,1209.08,1181.81,1246.36,1197.13,-17.57,-1.45,52061.0,340748.0,40.45,1.22,6671823.0,13688870.0
850323.SI,20260717,无机盐,20902.43,19573.69,21419.17,19641.34,-1353.89,-6.45,16259.0,360379.0,56.56,2.59,4947239.0,10116397.0
850324.SI,20260717,其他化学原料,4054.73,3949.45,4135.94,3981.84,-68.15,-1.68,17597.0,290501.0,20.22,2.05,6406447.0,14197549.0
850325.SI,20260717,煤化工,6895.89,6726.85,7111.03,6808.99,-78.49,-1.14,42273.0,424501.0,17.51,1.66,7435324.0,22540981.0
850326.SI,20260717,钛白粉,629.5,619.01,645.18,621.41,-9.07,-1.44,16313.0,107874.0,56.64,1.57,3931072.0,6444124.0
850331.SI,20260717,氮肥,5117.06,5060.16,5317.56,5153.16,33.97,0.66,41525.0,249759.0,17.81,1.53,5424719.0,8626261.0
850332.SI,20260717,磷肥及磷化工,1881.87,1843.49,1939.36,1871.65,-15.86,-0.84,44036.0,451400.0,20.4,1.85,10461252.0,18159409.0
850333.SI,20260717,农药,3081.22,2974.12,3139.12,2997.94,-86.97,-2.82,32844.0,340705.0,26.03,1.48,9159735.0,18428256.0
850335.SI,20260717,涂料油墨,7732.1,7223.55,8033.24,7321.86,-400.95,-5.19,17064.0,409217.0,106.05,4.1,3370386.0,8366966.0
850337.SI,20260717,民爆制品,3732.07,3617.12,3820.28,3642.96,-85.38,-2.29,18874.0,260145.0,22.49,1.96,5907438.0,10893673.0
850338.SI,20260717,纺织化学制品,2314.26,2254.2,2381.7,2272.06,-58.49,-2.51,26791.0,249591.0,24.16,1.3,5517746.0,8945519.0
850339.SI,20260717,其他化学制品,2019.53,1912.32,2067.09,1934.32,-93.38,-4.61,85595.0,1211986.0,40.4,1.98,19361547.0,41025565.0
850341.SI,20260717,涤纶,5724.83,5530.49,5851.36,5641.89,-93.06,-1.62,16168.0,94740.0,26.98,1.34,2452808.0,7024260.0
850343.SI,20260717,粘胶,2511.69,2423.71,2547.02,2427.86,-85.0,-3.38,19878.0,65193.0,66.35,1.69,1281617.0,1926401.0
850351.SI,20260717,其他塑料制品,3561.84,3330.65,3613.94,3368.37,-179.53,-5.06,19177.0,262926.0,61.11,1.99,4945989.0,10071024.0
850353.SI,20260717,改性塑料,4227.69,3953.86,4290.98,3994.58,-247.77,-5.84,20841.0,393543.0,39.08,2.48,7791317.0,14117827.0
850354.SI,20260717,合成树脂,5034.82,4587.55,5104.09,4653.02,-391.0,-7.75,22470.0,607367.0,51.03,4.38,7322305.0,16659205.0
850355.SI,20260717,膜材料,3327.96,3070.49,3389.87,3087.79,-246.09,-7.38,52865.0,1023572.0,103.78,3.79,11348277.0,23514453.0
850362.SI,20260717,其他橡胶制品,3750.99,3495.11,3810.36,3522.96,-231.92,-6.18,12612.0,105388.0,87.69,2.31,2288024.0,4126516.0
850363.SI,20260717,炭黑,2834.28,2705.56,2881.72,2757.49,-75.6,-2.67,6360.0,56340.0,34.31,1.62,1082922.0,2318522.0
850372.SI,20260717,聚氨酯,16934.29,16793.93,17537.09,17239.66,301.69,1.78,15058.0,481704.0,17.95,1.96,14071796.0,24571426.0
850381.SI,20260717,复合肥,4272.67,4191.03,4361.75,4224.75,-53.68,-1.25,22401.0,135172.0,12.99,1.42,3949273.0,7268242.0
850382.SI,20260717,氟化工,8024.95,7832.25,8329.28,7916.89,-127.1,-1.58,40394.0,1229497.0,34.79,4.12,15111836.0,30413035.0
850412.SI,20260717,特钢Ⅲ,2504.37,2451.52,2555.82,2475.05,-34.6,-1.38,30334.0,185539.0,16.05,1.16,6718221.0,18708970.0
850442.SI,20260717,板材,2044.61,2017.96,2083.73,2032.98,-20.41,-0.99,152324.0,413892.0,39.15,0.76,12707526.0,41430747.0
850521.SI,20260717,其他金属新材料,7189.96,6590.78,7251.09,6634.54,-568.72,-7.9,27701.0,500977.0,72.03,3.77,7877440.0,15588408.0
850522.SI,20260717,磁性材料,9819.99,9027.74,9872.58,9081.17,-772.64,-7.84,27203.0,596759.0,53.55,3.66,8452248.0,16928501.0
850523.SI,20260717,非金属材料Ⅲ,5852.59,5282.56,5873.83,5331.33,-473.56,-8.16,9237.0,462054.0,54.2,3.3,5050691.0,11030647.0
850531.SI,20260717,黄金,20983.52,19850.96,21139.46,20194.68,-1165.71,-5.46,51299.0,1136953.0,17.77,3.12,20945997.0,38743659.0
850544.SI,20260717,其他小金属,22122.32,20750.58,22558.37,20870.72,-1388.93,-6.24,40421.0,1326033.0,49.85,3.49,16631409.0,30056077.0
850551.SI,20260717,铝,4718.35,4536.41,4761.89,4590.85,-144.74,-3.06,146255.0,1547063.0,11.5,1.7,32716057.0,57164388.0
850552.SI,20260717,铜,8299.36,8011.11,8341.09,8107.03,-353.71,-4.18,146565.0,2373331.0,14.5,3.07,76817359.0,137548758.0
850553.SI,20260717,铅锌,4513.07,4256.48,4544.26,4295.65,-265.26,-5.82,65144.0,783753.0,20.44,2.54,13748971.0,23012934.0
850614.SI,20260717,其他建材,7356.37,6956.77,7513.47,7092.95,-270.71,-3.68,21871.0,248541.0,24.64,1.67,5314675.0,10912984.0
850615.SI,20260717,耐火材料,5809.1,5563.08,5888.53,5624.74,-208.61,-3.58,7928.0,48475.0,46.76,1.58,1536272.0,2752106.0
850616.SI,20260717,管材,3612.93,3467.45,3674.31,3487.11,-133.18,-3.68,9232.0,76047.0,27.92,1.65,1400796.0,3106134.0
850623.SI,20260717,房屋建设Ⅲ,2737.65,2684.46,2790.63,2717.4,-20.26,-0.74,71055.0,287393.0,7.29,0.43,7149266.0,25249957.0
850702.SI,20260717,安防设备,14458.13,13796.57,14647.91,13934.4,-571.36,-3.94,30272.0,685045.0,21.13,2.77,19251231.0,46615041.0
850703.SI,20260717,其他计算机设备,5245.01,4857.96,5338.24,4891.28,-384.51,-7.29,118908.0,3732500.0,57.01,3.86,42901867.0,71248710.0
850711.SI,20260717,机床工具,1556.67,1453.07,1576.79,1462.87,-99.8,-6.39,25053.0,335458.0,72.49,3.52,5627390.0,11806863.0
850713.SI,20260717,磨具磨料,3487.08,3160.24,3591.93,3197.23,-281.77,-8.1,32262.0,738302.0,104.02,4.45,6382821.0,11889981.0
850715.SI,20260717,制冷空调设备,19398.95,17637.63,19695.01,17755.4,-1775.61,-9.09,20692.0,664514.0,51.89,3.2,8097427.0,16888093.0
850716.SI,20260717,其他通用设备,8943.19,8210.33,9103.5,8315.0,-624.68,-6.99,90911.0,1537414.0,40.73,3.33,18317621.0,35683327.0
850721.SI,20260717,纺织服装设备,1507.64,1406.47,1521.65,1425.88,-77.31,-5.14,20515.0,170952.0,39.42,2.38,3180602.0,7275051.0
850725.SI,20260717,能源及重型设备,2181.37,2044.46,2209.76,2058.68,-126.35,-5.78,106198.0,1283412.0,30.01,2.28,23330165.0,48240340.0
850726.SI,20260717,印刷包装机械,3383.91,3180.04,3437.17,3203.38,-192.27,-5.66,9538.0,116197.0,39.46,2.35,2311931.0,4343432.0
850727.SI,20260717,其他专用设备,22209.4,20418.34,22558.47,20638.73,-1619.03,-7.27,83844.0,2746487.0,53.68,4.26,38871126.0,77496189.0
850728.SI,20260717,楼宇设备,12856.01,12135.16,13066.08,12234.89,-631.63,-4.91,12917.0,130728.0,31.71,1.77,3211270.0,7119984.0
850731.SI,20260717,仪器仪表,6796.71,6062.85,6912.31,6123.96,-741.7,-10.8,42560.0,2005017.0,109.3,5.76,22385530.0,53653806.0
850741.SI,20260717,电机Ⅲ,12130.73,11423.45,12312.46,11492.64,-623.64,-5.15,32085.0,575884.0,43.98,2.9,11041419.0,26252851.0
850751.SI,20260717,金属制品,9120.92,8431.81,9282.12,8530.35,-621.07,-6.79,136601.0,2297418.0,57.28,2.97,30847247.0,69960894.0
850771.SI,20260717,工程机械整机,18475.16,17970.66,18683.02,18199.42,-388.91,-2.09,54769.0,570254.0,16.44,1.62,28837627.0,49775123.0
850772.SI,20260717,工程机械器件,5579.81,5277.27,5637.88,5305.89,-279.0,-5.0,4487.0,180670.0,51.26,6.84,6406881.0,18869524.0
850781.SI,20260717,机器人,14804.78,13237.28,15014.29,13395.46,-1390.91,-9.41,31746.0,1377096.0,166.4,6.46,12915160.0,22569062.0
850782.SI,20260717,工控设备,5596.47,5289.76,5662.84,5358.14,-232.29,-4.16,38867.0,1137961.0,49.79,4.33,25590650.0,42506318.0
850783.SI,20260717,激光设备,14604.86,13342.99,14797.75,13456.49,-1275.69,-8.66,23351.0,1866110.0,79.62,6.36,22685367.0,31729291.0
850784.SI,20260717,其他自动化设备,6005.21,5391.26,6087.65,5447.37,-611.29,-10.09,14762.0,806904.0,152.52,7.97,11051882.0,23376817.0
850812.SI,20260717,分立器件,4523.07,3979.11,4566.67,4123.19,-482.76,-10.48,51234.0,3456206.0,174.78,6.55,36879805.0,62679805.0
850813.SI,20260717,半导体材料,14820.52,13462.8,15201.11,13658.91,-1216.42,-8.18,74807.0,4665458.0,196.09,7.44,36118059.0,97036217.0
850814.SI,20260717,数字芯片设计,6429.5,5828.71,6534.57,5898.69,-633.6,-9.7,124965.0,19074037.0,94.03,11.96,207690387.0,451416737.0
850815.SI,20260717,模拟芯片设计,4324.25,3920.13,4403.84,3963.99,-388.65,-8.93,42098.0,2259065.0,154.53,5.17,31151690.0,54459456.0
850817.SI,20260717,集成电路封测,12429.23,11453.72,12939.88,11820.31,-815.47,-6.45,132481.0,5984493.0,94.43,5.38,34381539.0,72725640.0
850818.SI,20260717,半导体设备,79257.34,73365.92,80691.29,74661.31,-4796.67,-6.04,33839.0,7463583.0,127.08,14.71,114714206.0,213265285.0
850822.SI,20260717,印制电路板,20272.39,18535.02,20503.29,18756.94,-1961.98,-9.47,179974.0,11326249.0,84.29,11.2,127666924.0,253452585.0
850823.SI,20260717,被动元件,18056.21,16354.62,18261.65,16700.57,-1478.03,-8.13,53489.0,2420375.0,60.48,6.18,28802998.0,45868261.0
850831.SI,20260717,面板,1330.83,1270.33,1355.12,1301.29,-30.3,-2.28,516122.0,3595215.0,42.25,1.86,41848945.0,84393994.0
850832.SI,20260717,LED,1711.46,1591.27,1731.27,1604.78,-115.76,-6.73,101056.0,1037303.0,149.1,2.19,14408197.0,23685582.0
850833.SI,20260717,光学元件,5161.3,4596.26,5206.23,4633.26,-551.31,-10.63,43289.0,1707471.0,88.74,6.77,20252587.0,33928809.0
850841.SI,20260717,其他电子Ⅲ,17414.13,15676.89,17612.67,15780.65,-1763.67,-10.05,68434.0,2293945.0,55.52,5.3,21498844.0,40109054.0
850853.SI,20260717,品牌消费电子,3601.97,3430.76,3715.01,3467.04,-149.52,-4.13,19164.0,590467.0,31.24,3.56,10700420.0,27130038.0
850854.SI,20260717,消费电子零部件及组装,7636.07,6999.3,7716.94,7084.44,-616.74,-8.01,244919.0,7813208.0,35.98,4.48,114246814.0,292788468.0
850861.SI,20260717,电子化学品Ⅲ,12565.35,11571.8,12882.61,11653.17,-952.94,-7.56,107380.0,4328150.0,98.47,6.43,41451649.0,70358583.0
850912.SI,20260717,商用载货车,3455.22,3237.92,3515.07,3273.08,-160.75,-4.68,35491.0,307942.0,36.28,1.93,7435394.0,16478193.0
850913.SI,20260717,商用载客车,9074.59,8766.28,9278.36,8929.58,-131.19,-1.45,8792.0,104752.0,13.2,3.32,4820175.0,8394937.0
850922.SI,20260717,车身附件及饰件,10546.18,10076.51,10650.92,10181.88,-303.92,-2.9,37549.0,687334.0,17.44,2.03,21745622.0,41538345.0
850923.SI,20260717,底盘与发动机系统,6376.56,5954.1,6452.07,6022.35,-377.19,-5.89,149786.0,2526795.0,26.33,2.47,48953640.0,90738742.0
850924.SI,20260717,轮胎轮毂,3456.71,3363.86,3525.24,3385.93,-78.93,-2.28,30800.0,305684.0,16.1,1.42,9900514.0,22950258.0
850925.SI,20260717,其他汽车零部件,2622.82,2436.01,2659.85,2452.68,-176.39,-6.71,48550.0,882187.0,33.35,2.11,14370144.0,30936526.0
850926.SI,20260717,汽车电子电气系统,4312.61,4001.66,4371.37,4038.02,-281.12,-6.51,57619.0,829849.0,33.94,2.58,14322624.0,36432462.0
850935.SI,20260717,航海装备Ⅲ,2975.73,2885.0,2995.02,2902.24,-101.92,-3.39,26115.0,719990.0,24.66,1.98,23185853.0,45138543.0
850936.SI,20260717,轨交设备Ⅲ,5376.7,5240.11,5476.08,5300.72,-90.51,-1.68,56947.0,428904.0,17.22,1.13,12907797.0,34615930.0
850952.SI,20260717,综合乘用车,5644.96,5520.98,5724.6,5558.86,-86.78,-1.54,26592.0,198417.0,17.83,0.66,8919379.0,32451799.0
851024.SI,20260717,通信网络设备及器件,50460.31,44917.08,51028.24,46450.44,-6042.61,-11.51,129848.0,15966360.0,74.19,14.02,198134848.0,294003247.0
851025.SI,20260717,通信线缆及配套,9089.08,8285.36,9251.21,8296.12,-922.05,-10.0,80152.0,3511678.0,62.15,5.1,31784815.0,55801551.0
851026.SI,20260717,通信终端及配件,2204.51,2072.98,2253.0,2096.65,-129.24,-5.81,55030.0,1527178.0,61.3,4.8,18736791.0,35374336.0
851027.SI,20260717,其他通信设备,1648.49,1564.46,1691.62,1576.05,-86.34,-5.19,10209.0,202899.0,74.73,3.36,3642037.0,7047528.0
851041.SI,20260717,垂直应用软件,4706.09,4466.62,4824.9,4501.61,-221.41,-4.69,182157.0,3820492.0,77.63,4.3,54364604.0,100008414.0
851042.SI,20260717,横向通用软件,22770.86,21601.77,23348.84,21908.81,-1000.72,-4.37,69582.0,1622271.0,81.15,3.34,28204488.0,49622170.0
851112.SI,20260717,空调,40848.31,40450.37,41392.62,41002.39,327.5,0.81,12997.0,676698.0,11.39,2.16,55603639.0,82500253.0
851116.SI,20260717,冰洗,11256.52,11081.47,11376.25,11135.26,-154.11,-1.37,12915.0,146522.0,11.32,1.58,9158616.0,16929508.0
851122.SI,20260717,其他黑色家电,1846.19,1730.57,1872.39,1742.55,-110.81,-5.98,8764.0,96991.0,58.89,2.39,1773932.0,3355739.0
851131.SI,20260717,厨房小家电,3142.41,3051.45,3190.53,3078.16,-62.5,-1.99,5412.0,58047.0,22.81,2.49,1931707.0,7190605.0
851141.SI,20260717,厨房电器,12398.28,11961.56,12674.62,12002.84,-265.38,-2.16,5045.0,59920.0,19.64,1.5,1541564.0,3358462.0
851151.SI,20260717,照明设备Ⅲ,4357.68,4079.26,4420.59,4143.39,-217.32,-4.98,12885.0,124809.0,50.38,1.85,2487140.0,7738914.0
851161.SI,20260717,家电零部件Ⅲ,6748.33,6261.47,6814.49,6401.83,-366.07,-5.41,42452.0,870333.0,37.66,3.42,15760362.0,30297991.0
851232.SI,20260717,啤酒,3978.01,3930.45,4046.57,3944.37,-35.14,-0.88,8361.0,133121.0,17.61,2.58,4201570.0,11619852.0
851233.SI,20260717,其他酒类,3365.98,3276.68,3447.56,3304.8,-48.91,-1.46,13039.0,131363.0,44.22,2.14,2489709.0,5590638.0
851241.SI,20260717,肉制品,5500.39,5363.8,5639.31,5415.26,-80.83,-1.47,40921.0,224551.0,26.38,2.56,4175515.0,11356035.0
851242.SI,20260717,调味发酵品Ⅲ,5898.21,5763.85,6001.1,5794.43,-122.02,-2.06,36467.0,470023.0,26.55,3.27,12330259.0,33023815.0
851243.SI,20260717,乳品,8395.64,8316.73,8522.44,8351.66,-6.46,-0.08,31626.0,400638.0,15.68,2.56,18108681.0,24382599.0
851246.SI,20260717,预加工食品,3242.76,3103.02,3301.74,3137.02,-119.34,-3.66,6251.0,123398.0,20.27,1.68,3247423.0,5794120.0
851247.SI,20260717,保健品,1019.59,950.03,1042.72,955.59,-19.21,-1.97,20862.0,112023.0,33.05,1.73,2101829.0,5100300.0
851251.SI,20260717,白酒Ⅲ,35876.75,34967.21,36045.63,35285.34,-409.18,-1.15,25819.0,1711514.0,18.94,3.51,94397823.0,236115514.0
851271.SI,20260717,软饮料,2885.04,2722.45,2931.07,2739.79,-151.39,-5.24,10373.0,207603.0,21.87,3.68,6548997.0,16483807.0
851281.SI,20260717,零食,1606.7,1550.53,1641.16,1556.12,-54.27,-3.37,11161.0,136343.0,12.96,1.95,2737556.0,5806546.0
851282.SI,20260717,烘焙食品,946.09,912.21,964.19,918.4,-27.82,-2.94,5409.0,53327.0,24.56,1.84,1424023.0,3656929.0
851312.SI,20260717,棉纺,1919.0,1842.56,1951.74,1883.8,-31.25,-1.63,16182.0,123330.0,17.74,1.03,2130636.0,4439898.0
851314.SI,20260717,印染,1694.41,1627.37,1722.67,1644.08,-66.18,-3.87,6197.0,59767.0,16.8,1.36,632631.0,1582548.0
851315.SI,20260717,辅料,4781.05,4717.45,4908.55,4768.97,-139.36,-2.84,2703.0,36187.0,21.72,2.38,1084351.0,2039498.0
851316.SI,20260717,其他纺织,1681.44,1584.12,1706.41,1601.91,-80.82,-4.8,17758.0,137380.0,31.91,1.87,2676429.0,6077450.0
851325.SI,20260717,鞋帽及其他,910.35,849.44,926.81,860.97,-35.22,-3.93,15343.0,179988.0,84.29,3.27,1914721.0,4004542.0
851326.SI,20260717,家纺,1594.41,1549.62,1623.59,1571.37,-22.59,-1.42,3992.0,34240.0,19.1,1.85,1119413.0,2903468.0
851329.SI,20260717,非运动服装,1470.35,1414.22,1498.23,1427.52,-43.94,-2.99,56511.0,329897.0,21.32,1.34,7960624.0,21099946.0
851331.SI,20260717,钟表珠宝,1311.04,1261.8,1330.86,1274.79,-50.88,-3.84,25560.0,151249.0,17.11,1.72,3611892.0,9095499.0
851412.SI,20260717,大宗用纸,3243.8,3159.8,3304.9,3179.34,-66.82,-2.06,25726.0,114952.0,21.78,0.93,4569157.0,8359223.0
851413.SI,20260717,特种纸,1427.94,1351.75,1443.37,1367.65,-67.19,-4.68,25086.0,160537.0,36.77,1.51,2642615.0,5724662.0
851422.SI,20260717,印刷,3386.73,3270.11,3465.72,3323.96,-68.45,-2.02,3861.0,26578.0,48.87,2.81,584523.0,1124728.0
851423.SI,20260717,金属包装,1894.72,1780.52,1921.8,1807.03,-92.25,-4.86,14466.0,123853.0,30.51,1.99,2238868.0,4970599.0
851424.SI,20260717,塑料包装,3107.34,2928.12,3134.44,2946.03,-151.57,-4.89,9533.0,98985.0,19.18,2.48,1980840.0,3850663.0
851425.SI,20260717,纸包装,2099.57,1942.7,2122.56,1966.08,-132.93,-6.33,32251.0,251964.0,46.42,1.99,5270856.0,10772573.0
851436.SI,20260717,瓷砖地板,763.72,710.96,774.58,719.65,-45.02,-5.89,16323.0,172920.0,50.12,1.52,2198635.0,7225100.0
851437.SI,20260717,成品家居,1200.23,1139.42,1223.18,1153.18,-50.52,-4.2,20111.0,175703.0,21.12,1.67,3703675.0,9517760.0
851438.SI,20260717,定制家居,1394.62,1330.42,1432.67,1342.41,-55.82,-3.99,6576.0,90309.0,19.65,1.28,2186471.0,6053162.0
851439.SI,20260717,卫浴制品,424.43,403.55,430.12,408.3,-15.67,-3.7,4305.0,30420.0,41.72,1.34,782228.0,3028023.0
851452.SI,20260717,娱乐用品,1429.24,1334.76,1447.31,1349.97,-79.61,-5.57,8863.0,108335.0,75.94,3.26,2171364.0,5106176.0
851491.SI,20260717,其他家居用品,1415.13,1355.34,1439.77,1369.65,-43.44,-3.07,15880.0,191798.0,28.1,2.44,4284494.0,16558987.0
851511.SI,20260717,原料药,10657.18,9918.77,10834.27,10069.04,-681.78,-6.34,83001.0,1302878.0,48.73,2.52,15702065.0,32824706.0
851512.SI,20260717,化学制剂,8755.34,8157.26,8875.24,8232.35,-604.94,-6.85,402203.0,6166002.0,39.03,3.2,84191530.0,168354177.0
851521.SI,20260717,中药Ⅲ,5878.91,5658.94,5991.08,5713.44,-188.36,-3.19,209747.0,2363790.0,23.75,1.97,39241497.0,78353962.0
851522.SI,20260717,血液制品,6291.0,6096.49,6354.71,6121.21,-198.15,-3.14,18439.0,146381.0,31.0,1.32,4653577.0,10237370.0
851523.SI,20260717,疫苗,9769.17,9203.43,9867.75,9286.32,-592.56,-6.0,25335.0,386532.0,57.07,1.61,8443256.0,15369688.0
851524.SI,20260717,其他生物制品,10428.76,9629.74,10541.48,9697.78,-851.84,-8.07,47236.0,1211397.0,40.17,3.03,18064819.0,39902277.0
851532.SI,20260717,医疗设备,8316.88,7951.21,8442.7,8034.3,-319.55,-3.83,35846.0,1065393.0,35.43,3.12,25422920.0,53740215.0
851533.SI,20260717,医疗耗材,5460.04,5167.52,5529.92,5222.7,-240.92,-4.41,43411.0,838782.0,33.93,2.19,18834671.0,40552426.0
851534.SI,20260717,体外诊断,7591.11,7192.65,7684.75,7276.78,-225.89,-3.01,30985.0,802654.0,39.72,1.69,13209334.0,27509548.0
851542.SI,20260717,医药流通,2629.13,2527.14,2670.33,2536.36,-113.72,-4.29,76943.0,593975.0,17.82,1.05,7911221.0,21439938.0
851543.SI,20260717,线下药店,11340.85,10982.1,11548.63,11035.98,-396.57,-3.47,10936.0,165226.0,17.3,1.7,3380412.0,7792170.0
851563.SI,20260717,医疗研发外包,15472.92,14189.71,15645.71,14261.93,-1395.47,-8.91,81990.0,3467617.0,24.62,3.57,42344175.0,65578788.0
851564.SI,20260717,医院,4002.91,3845.94,4068.86,3883.39,-162.14,-4.01,67503.0,532933.0,40.16,3.29,10040240.0,18706062.0
851610.SI,20260717,电能综合服务,2817.62,2789.44,2930.78,2844.46,21.43,0.76,131237.0,567968.0,36.49,1.07,9564234.0,23604723.0
851611.SI,20260717,火力发电,2940.96,2915.98,3075.43,3000.54,48.02,1.63,359138.0,2381960.0,12.75,1.12,25268045.0,86058387.0
851612.SI,20260717,水力发电,5263.58,5220.26,5399.8,5353.42,2.54,0.05,83275.0,1291473.0,19.11,2.52,37354369.0,125017672.0
851614.SI,20260717,热力服务,2219.69,2120.53,2286.17,2159.68,-68.28,-3.06,56783.0,438622.0,36.08,1.95,5265847.0,12342903.0
851616.SI,20260717,光伏发电,814.98,789.35,838.05,809.26,-8.12,-0.99,112567.0,465378.0,65.29,1.29,6669270.0,11781761.0
851617.SI,20260717,风力发电,1127.91,1115.8,1163.07,1136.53,4.09,0.36,126516.0,767635.0,37.28,1.31,14168266.0,67226214.0
851631.SI,20260717,燃气Ⅲ,3006.51,2935.07,3104.44,2966.35,-49.43,-1.64,54297.0,620578.0,22.47,1.76,9300426.0,24609821.0
851711.SI,20260717,港口,3790.68,3755.8,3876.17,3807.68,16.31,0.43,64131.0,277066.0,13.92,0.91,8228943.0,47618465.0
851721.SI,20260717,公交,2332.55,2172.03,2373.85,2184.78,-67.61,-3.0,18026.0,91578.0,62.9,1.29,1158173.0,2258903.0
851731.SI,20260717,高速公路,3093.63,3064.59,3170.56,3096.9,5.32,0.17,34948.0,193234.0,14.68,0.93,8000622.0,33013883.0
851741.SI,20260717,航空运输,1677.14,1657.89,1699.3,1669.11,-15.52,-0.92,68508.0,272911.0,25.16,2.66,12741846.0,36211425.0
851761.SI,20260717,航运,2420.38,2381.43,2467.45,2400.18,-30.75,-1.27,84555.0,706723.0,12.7,1.37,17841924.0,53895655.0
851771.SI,20260717,铁路运输,764.73,761.51,782.08,770.81,5.38,0.7,61182.0,312588.0,16.99,0.78,10914745.0,37237491.0
851782.SI,20260717,原材料供应链服务,2735.39,2689.24,2782.0,2702.6,-33.94,-1.24,22122.0,118494.0,17.64,0.51,5060626.0,10905512.0
851783.SI,20260717,中间产品及消费品供应链服务,916.75,863.34,938.94,875.09,-46.23,-5.02,8909.0,77573.0,57.13,2.09,1246116.0,2528277.0
851784.SI,20260717,快递,2263.23,2215.71,2291.93,2230.92,-38.21,-1.68,12672.0,200260.0,13.83,1.56,11246526.0,25747712.0
851785.SI,20260717,跨境物流,1318.18,1288.44,1343.83,1296.77,-19.45,-1.48,12852.0,98802.0,13.56,1.45,3819302.0,14566376.0
851786.SI,20260717,仓储物流,2934.97,2855.65,3015.55,2871.55,-58.69,-2.0,8199.0,83472.0,24.92,1.2,1679757.0,3215896.0
851787.SI,20260717,公路货运,2183.92,2097.73,2234.75,2112.79,-65.28,-3.0,6974.0,33308.0,31.62,0.99,837830.0,2172130.0
851811.SI,20260717,住宅开发,2073.56,1980.95,2115.95,1994.23,-94.56,-4.53,350554.0,1385775.0,14.89,0.69,26757352.0,54329857.0
851812.SI,20260717,商业地产,2294.53,2228.18,2353.83,2248.64,-52.62,-2.29,37974.0,171686.0,70.94,0.64,5259620.0,17401733.0
851813.SI,20260717,产业地产,2387.78,2299.01,2414.62,2313.26,-97.29,-4.04,15254.0,138463.0,36.88,1.56,4519353.0,11752951.0
851831.SI,20260717,物业管理,526.56,501.35,538.52,505.43,-22.06,-4.18,12110.0,56318.0,30.83,1.83,1271350.0,2788312.0
851922.SI,20260717,金融控股,2135.5,2102.1,2177.32,2112.75,-27.37,-1.28,30948.0,185961.0,19.86,0.8,4833094.0,19334508.0
851927.SI,20260717,资产管理,1998.33,1896.98,2028.97,1904.63,-83.81,-4.22,6120.0,64929.0,40.72,2.2,1384884.0,3723431.0
851931.SI,20260717,证券Ⅲ,6307.74,6208.49,6413.22,6231.45,-95.13,-1.5,395347.0,4386507.0,15.41,1.19,156355239.0,319333868.0
851941.SI,20260717,保险Ⅲ,1139.41,1132.69,1156.72,1138.53,-7.19,-0.63,34537.0,1192459.0,6.61,0.97,68158083.0,194558846.0
852021.SI,20260717,贸易Ⅲ,3930.8,3795.55,3981.37,3813.13,-130.2,-3.3,20626.0,124207.0,20.53,1.2,3721691.0,11710603.0
852031.SI,20260717,百货,2037.57,1955.06,2109.18,1975.51,-63.84,-3.13,79869.0,347676.0,147.02,1.2,5535294.0,11313271.0
852032.SI,20260717,超市,8549.85,8034.13,8825.38,8103.39,-464.26,-5.42,66684.0,383808.0,36.68,3.73,4545483.0,10214504.0
852033.SI,20260717,多业态零售,1618.81,1555.17,1658.03,1569.89,-52.89,-3.26,29478.0,177188.0,21.73,0.96,3198220.0,6213338.0
852034.SI,20260717,商业物业经营,2402.31,2306.22,2447.63,2343.69,-72.05,-2.98,47612.0,268343.0,27.75,1.26,6797332.0,16829596.0
852041.SI,20260717,专业连锁Ⅲ,3535.33,3452.93,3670.9,3504.8,-95.1,-2.64,19252.0,184179.0,57.83,2.65,2538426.0,4426184.0
852062.SI,20260717,跨境电商,635.69,613.3,652.16,617.53,-23.35,-3.64,22405.0,174741.0,35.62,3.88,2252165.0,4499564.0
852063.SI,20260717,电商服务,2356.02,2222.87,2418.55,2266.76,-93.69,-3.97,24699.0,229919.0,102.01,2.98,2229283.0,3886722.0
852111.SI,20260717,人工景区,26814.46,26040.12,27256.08,26205.32,-698.48,-2.6,7811.0,67610.0,33.16,1.79,1775460.0,3172170.0
852112.SI,20260717,自然景区,2058.46,1978.49,2091.61,1998.21,-72.65,-3.51,15604.0,139411.0,38.08,2.45,2756116.0,5875686.0
852121.SI,20260717,酒店,2185.38,2140.84,2230.92,2149.34,-42.43,-1.94,5457.0,62702.0,19.29,1.2,1794297.0,3949546.0
852131.SI,20260717,旅游综合,10534.18,10082.63,10717.4,10134.23,-423.16,-4.01,10468.0,64353.0,83.43,2.87,1480436.0,2971958.0
852182.SI,20260717,检测服务,4346.34,4022.04,4382.36,4052.23,-305.77,-7.02,24215.0,376820.0,31.89,2.76,6235343.0,12611403.0
852183.SI,20260717,会展服务,1794.89,1722.82,1874.51,1788.93,16.46,0.93,2916.0,31169.0,27.75,1.77,526617.0,1380874.0
852213.SI,20260717,通信工程及服务,804.61,758.5,820.85,770.16,-39.95,-4.93,39836.0,439449.0,590.13,3.12,4982488.0,7863345.0
852214.SI,20260717,通信应用增值服务,2377.95,2232.98,2448.03,2296.04,-106.05,-4.42,58553.0,953189.0,47.47,4.28,12551171.0,23353639.0
852226.SI,20260717,IT服务Ⅲ,4086.83,3816.71,4173.51,3862.68,-258.62,-6.28,317991.0,5474128.0,104.87,3.11,72336896.0,120021894.0
852311.SI,20260717,综合Ⅲ,4274.8,4023.12,4320.72,4065.19,-256.43,-5.93,68119.0,452511.0,89.35,2.65,9432695.0,18695286.0
857111.SI,20260717,水泥制造,3906.4,3841.09,4006.17,3900.18,-9.31,-0.24,29076.0,254996.0,18.4,0.59,8692724.0,19383207.0
857112.SI,20260717,水泥制品,829.38,799.87,846.76,810.18,-20.43,-2.46,7281.0,33986.0,226.25,1.57,954719.0,1973523.0
857121.SI,20260717,玻璃制造,2717.18,2654.75,2784.89,2703.23,-25.89,-0.95,30686.0,143076.0,171.03,1.14,2489788.0,4651084.0
857122.SI,20260717,玻纤制造,101372.05,91835.05,102693.51,93443.7,-8466.63,-8.31,55371.0,2054811.0,54.39,5.38,18757410.0,58982188.0
857221.SI,20260717,装修装饰Ⅲ,3912.07,3682.61,3963.93,3704.93,-232.24,-5.9,40756.0,222276.0,64.96,2.26,4654426.0,10086648.0
857236.SI,20260717,基建市政工程,1599.51,1578.49,1626.09,1589.66,-7.82,-0.49,117913.0,524624.0,8.42,0.45,21753585.0,61770854.0
857241.SI,20260717,钢结构,2220.72,2166.59,2275.67,2187.09,-37.28,-1.68,19203.0,95653.0,26.27,1.13,2631851.0,5548958.0
857242.SI,20260717,化学工程,1250.01,1220.53,1267.84,1228.92,-27.06,-2.15,13212.0,107524.0,9.28,0.86,3494885.0,7100384.0
857243.SI,20260717,国际工程,1216.01,1197.06,1241.43,1200.13,-13.6,-1.12,9962.0,76686.0,11.26,0.84,1790293.0,4711997.0
857244.SI,20260717,其他专业工程,2484.78,2347.44,2557.35,2354.89,-138.38,-5.55,40387.0,549510.0,58.26,1.22,7913721.0,20032962.0
857251.SI,20260717,园林工程,5466.26,5059.74,5578.29,5119.21,-332.17,-6.09,43281.0,136484.0,1120.76,2.27,2104577.0,3946885.0
857261.SI,20260717,工程咨询服务Ⅲ,2075.84,1937.87,2117.68,1956.7,-121.54,-5.85,57709.0,849983.0,42.27,1.75,8696992.0,18728891.0
857321.SI,20260717,电网自动化设备,7414.64,7149.23,7577.2,7243.19,-183.56,-2.47,46474.0,901206.0,26.67,3.22,21207041.0,43145273.0
857323.SI,20260717,电工仪器仪表,8014.5,7722.62,8213.05,7831.94,-221.13,-2.75,17149.0,262379.0,29.91,1.89,3778506.0,8135408.0
857334.SI,20260717,火电设备,3560.45,3374.6,3597.12,3408.33,-146.53,-4.12,4400.0,39558.0,22.4,1.72,1054066.0,2074928.0
857336.SI,20260717,其他电源设备Ⅲ,2010.37,1859.45,2033.57,1878.74,-165.6,-8.1,42199.0,1389293.0,80.23,4.11,21162377.0,40256900.0
857344.SI,20260717,线缆部件及其他,11808.77,11126.92,11943.46,11227.05,-622.53,-5.25,107377.0,1064476.0,45.67,2.79,15529662.0,29861553.0
857352.SI,20260717,光伏电池组件,900.78,866.94,913.78,874.87,-25.34,-2.81,86501.0,720456.0,127.87,2.0,19884962.0,36372068.0
857354.SI,20260717,光伏辅材,752.61,704.64,762.07,710.48,-41.53,-5.52,24481.0,413140.0,55.06,1.97,7225981.0,14903313.0
857355.SI,20260717,光伏加工设备,2039.77,1853.07,2053.16,1879.99,-153.3,-7.54,13023.0,697607.0,39.8,3.3,12192382.0,24959651.0
857362.SI,20260717,风电零部件,6413.71,6001.24,6477.99,6063.88,-359.57,-5.6,42235.0,624143.0,29.9,1.55,10004731.0,19822670.0
857371.SI,20260717,锂电池,27490.25,26430.98,27801.74,26558.84,-622.05,-2.29,76875.0,4381690.0,23.0,3.83,131131168.0,221964577.0
857372.SI,20260717,电池化学品,15016.02,14378.45,15277.73,14496.34,-540.94,-3.6,90626.0,2211995.0,34.92,2.22,43972123.0,73349049.0
857373.SI,20260717,锂电专用设备,15069.59,13994.35,15266.53,14093.37,-1013.4,-6.71,17098.0,483307.0,40.16,2.95,8690552.0,16167808.0
857375.SI,20260717,蓄电池及其他电池,1685.01,1570.29,1705.84,1580.71,-106.41,-6.31,13892.0,214869.0,32.99,2.16,3325205.0,7250674.0
857381.SI,20260717,输变电设备,6792.2,6619.49,6980.67,6702.64,-124.76,-1.83,70516.0,1226854.0,26.07,2.45,29326863.0,48204006.0
857382.SI,20260717,配电设备,2183.29,2103.67,2219.84,2119.33,-69.31,-3.17,31672.0,412443.0,22.39,1.71,8298334.0,17564561.0
857411.SI,20260717,航天装备Ⅲ,26835.31,24764.83,27362.2,25360.93,-1804.23,-6.64,33945.0,1048748.0,372.06,4.64,11203268.0,36582263.0
857421.SI,20260717,航空装备Ⅲ,7925.31,7579.3,8009.78,7627.19,-325.69,-4.1,56674.0,1396535.0,59.98,2.87,40647984.0,84174857.0
857431.SI,20260717,地面兵装Ⅲ,13627.75,13004.12,13756.26,13100.17,-548.52,-4.02,19828.0,256336.0,97.25,2.54,5584707.0,11491816.0
857451.SI,20260717,军工电子Ⅲ,5920.0,5481.68,5995.22,5535.39,-419.7,-7.05,99207.0,2742396.0,85.08,3.97,44278708.0,94677473.0
857641.SI,20260717,游戏Ⅲ,2857.35,2687.84,2913.36,2704.85,-172.53,-6.0,137552.0,2196401.0,23.16,3.06,31206344.0,45971872.0
857651.SI,20260717,营销代理,2213.34,2071.7,2302.18,2088.21,-145.19,-6.5,162863.0,1444842.0,169.72,3.52,12844828.0,16957252.0
857661.SI,20260717,影视动漫制作,1121.62,1052.91,1144.47,1058.6,-65.34,-5.81,95143.0,682767.0,190.76,2.43,6950644.0,13659721.0
857674.SI,20260717,门户网站,1402.75,1350.27,1444.98,1359.68,-44.32,-3.16,8250.0,148355.0,80.97,3.48,2133012.0,4787439.0
857691.SI,20260717,教育出版,179.5,176.49,182.54,177.52,-1.38,-0.77,13755.0,111204.0,13.1,1.17,3181800.0,11344578.0
857692.SI,20260717,大众出版,1853.38,1771.49,1892.77,1782.08,-78.74,-4.23,25202.0,280357.0,41.09,1.73,4716706.0,12720306.0
857821.SI,20260717,国有大型银行Ⅲ,1867.95,1865.18,1914.47,1907.71,37.88,2.03,234404.0,1624902.0,7.25,0.6,72692876.0,659276163.0
857831.SI,20260717,股份制银行Ⅲ,4051.56,4036.89,4100.79,4066.84,19.31,0.48,135324.0,1194506.0,5.41,0.43,95946874.0,241228439.0
857841.SI,20260717,城商行Ⅲ,1020.44,1016.66,1037.12,1024.03,3.98,0.39,111469.0,924808.0,5.76,0.51,60300921.0,121168886.0
857851.SI,20260717,农商行Ⅲ,757.09,753.57,773.68,758.4,1.62,0.21,56764.0,259896.0,5.66,0.53,14239572.0,23720355.0
858811.SI,20260717,其他运输设备,1484.92,1417.89,1501.57,1431.27,-54.62,-3.68,3937.0,52400.0,19.12,2.2,1287932.0,3389538.0
858812.SI,20260717,摩托车,4263.77,4101.03,4347.01,4140.12,-138.38,-3.23,7750.0,179154.0,24.83,3.11,6555000.0,14468827.0
859511.SI,20260717,动力煤,2018.08,1989.67,2074.15,2019.51,1.43,0.07,67416.0,868220.0,16.76,1.79,31036947.0,150160405.0
859512.SI,20260717,焦煤,4198.25,4088.07,4280.4,4096.38,-103.16,-2.46,37750.0,261916.0,32.97,0.83,8617703.0,22053616.0
859521.SI,20260717,焦炭Ⅲ,1081.26,1040.58,1107.18,1047.58,-34.15,-3.16,25755.0,78197.0,524.48,1.13,2285015.0,4412359.0
859621.SI,20260717,油田服务,686.42,669.81,707.28,676.13,-10.13,-1.48,36512.0,195300.0,19.94,1.82,2964451.0,11322358.0
859622.SI,20260717,油气及炼化工程,2975.89,2870.72,3077.58,2952.59,-12.68,-0.43,37058.0,322703.0,28.11,1.2,2891657.0,6355246.0
859631.SI,20260717,炼油化工,3115.62,3089.62,3197.46,3162.72,51.98,1.67,100319.0,833888.0,16.81,1.13,25805101.0,253833854.0
859632.SI,20260717,油品石化贸易,5874.99,5713.56,5989.47,5761.4,-124.19,-2.11,19839.0,147090.0,33.48,1.56,2949024.0,5762361.0
859633.SI,20260717,其他石化,2311.7,2252.93,2386.21,2294.19,-22.09,-0.95,26499.0,206314.0,29.33,1.35,5994417.0,10463629.0
859711.SI,20260717,大气治理,2453.95,2333.15,2518.9,2358.01,-89.62,-3.66,4057.0,39033.0,121.24,2.74,596654.0,1382828.0
859712.SI,20260717,水务及水治理,1320.82,1261.63,1346.94,1272.19,-49.32,-3.73,81922.0,574913.0,20.52,1.05,11479306.0,26369613.0
859713.SI,20260717,固废治理,2131.57,2029.46,2158.91,2041.17,-97.4,-4.55,60466.0,562101.0,18.25,1.54,12505678.0,29134543.0
859714.SI,20260717,综合环境治理,1491.84,1413.56,1527.93,1427.0,-74.45,-4.96,29198.0,186012.0,62.06,2.04,3444757.0,6114697.0
859721.SI,20260717,环保设备Ⅲ,2061.5,1917.53,2104.3,1949.83,-132.15,-6.35,39622.0,481892.0,36.13,2.12,7441653.0,14332838.0
859811.SI,20260717,生活用纸,1167.43,1126.93,1189.1,1141.37,-28.94,-2.47,7656.0,112511.0,25.59,1.79,1869928.0,5030020.0
859821.SI,20260717,化妆品制造及其他,2310.26,2175.22,2346.9,2193.99,-124.72,-5.38,5171.0,42339.0,47.45,2.32,918976.0,1718999.0
859822.SI,20260717,品牌化妆品,6973.52,6580.48,7103.17,6632.28,-350.75,-5.02,10763.0,231293.0,24.09,2.38,3038229.0,8751659.0
859852.SI,20260717,培训教育,481.73,458.45,488.77,462.07,-16.33,-3.41,27635.0,149582.0,61.81,6.15,3302705.0,5295741.0
859951.SI,20260717,电视广播Ⅲ,957.73,921.55,977.16,926.63,-34.78,-3.62,42287.0,217211.0,59.07,1.02,5940196.0,12849730.0
